0.102595406
0.0698971821
-0.054793031
-0.0548457464
-0.0065717902
0.106763861
0.0408508675
-0.0246046615
-0.106358488
-0.0490220901
-0.032779189
-0.0869626469
-0.0822464098
-0.0210780154
-0.0203444205
-0.00452167511
-0.106839159
-0.00819869529
-0.0590272871
-0.00452712343
-0.0586855638
-0.0501797956
0.0235446369
-0.0215466006
0.0470377893
0.0773990127
-0.022875995
-0.0319273025
-0.0881614252
0.0365925011
-0.0966110116
0.0225392768
-0.0731416019
-0.0111758566
0.0537307937
-0.107671938
-0.0604377924
-0.00527598982
-0.0165286571
-0.0545750252
0.0946044394
0.0855230952
0.0186895987
0.0599220656
-0.0190690341
-0.0682027704
0.0205090455
0.091029634
-0.00296433809
0.0961101406
0.10438007
0.0846222311
0.00210153427
-0.104587893
-0.0965220415
0.0193036826
-0.105111621
0.00961486898
0.0112583935
-0.0623746122
-0.0977578793
-0.0529309183
0.0562125367
0.014476139
-0.0865559854
0.0608706079
0.0957057829
-0.0947079212
-0.0945397397
0.106881279
-0.0132434924
0.0262356869
-0.0301556228
0.0869532631
-0.0957817479
-0.0183388451
-0.0263671673
0.0534303183
0.0124837773
0.0500932806
0.0183963566
-0.107726348
0.0610881742
0.0993033323
-0.0111602527
0.0619619143
0.00960580701
0.0123133088
0.0329360328
-0.0720925492
0.0793939577
0.00516099785
0.0511046156
0.0316138761
0.0813378916
0.0626089382
-0.0516085515
-0.103696253
0.0341330315
0.0654406201
0.0844857467
-0.0351946049
0.0349828886
0.0942037171
-0.0412053817
-0.0850948676
-0.0417721274
-0.0718603646
-0.0164475151
-0.0029284224
-0.0499222935
0.0674172067
0.0956576397
0.0187161271
-0.0610375153
-0.103604596
-0.0887460219
-0.0441250729
0.000759445508
-0.0378416002
0.0326677166
0.090893556
-0.0020117177
0.00281910107
-0.00742201059
0.0458668956
-0.0410984517
-0.082027193
-0.0853381909
0.0837665557
-0.0778033985
0.0786258511
0.0867308108
-0.0392746778
-0.0296852525
0.0103754624
0.0952979568
-0.0555133352
0.0534088159
0.0430882418
0.0433091294
-0.0921547639
-0.096262441
-0.0688447875
0.0890569317
-0.0692481489
-0.0355071917
-0.102176051
0.0998733913
-0.0583318578
0.0115178575
0.0382478658
-0.0170105507
-0.0674689061
-0.0829456972
0.105699638
-0.00956240809
-0.0900432154
-0.00336491605
0.0119390493
-0.0359959832
-0.092536383
0.042193252
-0.0720432135
0.0701151856
-0.0817143398
0.0261304712
0.0651932589
0.0649118407
-0.0112906794
-0.0703664204
0.0323504593
-0.0608250941
0.0790441283
-0.0982572939
-0.007374425
0.0167050587
-0.0663091326
-0.0854184914
0.0136486206
-0.0859600354
0.0582918914
-0.0281201624
0.0522544056
0.0940169184
-0.0487268795
0.0448548131
0.0744412758
0.104934325
-0.100789361
-0.005268982
-0.0173071436
0.0253786726
-0.0637468251
-0.063655951
-0.0199197454
0.10184882
0.0198768589
0.0838150593
0.00694374575
0.101820198
-0.0619864456
0.106162432
-0.0397478194
-0.0779786138
0.0185214892
-0.00409911667
0.00651866836
-0.0481939395
-0.101322012
-0.0153057318
-0.0651647344
-0.0411969287
-0.0036369783
0.0657388404
-0.0531349809
-0.0351239116
0.0960101387
0.0192211172
-0.0841638349
0.105220038
-0.0701422054
0.0314645938
0.0395772988
-0.0104201139
-0.0255735217
-0.0261884382
0.080406169
-0.022854156
-0.0222296594
-0.0813624053
0.00196431299
-0.0788112633
0.0126278628
0.0153216912
-0.0186218058
-0.0310772321
-0.0675049664
0.0656695975
-0.0553915028
0.0707722799
0.0181909926
0.023570327
0.0713608253
-0.0670678407
0.0829527293
0.0987470654
-0.0368022936
-0.0424363823
-0.028967961
-0.0230246905
0.100688931
-0.0609535537
0.100730238
0.0200906044
-0.0337846539
0.0803204137
-0.0934724965
0.015650433
-0.00203427357
-0.0791493939
-0.105543941
-0.0795334177
-0.0328319032
0.0381662569
-0.0736064814
0.0127022254
-0.0589157339
0.0965160838
-0.0112771076
0.0954322511
0.0774615186
0.066133805
0.00189737905
0.0438539145
-0.0508971079
0.0895359196
0.0227940203
0.0810268112
-0.0309164987
-0.015552455
-0.0434537207
-0.101081833
0.0473287464
0.0457623249
0.0524792073
0.073761373
-0.0893198747
-0.0200005844
0.013418437
-0.0897895893
-0.0544904499
0.0665496975
0.0739622116
0.0219790726
0.022074833
0.0361471819
-0.104367231
0.0817770573
0.00755156905
-0.0458574573
0.0787660643
-0.0142409751
0.0224432952
-0.0782599822
-0.0253801625
0.0212696963
0.0239648078
0.0571466766
0.014528589
-0.0793957416
-0.0927328844
0.00396060104
0.0146130384
-0.0999538849
-0.0709472091
-0.0157770503
-0.0321707537
-0.0158179467
0.0610682505
0.0900651036
-0.0130384129
-0.0405555981
0.0517093698
0.00936803423
-0.0270909229
0.101058754
0.0118841936
0.0633088609
0.00178539519
0.0661248514
-0.00577198016
0.10273219
-0.0585156929
0.0930613457
-0.0630011096
0.0794815028
-0.0711499001
0.0428924289
0.0621951123
-0.0747812877
0.0776384066
0.0963604874
-0.0148274346
0.10681574
0.0192779317
0.0330427676
0.021259917
-0.0573127196
-0.0183943622
-0.0258542449
-0.0632807894
-0.0513899176
-0.0626400507
0.0466591709
0.0740361064
0.0987441559
0.0187562638
-0.0637034734
-0.00869557842
0.0213366313
0.107335952
-0.0513534221
-0.10146949
0.0427768448
0.105285688
-0.0517486318
0.0228928899
0.0384827301
-0.0583558988
0.0236200431
-0.0966291379
-0.104977362
0.0361715256
-0.0658037644
0.0946523067
0.071097188
0.0731803484
0.0868881541
-0.0556243228
0.0646033238
0.0509853498
0.0105622952
0.00222202094
0.0345115751
0.0549923579
-0.0646666727
0.0922908346
-0.0464557384
-0.0833680896
0.0499069612
-0.0206979534
0.064723139
0.070804136
0.0889144838
0.0557087951
-0.0133750771
0.0286730499
0.0589642862
-0.0809533901
0.0719927982
-0.0689369717
-0.0160024992
0.0633747468
-0.0292060312
-0.0255373939
-0.0908610322
0.0266342394
0.00715958289
0.0901489139
0.10672513
0.00150021622
0.0335575152
-0.0376668751
0.000373876715
-0.0900835176
0.0186968994
-0.00753662475
0.064545756
-0.0203042377
-0.0430337787
0.097067151
0.002210653
-0.0200520144
-0.00837864845
-0.0488199837
0.0557503306
0.0982944164
-0.0531116284
0.00812184744
-0.0575218193
0.0756292486
0.0247640532
-0.0802691962
0.0670449944
0.0432114308
0.10699591
0.0861041002
0.0482324496
0.00225731509
-0.107057521
0.0536528818
-0.0677712191
-0.0149779645
0.0686820355
-0.0396438651
-0.0625488365
0.0804384424
-0.102990352
-0.0665475815
0.0777896672
0.0395793819
0.0183995334
-0.0603410601
-0.0364477713
-0.0942676859
-0.0883271253
0.0957048658
-0.104863904
-0.0655700448
-0.039445668
0.0739133245
-0.0216768104
0.0526700409
0.104082117
0.103145607
0.0823876625
0.00968479288
0.0251072055
-0.0855930993
0.0299706491
0.0276705891
-0.0942868159
-0.0884570482
0.053118641
0.0632262825
0.0761077861
0.0784733978
0.0439530234
0.0557261211
0.06097265
0.0259444357
0.0390624163
0.0483611485
-0.070500266
0.0910386512
0.0738964428
-0.00268966603
0.0918130025
-0.0615195535
-0.0142379128
-0.10576929
-0.0472771631
0.0507184977
0.0758589571
0.082142835
0.0672932393
-0.102725018
-0.0302365809
0.0707354766
-0.00410485454
-0.0857157572
-0.0800867601
0.0439421339
0.0842189763
0.0933223726
0.0835722568
-0.0464403147
-0.0581191706
-0.0191887542
-0.0374107492
0.0340945859
0.0783728599
0.0810742873
0.00295074464
0.0322586182
0.00226072106
-0.0599857594
-0.0493847727
-0.0600814235
-0.0821328627
0.00791481847
-0.100660926
-0.0858344864
0.00660566912
0.0845066546
-0.0208511725
-0.0298793102
-0.00989585302
-0.0183299782
-0.0855901049
0.049489467
0.0568810802
0.0608288891
-0.0597089859
0.0051559423
-0.0214022552
0.00578919045
0.0988835429
0.0681058431
0.0869918028
-0.103082632
-0.0808922744
0.0931023954
0.0809773279
-0.0214729198
0.00637457668
0.0543680061
0.0220069991
-0.0607671439
-0.032398895
-0.00719066644
-0.0871651165
0.0613731806
-0.1009526
0.0891008757
-0.0685678799
0.0628782126
0.0864721243
-0.0400509085
0.021713958
-0.0838437142
0.0552626859
0.0853129029
0.0537970428
-0.105012521
0.0552060708
-0.106550034
0.0310137513
-0.103861704
0.0218462255
0.0247157134
-0.0907017674
0.0864655521
-0.00205376057
0.0654074857
-0.0825963775
-0.0792082525
-0.031089231
-0.00987507381
-0.107456092
-0.0564673513
0.0124385897
0.00843719419
-0.0602234964
-0.00719727252
-0.0385611575
-0.038001278
-0.107584686
-0.023034358
-0.0777431753
0.0751446714
-0.078179898
0.014232501
0.084627162
-0.0886180569
-0.0756187878
-0.0502761232
-0.0759511745
-0.00841993479
-0.0435378838
0.0150535623
-0.0802210397
-0.0577687467
0.0123746229
-0.0963677819
-0.0806056665
0.0405757821
-0.0498292798
0.0106464107
0.0580219867
-0.0256141135
0.0368781497
-0.0467853711
0.0683123429
-0.0856383501
0.0935644171
0.0440423697
-0.0175125558
0.0504643243
-0.0130653391
-0.00941273397
-0.099912657
-0.0846998974
-0.0765357558
0.0697421998
-0.0201636457
0.0835578766
0.0847944588
0.00926012822
0.0260398115
0.0434100289
0.0932834068
0.0112224301
-0.0745454105
0.0523300274
0.014153561
0.069120198
-0.0372938669
-0.0674945756
-0.00220108539
-0.0893523025
-0.0804498932
-0.0514899715
-0.0832296028
-0.0970026373
-0.0510873648
0.0817274074
-0.050558033
0.0316230745
-0.0410012558
-0.0133668009
0.0650842865
0.0331780128
-0.047274193
0.102342282
-0.0146694268
-0.025613549
-0.0961056957
-0.0780203241
0.0600675096
-0.0429250242
0.0545108405
-0.0421722565
0.0512527142
-0.090078413
0.085729503
0.0259501512
0.0664224031
0.046720074
0.0385854038
0.0371822962
0.0641937355
-0.0872458616
-0.0646625744
0.011698276
0.101721145
-0.0947840403
-0.0104224683
0.0734616489
-0.050018914
-0.0212172599
-0.0156193717
0.0721508108
-0.0811545161
0.0539039146
-0.0142621149
0.0460704711
-0.097374428
-0.0599113314
-0.0692559558
0.0806862073
-0.0758776209
-0.00374984829
-0.0408763485
0.0433663231
0.0421447659
0.0406057066
0.057193153
-0.0154802992
-0.0864611946
-0.0277948248
-0.077994459
-0.0527132712
0.0156831581
-0.0510413832
-0.00291067903
0.085221209
0.0721074351
-0.0859524055
0.058114663
0.0473195315
-0.0156414845
0.0318589728
0.106157245
-0.0492978465
0.0713288648
0.0159863925
0.021840781
0.0226223334
0.0937148205
-0.0764076872
-0.0277357433
0.00572183464
-0.0573637337
0.102672931
0.0718344585
0.104594421
-0.0585425607
0.0696325324
-0.0191559953
-0.0585694947
-0.00841471523
-0.042101443
0.0626241319
0.0823559441
-0.00151498469
0.0723942741
0.0630383615
-0.0485467321
0.0604411367
-0.0311090652
0.00902754458
0.0246739399
-0.104324682
0.0284163344
-0.0622636268
0.10159497
0.106778381
-0.054287366
0.0958324772
0.0580164097
-0.052597962
0.0678426294
0.00853399422
-0.00427159882
0.0491605593
-0.0961199435
-0.063175632
0.100563566
-0.00501732376
-0.106594688
-0.0536956357
-0.0257669925
0.0998869622
-0.0572308301
-0.0643338673
0.0189523226
0.0247825398
0.0560494436
-0.00727075407
-0.0646566722
0.00226810969
-0.10185277
0.00843047297
-0.0260247673
0.0160450535
0.0630088182
0.0792875645
0.0867964881
0.083725454
0.0797813856
-0.0247759603
0.0333858916
-0.0599141321
-0.0846453562
0.100059875
0.0168158513
-0.10294315
0.0938637027
0.0964880423
-0.0420397079
0.100367463
-0.051094303
-0.0520226222
0.0716385011
0.0878773486
-0.0794247532
-0.0688583327
-0.0328413665
0.0323212298
0.0618177939
-0.083592902
0.0150762999
0.031787442
-0.0836155742
0.0130002658
0.0165748381
-0.0847923976
-0.0230367622
0.0713582932
-0.0846730682
-0.0547342701
-0.085516249
-0.048759135
-0.0373636946
0.090999096
-0.0410081327
-0.0783642618
0.0698199911
0.0250602168
0.0427933338
-0.0212432699
0.0323437266
0.0934672991
0.0768521519
0.0361000265
-0.0655400715
0.0779324663
0.0642590444
-0.0724181196
-0.00632805313
-0.0533580169
0.0142660732
0.0669907019
-0.013545189
0.0362219078
0.068193449
0.0904713698
-0.0316560848
0.0834993544
0.0853586996
-0.0888655415
0.00314168168
0.00858094263
-0.0105518251
0.0937837536
-0.0352369714
0.0211224127
-0.0110263795
-0.031423851
0.0910055152
-0.0536313631
-0.101904853
-0.0229378095
-0.0689701706
-0.0415322383
0.0866458335
-0.0249772942
0.0259670676
0.0306200394
0.060565016
0.00779841308
0.0958367986
-0.0447923535
-0.0316927267
0.0850592691
-0.0648681099
0.0194650542
0.0656346832
0.02491956
-0.0365166272
0.0179146893
0.103477586
-0.048569604
-0.05686601
-0.102725059
0.0837440336
-0.0291820837
8.73822287e-05
0.00168635365
0.0921040638
0.0661397076
-0.0865312662
0.0509879136
0.0907288802
-0.0425911083
-0.0535215619
0.0653801922
0.00670760133
0.0999927642
-0.00650871777
-0.0542810792
0.0638395395
0.0605147733
-0.0885129327
-0.0828708422
-0.0864707432
0.0499336586
0.092277098
0.0796371149
0.0956431912
0.0696911675
0.0170289639
-0.105298056
-0.0659853287
0.0185620434
-0.0658313795
-0.0232533384
-0.0449842152
-0.00447369648
0.013239089
0.0757697852
0.0944895131
0.107749675
0.0964328994
0.0146362867
0.0294468235
0.0138881675
-0.043583643
0.0652077392
-0.0902497229
0.0954847383
-0.0028543892
-0.0716883184
0.0976056309
0.0946918155
0.00618294499
-0.0512781884
0.0565820058
0.0557193967
0.0639613109
0.104528427
0.0256852337
-0.0138325684
0.00638082739
-0.00552251061
-0.0161112194
0.0873274985
0.105192717
-0.0552712686
0.0186754504
0.070748267
0.0393068943
0.0611449133
0.0609064988
0.0165326182
0.0791550813
0.0727871049
0.0941602044
0.0580578218
0.0227938836
0.0170534937
0.0535529671
0.104040791
0.0328605959
-0.093301694
-0.000472266413
-0.00504211836
-0.0987136959
-0.107591691
0.064072056
-0.0986928794
-0.0264736041
-0.0910616784
-0.0962124254
-0.0863739012
0.0163413993
-0.0146606807
0.0368757113
-0.00750473748
0.0630839097
-0.0929422326
-0.0346111678
-0.070018721
0.00351994577
-0.0341770324
-0.100230975
0.0305303947
-0.0541430139
-0.0761961601
-0.0974165258
-0.059214341
0.0736394681
0.0628324152
-0.0510478187
-0.0318611984
-0.0996258751
-0.071024101
-0.0748467025
0.0971283067
0.0151876322
0.00552868282
-0.0673883195
-0.0232726505
0.0994658865
0.091762268
-0.0101878518
0.0306047711
0.0291673923
0.00720764701
-0.0136206559
-0.105698435
-0.0634869259
-0.0353306497
-0.0718242817
0.0638878687
0.0432444118
0.0818351385
-0.0301667858
-0.0794073946
-0.0985448617
0.0238165647
0.0765603911
-0.0182375759
-0.00108960171
-0.107418784
-0.0209668488
0.0247238877
0.058001946
0.00841500449
0.0717950296
0.0520819121
-0.0494315683
-0.0186499464
-0.101180669
0.0559848209
-0.0923882777
-0.0996483473
0.0340649354
0.0537655808
-0.0769239452
-0.099925737
0.0190774816
-0.0473816985
-0.0500548022
-0.000768389643
0.0839130786
-0.088031096
-0.0224404548
-0.0586498866
0.072335092
0.0483826409
-0.0476339866
-0.00354836715
0.107121302
0.0461154297
-0.0900414748
-0.00477930553
-0.0556501576
-0.0557885447
0.0929364264
0.107402957
0.0183758464
0.0375154834
-0.0585068307
-0.0474824666
0.025816378
-0.0133770397
-0.0919727832
0.022660857
-0.09859394
0.0944284203
0.0723708233
-0.0427804356
-0.00668336055
-0.101253316
-0.0471355854
-0.102091667
-0.0579085895
0.104284437
0.0736757111
0.029308116
-0.0737430619
0.0370805136
0.0196057105
-0.0400424005
0.0631759403
-0.0803829185
-0.00437087131
-0.0439759804
0.105710569
-0.021641068
-0.0625233843
-0.0284098893
-0.095004237
0.047160544
0.0791595364
-0.0701202324
-0.0982843718
0.0341133395
-0.0287569753
0.0733961889
0.0296359821
-0.0174466909
0.0820084786
-0.0997974861
-0.0941805943
-0.0365232535
0.0561604175
0.0615991007
-0.0471181548
-0.0096747507
0.0297986022
-0.0318327863
0.0913430097
0.106320257
-0.0320903569
-0.0254938443
-0.0739949014
0.0665047972
-0.0048676041
0.0206496828
-0.0639450417
0.0295678231
-0.00172835412
0.0665114616
0.0678050191
0.0580713974
-0.0782079755
0.0714710634
0.0485965072
0.0453286002
0.0498848449
-0.0889460063
-0.078755278
-0.0303780048
0.0645001989
-0.0552710479
0.0886611347
-0.0609967479
-0.00737464585
0.0485831773
0.000955756031
-0.0320309704
0.0610362325
-0.00671821516
0.0279571693
0.090602721
-0.00838307708
0.0522451675
0.0280062174
-0.0626095104
-0.00174040915
-0.0302020465
-0.0765599066
-0.0798608135
-0.0525720725
-0.0722654202
0.0254365444
-0.0418350196
0.0810854687
0.0535626797
0.06170737
0.0309605329
0.0248032323
0.0905392451
-0.101335451
0.0691701181
0.0386954738
0.0962877932
-0.0963282763
-0.0909052841
0.0592392664
0.0277836038
0.00221143821
-0.0684428884
-0.0452094458
0.0579752389
0.0538237247
0.0474284477
0.0103965931
-0.0367087707
0.0429220763
-0.10596966
-0.0864613118
0.00165715937
0.0990102773
0.0387323459
-0.0495818001
0.0533717959
-0.104076619
0.00466237364
-0.102360565
0.0281492878
-0.0571609453
-0.011802767
0.02580579
0.0544166247
0.0224086082
0.10534101
-0.0574850118
-0.000597753612
0.0955643044
-0.0894023849
0.0823570422
-0.0551192316
0.00508908334
0.00836913577
0.081118091
-0.050052174
-0.0927799541
-0.100763944
-0.06429202
-0.088770406
0.0381696317
0.0107284617
-0.0999976371
-0.0422862525
0.0313019567
0.0374424303
-0.0162380357
0.0207677274
0.0139220238
-0.107178694
0.0412608951
0.000438282269
-0.0698049525
-0.0532411755
0.101991834
-0.0533769176
0.0650296027
-0.0609421606
-0.0445029092
0.0160355591
0.0381769367
-0.0427902159
0.0474391564
-0.072064921
0.0383758388
-0.107552295
-0.0337709887
0.0418138303
0.101282899
0.0499783107
-0.0190130128
0.000254061723
-0.0385477031
-0.0818992201
0.065669836
-0.094893007
-0.0502790791
-0.0329317888
-0.0462332864
0.00538038327
-0.0540387105
-0.0903658143
-5.813486e-05
0.0192367564
0.0479204883
-0.0528402809
0.0417711996
-0.0362242441
0.0862982432
0.104432879
0.030845823
0.100755218
0.0664739632
0.0646560541
0.0550739264
0.0719744801
0.0359884887
0.0403030176
-0.0797564867
-0.042181898
0.0429444767
0.00557770835
0.0439761664
0.0290635224
-0.0179958786
-0.00273943911
-0.0681185381
0.0306550821
0.103848028
0.0958534976
-0.0211413624
-0.0619454636
0.0543201241
-0.0643735547
-0.0751929991
-0.0350410889
-0.0672171695
0.0384898336
-0.0707670039
0.0250668243
0.0606420608
-0.00113627254
-0.092454311
0.0367280063
-0.0749493729
0.0545821316
-0.100818551
0.092582891
0.0200908614
-0.0421519166
0.0436816523
-0.0254856699
-0.0212459883
0.0876011708
-0.00177760793
-0.0180218647
0.00423618674
0.0850151251
0.0638261864
-0.00696135766
-0.0144375017
0.017745426
-0.0292450086
-0.0467377212
-0.0145995522
0.00688211677
-0.0399490281
0.0709600391
-0.0115594019
-0.00233877788
0.0591222219
0.067223017
0.0744039057
-0.0680119687
-0.0186640909
0.0711581868
0.0700873561
0.0802039537
0.0567336028
-0.071577334
0.0982154984
-0.00700481303
0.0245234578
0.065597092
0.0282088214
-0.0013962493
0.103618046
0.0558880489
-0.0824783019
0.0201471245
0.0723785632
0.0492597916
-0.0872488405
-0.048202586
-0.00482572099
0.0841950939
-0.0996753551
0.0958366376
-0.0568268919
-0.00636818166
-0.0236450466
0.0508560488
-0.0226390041
-0.0481795273
0.0693016542
-0.0480567052
0.0680804193
0.0824640816
-0.0834993416
0.0785831924
0.0121770417
-0.0721348488
0.0653176077
0.0246091188
-0.105256728
0.0810316459
-0.0979765355
-0.0765156631
0.0430556664
0.037246836
0.0927788303
-0.025986043
0.0944457311
-0.0889753419
0.0704015906
-0.0898248773
0.0816200049
-0.003057426
-0.077996441
0.0420789596
0.1075742
-0.021430361
0.0967983718
-0.0433395592
0.0704353503
-0.0340747582
-0.104052102
0.0348797738
0.0118065421
-0.0608757717
0.00210467701
-0.0042222739
-0.0485948988
0.054980775
-0.0287947876
0.107551801
-0.0429568621
-0.0937887675
-0.0398044236
-0.00397160951
0.106935076
0.0693956337
0.0796522682
0.0820145568
-0.02209137
0.0901890779
0.10482986
-0.0940742886
0.0969073369
-0.0960522961
0.0379560012
0.0806692501
0.0543133373
0.074091611
0.00105214935
-0.0181898523
0.0693036018
-0.0405949391
0.027954084
-0.0908901573
-0.0950926823
-0.0582770194
-0.0641765836
0.0315575107
0.0127979402
-0.0260286854
-0.0246905442
0.0633658543
0.0257462931
0.0865871149
-0.0153330332
0.036938831
-0.0352614543
0.0864534703
0.0494151905
0.0498081299
-0.0423471132
0.0159385159
0.0788470968
-0.0615427597
-0.0111427781
0.105615315
-0.0670398393
0.00349163008
-0.0542659922
-0.0187830225
-0.0783579952
0.0400200107
-0.0141557871
-0.0987826561
0.0984382707
0.0551337385
-0.00674755595
0.00412790049
-0.0664778299
-0.0308908516
-0.00212560337
-0.0370263839
-0.00845557787
-0.00247467405
0.0627159881
0.103020925
-0.021287199
-0.0828267184
0.0412422837
-0.0989021133
-0.0617493483
0.106598678
0.0483788551
0.0310723689
0.0609107496
-0.0488095638
-0.0319167344
0.0750317841
0.0256600442
0.0413087592
0.0770319406
0.0421096449
-0.0200781878
-0.0389229151
0.0635135119
0.0936172301
0.0384515297
0.0687934952
-0.0794923107
-0.0366071024
0.0916379124
0.00833448558
0.0808555416
0.0177748348
-0.100932692
0.0666062741
-0.0323717653
-0.106736953
0.0608799847
0.0929846699
-0.00821426708
-0.0905849308
0.0868641403
0.0419696672
0.0827433432
-0.019607133
0.0603689171
-0.0562660435
-0.0710989308
0.0850324688
-0.0891896106
-0.0735476963
-0.030849856
0.0818705797
0.094626614
0.0799776361
-0.0864077463
-0.0939207247
0.084174723
-0.100149447
0.0959890324
-0.0342712418
-0.0834105855
0.043260334
0.0970663456
-0.0714109255
-0.0222006167
-0.082293606
-0.00483663211
0.0985309481
0.0500446462
-0.00754850628
-0.0898706298
-0.0343756574
-0.0541853904
0.0508898958
-0.00851313951
0.0724185682
0.00795495331
0.0792835393
0.0390321803
0.00560893088
-0.0159366691
-0.0824351552
0.010869981
0.0248510817
0.0770621807
0.000635504559
0.0842222387
-0.048249232
0.0526128764
-0.0441620312
0.0440878353
0.0419131635
0.0654989873
-0.0671115079
0.0964650038
0.00551620172
-0.0194306592
-0.000412055587
0.0417708
0.0717755641
-0.0406993441
-0.0528581946
-0.0696938027
-0.105234934
-0.0585053267
-0.0585953151
-0.0410881623
0.0393933836
0.00791480101
0.0564102859
0.103519273
-0.0202127248
0.067059311
0.00820549502
0.0530935955
0.0999018838
0.0841862301
0.0170345465
-0.00737134443
0.0884917453
-0.105725972
-0.0117433474
0.0179484174
0.0711569579
0.00383459748
-0.0899283911
0.0799001488
0.106523279
-0.105284253
0.107486713
-0.0779988445
-0.0267797417
-0.10128076
0.0395385929
0.0102720994
0.091480457
-0.015069569
-0.0327014676
-0.0750188886
-0.0191887582
-0.0794063119
-0.0122420544
0.0380769812
0.0787098492
0.0640335955
-0.0253341314
-0.00944992493
-0.00797030373
0.092871076
-0.0260224983
0.0402425618
-0.0565973759
-0.0655747908
-0.0774101767
0.0773726704
-0.0249618936
0.0908801423
-0.0314420736
0.0283371934
-0.0109139113
0.051186929
0.0702007008
0.0548877411
0.00426488248
0.0221797644
-0.0292120728
0.0237271903
-0.0454801663
-0.0509315098
0.01842901
0.0350941689
-0.0709879325
-0.0913450959
-0.0964264848
-0.0400252688
0.0905622793
0.0795502741
-0.0256971201
-0.0533086677
-0.0418763499
0.0390350761
-0.067880892
-0.043169706
0.0197856189
0.0498964815
0.0271325179
-0.0842543826
-0.0212840611
0.0508074911
0.042246318
-0.00244052367
0.0437000998
-0.0855354395
0.0089185587
-0.104427553
-0.0653309778
-0.0483088754
-0.0525778502
-0.0591872558
0.0133637963
0.0519202969
-0.106513194
0.0754314228
0.0624937219
0.0662252146
-0.0932812286
0.0906687768
-0.0934240107
-0.0962473863
0.0898755039
0.023804309
0.0976631422
-0.0939632033
0.0693311517
-0.0581264788
-0.0293883561
0.0622113381
-0.0517893817
-0.0948642718
0.076193326
0.0577350304
0.0493853906
0.0756549931
0.0750133511
0.0842380031
-0.00641125494
-0.0198385635
-0.0955769349
-0.091853411
-0.0342916046
-0.0373153015
-0.0378474011
-0.0579183559
-0.0694626677
-0.05478525
-0.0817360842
-0.0797291661
0.013768671
-0.0423517578
0.0667508094
-0.0468181966
0.102016539
-0.0344410465
-0.0798326239
0.0713779108
-0.0543785073
-0.102150751
0.0521431212
-0.0193384837
-0.0465595567
0.0805587136
-0.0396968879
-0.0362600798
0.0431300183
-0.0148964084
0.0770298826
-0.0870315259
-0.0340023637
-0.0342849225
0.0786561413
-0.0508811524
-0.051986724
0.0272207583
-0.0677318759
0.0737876343
-0.0261760811
0.102258663
-0.0868585503
-0.0480454788
-0.0180707277
0.0561800211
0.0887650696
0.0977024413
-0.0363772116
0.100069353
-0.0167363334
0.0240404164
-0.0480383066
-0.0211040266
-0.0540587355
-0.0818806924
-0.0818241528
0.0980708649
-0.0513073743
0.0899428093
-0.0751782151
-0.00115031358
0.0122966964
0.0602879914
0.0104863219
0.0825969987
-0.0297490542
-0.107458053
0.026111769
-0.00597597329
-0.0184720122
0.0108133858
-0.101097849
-0.0860406814
-0.0857422042
0.0450867502
0.0468153492
0.0748662858
-0.0316364117
-0.0268466494
0.0875104354
-0.0574538057
0.0525923503
-0.0682502255
-0.069400528
-0.106720146
-0.0238193716
-0.0409525302
-0.0590182875
0.104820553
-0.106918438
0.102192653
0.0809525947
0.0904037527
0.0193165389
0.0209662548
-0.103311455
-0.0691740008
-0.0880384493
-0.0934870654
-0.0905813825
-0.0947154681
-0.0608316864
0.0291735258
-0.0627407333
0.0182630496
-0.0468159903
-0.0843544675
-0.0915005132
-0.0273857644
0.0702146721
0.0690900876
-0.0168250701
0.0205671881
-0.0698100362
-0.000596219601
0.0542181189
0.0562164583
0.0202371167
0.0463308809
-0.0694264627
0.0145949689
0.101968827
0.0268969537
0.0305870522
0.0134600637
-0.00236095547
0.00775220102
0.0331978304
-0.0871508368
0.0181917186
-0.0748987672
-0.0192068672
0.0931009637
-0.0398800293
-0.0859746992
-0.0359423592
0.0188321123
0.0406310946
-0.0430440307
0.0664140217
-0.0560068701
-0.102929767
-0.0176495172
0.0475197969
-0.0347915431
0.0926160035
0.0702615997
0.0370940715
-0.0608414311
-0.106196686
-0.0201090715
-0.0479624202
-0.0754715071
-0.0363707119
-0.0748453762
0.103024628
-0.0344723603
-0.104815358
0.085387835
-0.0496186748
-0.0196186596
0.106975294
-0.0431240352
-0.0187334002
0.0784696332
-0.0841717266
-0.0793130009
0.0457654795
0.0892341777
0.0819998894
0.0627129239
0.0552088424
-0.106468506
-0.0974567346
-0.00836831637
-0.0466359856
0.0257427413
0.0595344268
0.0648274131
0.0872302126
0.105220078
-0.0939316019
-0.024559908
0.0897209769
-0.0788158278
-0.0948826035
0.024981517
0.0393799119
-0.0412698235
-0.0543405274
0.0616811656
0.0525976486
-0.0759338528
0.0409191563
-0.101482335
0.0797432421
0.0463983541
-0.0127767313
-0.0669331349
0.0205746259
0.0436810264
-0.103025784
0.0850684283
0.0705087738
-0.0960260659
-0.00305369159
0.0716950258
-0.107823113
0.0261627898
-0.0978453061
0.0545319066
-0.0143554869
0.0871831343
-0.0510634271
0.00962678927
-0.0896078607
-0.0325127675
0.0720080188
0.00536172984
0.0924173677
0.0554777244
-0.0973074932
0.0193422536
-0.0101926946
0.0784783147
0.0404399487
-0.0121771884
0.0982314391
0.0940580603
-0.0836861327
0.0415852782
0.0536419887
0.106945342
0.0813669869
-0.0261285689
0.0664395076
-0.081678996
-0.0350903686
-0.10541172
0.0816863053
-0.00281048347
0.00442935482
0.0217984172
0.0286739801
-0.0965945105
0.100034197
0.0446039188
-0.0608775992
0.0374692711
0.0906216979
0.0173873309
-0.0715708831
-0.097217492
-0.084292273
-0.0752145495
-0.0237569473
-0.0128595433
-0.103018262
0.0320114222
-0.094595804
0.00999459553
0.0175466976
0.0712890949
-0.0402761993
0.0445917826
0.087617213
0.0151713882
0.0873719547
-0.0530572031
-0.095020434
-0.0795649939
-0.105069432
0.106221451
0.0116569524
0.0624058926
-0.0115251917
-0.0718803445
-0.0903740713
-0.0597906345
0.0720110463
0.0169532113
-0.00228956881
0.0959853203
0.0291671128
0.0419633001
-0.068628893
0.00928313153
0.0510475673
-0.092185879
-0.0733093435
0.0315482296
-0.0483494457
-0.0997079918
0.0955108496
0.0173177893
-0.0560090792
0.00700024768
-0.0410879964
0.0689720758
0.0707703482
-0.0772065201
0.0735416114
-0.0156514607
0.0754813747
0.0825220913
-0.0759131569
0.0406273773
-0.0546933832
-0.0808651947
-0.0383719995
-0.0629786484
-0.0277381567
0.0295733202
0.0941628117
0.0215731606
0.0815156432
0.0180475796
-0.053912705
0.0013841709
0.0694306217
0.0251852405
0.0326466732
-0.0348718241
-0.0672959382
0.0597928936
-0.0739582884
-0.0133643987
-0.0120831244
0.0356029418
-0.0513464449
0.0671952825
-0.00172919153
-0.0104705996
-0.0704700501
0.0977893969
0.0852231166
0.092705188
-0.0253527806
0.0713159623
-0.102959077
-0.0582901974
0.102924758
0.017317775
0.0225940892
-0.0716571517
-0.0314022699
0.0730863089
-0.00391863966
-0.056193355
-0.065037852
0.0401132825
0.00559128304
0.0767216394
0.0217458792
-0.00252558419
-0.107646236
-0.0304903241
-0.0943082891
-0.0346159031
0.0219086787
-0.0572854417
0.0111864122
-0.0943171719
-0.105129024
-0.00601555918
-0.0841899993
0.0109207993
0.0900539988
-0.0899083222
0.0478800559
-0.00065606424
0.0177901835
-0.0719260633
0.0597810008
-0.0107020869
-0.0893597511
-0.0300960553
0.0503618322
0.0158027586
-0.0731455129
0.0193807046
-0.0981275991
-0.0910941169
0.100287037
0.0822659551
0.0940272301
-0.0677237674
0.0350073061
-0.0102964992
-0.00551190406
-0.0189518133
-0.0294057606
0.00320013331
0.0615851396
0.0724375127
0.00623939793
0.0747886815
-0.00289804182
0.0438044225
0.0588236713
-0.0607900657
0.0797874485
0.077720708
0.0949256787
0.104958333
0.103214092
-0.022476897
-0.0221972866
0.0537432475
0.013003397
-0.0982402618
-0.0394053076
0.0474699667
0.0343351275
-0.00961012387
-0.0166192934
0.0602961206
0.00929217392
0.00650261262
-0.0585416235
-0.0982532568
-0.0480606
-0.107131965
-0.00278716641
-0.0786827752
0.0517523907
-0.106372813
0.0624978155
0.00524992163
0.0173346288
0.0639214047
-0.0906799083
0.0348643819
-0.0263782563
0.099481324
-0.0438158034
-0.0233285797
-0.055859789
0.0100401544
-0.0526203228
-0.0388895865
-0.0335743167
0.103984801
0.0137407565
-0.0829046403
-0.0616483219
-0.0171403998
0.0762484337
-0.101321752
0.0240895361
0.0814086101
0.0310502795
-0.00528003599
-0.00544493153
0.0401351438
0.0685803727
0.0373847836
-0.0187049492
-0.080323823
-0.0397440929
0.0457529534
0.0581297738
-0.0443572967
0.0638903897
0.0364255338
-0.030676039
-0.0457500146
0.0125404208
0.0718367653
0.0370331068
-0.00290472541
-0.0877421216
-0.0392055707
0.0538577295
0.0241361117
0.0506645854
0.0591897767
0.0407226873
0.00710791734
-0.058239851
-0.0176352326
-0.000616366668
-0.002144518
-0.0203238987
0.0827384754
-0.0998664347
-0.0477775876
0.107759441
0.0259654909
0.0393250826
-0.0518645873
-0.0777205023
-0.0916609075
-0.0645711892
0.00989553189
-0.0931407699
0.0823630439
0.0249476617
-0.0115825912
-0.0337182706
0.0201513813
-0.0419837485
-0.0137178571
-0.0369773411
-0.0110187102
-0.0891164283
-0.0974073232
0.0109056809
0.0794925322
0.0239846819
-0.0967746971
-0.0502746535
-0.015403984
0.074533736
-0.0719521212
-0.035253747
0.0775458834
-0.00501605174
0.103993611
-0.00251274961
-0.0719134241
0.0345037435
-0.00154624594
-0.0105514213
-0.00906109391
-0.00249318442
0.0313486727
-0.0972409928
0.0609816296
-0.0321039383
-0.106690597
-0.101530492
0.0422823713
0.0615731255
0.0399671296
-0.0627026795
0.105059513
0.0237694309
-0.0391000594
-0.00150315086
0.00608738863
0.00664435588
0.0894212785
-0.0802865314
-0.00910546865
0.103954652
0.0465349743
-0.0853353269
-0.0516451067
0.0579344841
-0.0451996705
-0.106481986
0.0767964246
-0.0312268505
0.0455282493
0.0431760488
-0.0635468009
0.0808633257
-0.0382232917
0.0744568847
0.0165677429
-0.0467357503
-0.0528292205
-0.0730597976
0.10588734
-0.103505569
0.047240063
0.101181407
0.0582396751
0.0963789981
-0.094914152
-0.0658892511
-0.107322722
-0.0462723016
0.0975657375
-0.062707876
0.0486239235
0.0225556817
0.0673414279
-0.0199035508
0.0736432211
0.0135265077
0.0717298941
0.0333576927
0.0592456943
-0.0573448681
0.0808630589
-0.0023431447
-0.0532377082
-0.00787177178
0.0402676051
-0.0468757418
-0.0451386432
0.0320479429
-0.105735115
0.0821224823
0.0878850332
0.0744657905
0.0671853293
-0.0845628975
0.0981232537
0.046139866
0.0281405002
-0.0324555821
0.0870707818
0.0563688036
-0.0754564305
0.0100746756
-0.0615674657
-0.0927027968
0.0944706422
-0.0515451661
-0.0616970758
0.101931181
-0.0862095212
0.0267331805
0.00828666532
0.0126606847
-0.0206418568
-0.0802297158
0.0218893641
0.0244867643
-0.0923535938
0.0401967795
0.0243499179
0.0472125627
0.03529635
-0.0914247546
0.0968165161
-0.0984794813
-0.0451305536
-0.0889112628
0.066473221
0.00903204246
0.0961560766
0.00843560014
-0.0615186526
-0.102083372
-0.0344919792
-0.0115442329
0.00464422645
-0.0815864413
-0.0812030873
0.00280302748
-0.0848971741
-0.0252594616
-0.0438840886
0.0878927907
-0.105443614
-0.0465179332
0.0727607439
-0.0221878368
-0.0553390765
-0.0084697809
0.00449250755
-0.0413640982
-0.0945279132
-0.0990447801
-0.0829588182
-0.0277025772
0.0811088714
-0.0325161195
0.0459882453
-0.103452257
0.0963837695
0.101959457
-0.0167322692
-0.0733931728
-0.0660154049
0.105280324
0.0103775191
0.0984099887
0.0100759791
0.0692896015
0.0730389979
-0.0088171287
0.0760623678
-0.0848977611
-0.00396590117
-0.0702099626
-0.0460066653
-0.0836449286
-0.0124605871
0.0204167228
-0.0198579116
0.0464782818
-0.0260433026
0.0760473678
0.0914634712
-0.0401083044
-0.0853131557
0.00481768167
-0.0903898055
0.0522950766
0.0746737078
0.0309839168
-0.0340791526
-0.0219678807
-0.0333858088
-0.00273790891
0.0292615966
0.0581363849
-0.0145726254
-0.104896453
-0.0328677449
0.0356861747
0.0326253847
0.000852197614
-0.0953357386
0.00426152552
0.0922536357
-0.0266204622
0.065032715
-0.0429271487
-0.102755934
0.00515583733
0.0876371572
-0.0932604886
-0.0151539906
0.0575035824
0.034782403
0.0395793824
0.0764770021
-0.024399142
0.0482710196
-0.0988371826
0.0775686717
-0.043835782
0.0396073163
0.00820885296
0.00144642839
0.100371126
0.0415435349
-0.0749141756
-0.0501737971
1.96929805e-05
-0.0165953454
0.0973145801
-0.00259521399
-0.102862963
0.0562726119
-0.0295385728
0.00251472984
0.0317734246
0.0638786787
0.0206936105
-0.0943594193
0.0496453851
-0.033572901
-0.00460425571
0.0562594889
-0.0319768238
0.0235929334
0.0625137101
0.0561006268
-0.0796961985
0.0710654835
-0.0552652136
-0.00689612294
-0.0116159703
-0.0553405408
-0.0809249567
0.0307411046
0.0527675288
-0.0744195107
-0.0125233668
0.0303939002
0.073454388
0.0741487866
0.0853558505
0.0830122085
0.098797449
-0.0237077107
0.0189919113
-0.0842578848
0.0344922716
0.066514894
0.0542946208
-0.0792577483
0.0286129752
0.0274370592
-0.0863348608
0.0885522354
-0.0896888947
-0.0475013161
0.0365270732
0.0956544044
0.102770026
0.0256236711
-0.0774005107
0.0500976219
0.0554608693
0.0908184457
-0.0577130151
0.0958630387
-0.0212525717
-0.074627753
-0.0638409506
-0.0706049343
0.0155428551
0.0830872283
0.0655122277
0.107789324
0.107427633
0.0135422795
0.00435521531
0.100004778
0.00916951064
-0.0412999862
-0.0493657448
-0.00900463593
0.0582024421
0.092950984
0.0597364345
-0.0280780599
0.0413647665
-0.0978815926
-0.0427534909
-0.0155951457
0.106647974
0.0455557808
0.0370448296
-0.0872731287
-0.0199945467
0.0327406436
0.0730844064
-0.0770311171
-0.0857007445
-0.051637348
-0.105618066
0.0515829589
0.100412675
-0.0943112802
-0.100714146
0.065417963
-0.0798632495
-0.0706080426
-0.0434172127
-0.0324329759
0.0103937881
0.107160216
0.0105346535
0.0835604225
-0.0150683389
0.0430444332
-0.085882907
0.0481541537
0.0724949064
-0.0919787444
0.0814416105
-0.0189269879
-0.0282398488
-0.0880411012
0.0950215709
-0.0831036184
0.0399483325
-0.0353012202
-0.085404105
0.0974679005
0.00122519358
-0.03150464
0.0452881613
-0.0519142668
-0.0361019243
0.00822788079
0.049234422
-0.0122502561
0.0924108249
0.102654109
0.0801589591
0.0630316249
-0.046208289
-0.104717699
-0.000102225779
0.0936326012
0.0639698624
0.05966563
0.0359948965
-0.0524901448
0.00548526072
0.0915230076
0.000436225766
-0.10488888
-0.0128488404
0.0205808309
-0.0333294867
0.0270036671
0.0944260224
-0.0933615612
-0.049710839
0.0578203505
0.029421096
-0.0900435144
0.0493830178
-0.00462157719
-0.0874877037
-0.0689825008
-0.0525418155
-0.101934721
0.0832703032
0.0139820011
0.0621245872
-0.076936787
-0.0899501481
0.0602973159
-0.0684553556
0.105587147
0.0318189061
0.105323924
-0.0901867709
0.0790243032
-0.0151526683
0.103842105
0.0767309409
0.0433591769
0.00455881572
-0.099258479
0.0767225308
-0.00689826376
-0.0117091852
-0.0356937806
-0.0509957307
-0.0131127192
-0.0982353254
0.0100648024
0.0191640878
0.0537426898
0.045120359
0.105002622
-0.0490838506
0.0386250728
0.00416681784
-0.103702143
-0.0528302793
0.00956387492
0.0823448867
0.107742898
0.0209916761
-0.0932199604
-0.083191403
-0.0329354235
-0.0789379192
0.00218489356
0.0436686196
0.100419151
-0.0600830573
0.0195466521
0.0436523634
-0.0291546794
-0.0269585099
0.0292464655
-0.0121983703
0.0991578216
-0.0617992852
0.0821251391
-0.101164294
-0.0824454936
-0.0360950881
0.0432297144
0.00946403485
0.0590127977
-0.0590563181
0.0619868782
-0.0972455045
-0.09958837
-0.0106658826
-0.0589075872
-0.107136456
0.0895441763
0.107626853
0.0212548713
-0.0487671774
-0.0384514566
0.0378451375
0.00303978937
-0.0949776872
0.00461168088
0.107522213
-0.0511000726
0.046201044
0.0701745409
-0.103109745
0.0266187229
0.0740673319
-0.0240224143
0.0136678034
0.0964330747
0.0393472155
-0.0279231988
0.0425184634
0.03976973
-0.0148911339
-0.0823084591
0.0326698989
-0.0940401075
0.0420189877
-0.0733576733
-0.0792016897
0.0241848296
-0.0749997818
-0.0650805021
0.0123769239
-0.0242582191
0.010515537
0.0774362075
0.101286682
-0.102836543
0.0939946397
0.0676454038
0.038875306
0.0153360722
-0.0763039488
-0.047211771
0.0178606421
0.0703646631
0.103634962
-0.079621895
0.036951049
-0.042808645
0.0257030417
0.0418752897
0.102273403
0.091483059
-0.0903676353
-0.0886103203
0.0678239622
0.0353393652
-0.0804626055
-0.0894986963
0.0621801256
-0.0455342129
0.00850965853
-0.0882291197
0.0476328235
0.0553553294
-7.04258536e-05
-0.0512857013
-0.080038367
-0.0245897567
0.0717316376
-0.0858303595
-0.0364472568
0.0029810441
-0.0245585663
0.0252092878
-0.106441465
-0.0671295546
0.0469125945
0.0170179085
-0.000587550323
0.0722305047
0.0580050961
-0.0233617021
-0.0555012015
-0.0197910411
0.098407364
-0.0227532646
-0.0786702865
0.0343681492
-0.0513023419
0.0403684227
0.0523787112
-0.0133179728
-0.0757530036
0.0729921735
0.0419527963
0.00130594184
-0.0767663891
-0.0975200197
0.0451221801
0.037025338
0.060777349
0.0128692825
0.0731172316
-0.0488044917
0.050084237
0.00760211704
0.00130629164
0.00404404411
-0.0687822964
0.00897248398
-0.0459724431
-0.0105308848
-0.0146549442
-0.033973828
-0.063744219
-0.0257389169
-0.0177767244
0.0952358344
0.0254524603
0.00341159976
0.0968757165
-0.0288404406
0.107376495
0.103063686
-0.0443544242
-0.0600325224
-0.0490209848
0.0162593439
0.0811806105
-0.0398004809
-0.0438697884
0.0904354923
0.055390999
0.00166243171
-0.0265172547
0.0530099017
-0.0237779757
-0.0916055656
0.0751269587
-0.0390486479
-0.0358387988
0.0522843544
-0.0319589481
-0.0562775217
0.0290964614
0.0343098673
-0.0146523591
0.0154842032
-0.0201256296
0.0682483684
0.0873136877
0.0166082852
-0.0420463332
0.0213295339
-0.0153325481
0.0698927681
0.037476931
0.0365955777
0.000752690486
0.106827364
-0.0714556649
0.0972210062
0.0677396666
0.107406318
-0.00265569205
-0.100318625
0.0276121176
-0.0782940067
0.00395151209
-0.0278843291
0.0599343374
-0.0982468049
-0.0688021827
0.0439968646
0.0500413481
-0.0552280895
0.0247917617
0.0154033144
0.0810610156
0.0248723316
0.00715513804
-0.0242402826
-0.0268922976
-0.00392186669
0.0648503891
-0.0613308479
0.104787988
0.0958753245
-0.0830581604
-0.0548031471
-0.0534845246
0.0787588858
0.0236108064
-0.062584864
0.0428814083
0.0391159249
-0.0261882133
-0.0187430694
-0.0302244747
0.0682959793
0.0432352401
0.0154737901
0.0870362613
-0.0690529753
-0.0563104511
-0.106010216
-0.0687745131
-0.0271394338
0.0890626478
-0.0821384585
-0.0378364936
0.0932922607
-0.0656537552
-0.0301381659
0.0733768876
-0.0619512163
0.0234201168
0.0111073164
-0.0265546731
0.00249265338
0.0988317637
-0.0578402556
0.094691883
-0.105698755
-0.0975729803
-0.0281019973
-0.0324083076
-0.09040983
-0.0882368504
-0.00678845068
0.0652995639
-0.0674246913
0.0831406199
0.0854779966
-0.0226733235
0.100497985
-0.00785077598
-0.0459428992
0.0964705606
-0.0401691693
0.0365417927
-0.107720009
-0.103065759
-0.0217557488
0.107283903
0.099331949
0.0577111853
-0.0531118704
0.0088304406
-0.0311828683
0.0259115815
0.0358843761
0.0609308133
-0.0423536516
0.0933456552
0.0687243802
-0.062631866
-0.0144336183
0.0192143913
-0.0148675793
-0.0174912614
-0.069534486
-0.0830816158
-0.0845983973
0.0491184458
-0.0166530309
-0.0169218943
0.0821766707
-0.00396894992
-0.0542988462
-0.0729556016
-0.00509936929
-0.0955677673
-0.102325219
-0.0512991968
0.0680672532
0.0146331295
-0.0922306265
0.0449500923
0.0527044009
0.0369498437
0.102631437
-0.0946034291
0.104917904
-0.0226160483
0.0951512605
-0.0144208206
-0.0375921255
0.0500326904
-0.0778447789
0.0567356902
0.0996576617
0.015450359
-0.0419768612
-0.0841548322
0.0373381897
-0.0644152268
-0.0399850007
-0.0684830767
-0.0504041753
-0.103333838
-0.0896772134
-0.0436529761
-0.0123728184
-0.040487957
0.0888761984
0.00640899745
0.00637731008
-0.0263010619
-0.0237719858
-0.0636469525
-0.0910873461
-0.0945910357
0.0488671322
0.0767515644
0.0181903621
-0.0666070738
0.0925196369
-0.00839583034
0.00497536151
-0.0685166059
-0.0520275926
-0.0307798573
-0.106821494
0.0158320704
0.0964918894
-0.0456293701
0.0440590884
0.103356024
-0.105164685
0.0954137584
-0.102508574
-0.0712520353
0.0915027041
0.0481685283
-0.0851169023
-0.0736092816
-0.0570096773
-0.0184771531
-0.0814515039
0.0342597528
-0.0660753434
0.0685406041
0.0993705294
-0.0205236931
0.0739967827
-0.0569013674
-0.0192798349
0.0607693784
0.0637362763
0.0655902017
0.0357317848
0.00448256711
-0.0713319283
-0.0213067979
0.0329474168
-0.0500132005
0.0310070276
0.100849962
0.0482955105
0.0294387984
-0.0556225872
-0.0663957764
-0.0918721367
-0.063177452
-0.0454867519
0.0619111839
0.045666038
0.10650816
0.0962657083
-0.0133166708
-0.0195960562
0.0737950912
-0.0338197287
0.00359505793
-0.00981177492
-0.0864529086
-0.0633505905
-0.0471701325
-0.0910816429
-0.048882037
0.0915323671
0.0703299747
-0.0573768234
0.0357144861
-0.0115884045
0.0672365575
0.0567420289
-0.0142157674
0.0075211118
0.0247941139
0.0234618215
0.0251122854
0.107804869
0.0471703537
0.0680709249
0.106491379
0.084821503
-0.0222287607
-0.0547264271
-0.0453408192
-0.0730952141
-0.0319513302
0.0825565003
-0.0134419817
-0.055804522
-0.029652073
-0.0952771088
-0.00599844582
-0.0419244812
-0.0860058006
0.0570502302
-0.00213760592
0.0567521134
-0.0752350784
-0.0555064615
-0.0337003872
0.093963232
-0.0371879493
-0.00406604116
0.0828243549
0.0807030306
0.085756488
-0.0708618682
0.0143371623
-0.0582718292
0.0550574918
0.0369364699
0.0628706348
0.035625494
0.0202750697
0.107389067
-0.0153309963
0.0150625182
-0.00496277138
0.0249337826
0.0590073874
-0.0219770485
-0.0108734285
-0.0191979817
-0.064538613
0.10093184
0.0925213901
0.0190176972
-0.0544657397
0.0354563731
-0.0748516884
0.00433225275
-0.0303993426
0.101320601
0.0114244516
0.0797673849
0.0805532289
-0.0155820589
0.0311423527
-0.0548610803
0.0220492812
0.0840248218
-0.0403492489
0.0499207743
0.103238014
-0.040632603
-0.0360619344
0.0902342296
-0.056752793
-0.067818037
-0.00427360968
0.0572082946
0.0310967339
0.0178318346
-0.0496390148
-0.0941876892
-0.00783739282
-0.0735671428
0.0929293361
-0.0693845177
0.0238163736
0.0106543277
-0.0144903297
0.103586114
-0.106868346
0.0340381722
0.0556429509
-0.0427273148
-0.0806136007
0.0289780906
0.0433311426
0.0493248949
-0.047937999
-0.0653327432
-0.0798884128
-0.0883842128
0.00125309132
0.0172296591
0.10261485
0.0534508071
-0.0177134295
0.00260900716
0.0568384224
0.0384516965
0.0964930361
-0.00647522149
0.0691799886
-0.0495380005
0.097133594
0.0625068695
-0.0499420772
-0.105119408
-0.0173083349
0.0224835583
-0.0537901256
-0.0772616119
-0.0650914444
-0.105685174
-0.00622435977
-0.0309099093
-0.101086225
0.0806548712
-0.0191380013
0.0317000814
0.00347864688
0.103068127
0.0113408695
-0.0555423672
-0.0584845736
0.0567573971
-0.07208766
0.106171871
-0.0380784831
0.0544592655
0.0328414063
0.0937196801
-0.0292279826
-0.100661874
0.0644963072
0.0660684284
0.0522061254
-0.0205554008
-0.10098135
-0.101242526
0.0667690519
0.0219747632
0.0232904362
-0.0454439348
0.085300084
-0.0631034819
-0.0501611751
-0.031579763
0.0306493981
-0.0926536888
-0.0852617307
-0.0043902637
-0.0955217228
0.0916035062
0.0986365517
0.00492811182
-0.029402063
0.0839252735
0.0579497522
-0.0129204837
-0.0389870191
-0.0518598096
0.00747102815
-0.0171390585
0.0451618759
0.0626144014
-0.0561111742
0.0837871799
-0.0616340022
-0.027557691
-0.00810686799
0.052352515
-0.0667799826
0.0213726422
-0.0496274294
0.00740964953
0.0915313825
-0.105363307
0.00506322695
0.0496620568
0.0157786359
0.0257142761
0.0397640045
0.0413188504
0.0791866501
-0.0764635124
-0.0757866931
0.0607141877
0.0378140012
-0.0498820742
-0.0801542917
0.100378692
0.0205743211
0.0626592621
0.0958074022
-0.0394586537
0.0641772881
0.0971176155
-0.0548793835
-0.0199268626
-0.00662813706
0.0168762035
-0.016996309
0.106642278
-0.0300768048
-0.0845802174
0.049951456
-0.00842982792
-0.0840241574
0.0397318813
0.0270643122
0.0837051057
0.100524998
-0.0677466829
-0.0825404941
-0.0288530701
0.0856951956
-0.0361766628
0.0103244119
0.0381335127
-0.0332362256
-0.028129762
-0.0189598419
-0.0122247742
-0.0557386234
0.0728108948
-0.0384515648
-0.0203727566
-0.0299479561
-0.0414866496
0.0368963251
0.0219214635
0.031156667
-0.0676911327
-0.0903558781
-0.102088852
0.0396282194
0.0229722531
-0.100576466
-0.0611905451
0.103222638
0.042669582
0.0602945923
0.0879891399
-0.0931008101
-0.0809040069
0.0543066148
-0.0665007083
0.104457438
0.000181348838
-0.00993827931
-0.0188229963
0.0491901172
-0.0528651966
-0.104603559
-0.0498200735
0.0397334627
0.0374026335
0.0700385576
-0.016976299
0.0784082476
-0.00121708148
-0.0744257531
-0.0522393199
-0.0694244465
-0.0278915745
0.037482563
0.0383313108
-0.00312495458
-0.105731839
0.0646710928
0.0502086301
-0.0322024546
-0.0908044306
-0.00378867721
-0.0341204547
-0.0405245389
-0.0575787026
0.0265196279
-0.0130038963
0.0816792105
-0.0861164102
-0.00793111305
0.0816855688
0.0353120175
0.00105825532
-0.0157550565
-0.000124055484
0.0173550893
0.0729171827
-0.0867390447
0.0560894791
0.00287184657
-0.0123536396
0.0914798609
-0.0160610253
0.0383249336
0.059245115
0.100157419
0.0793704313
0.0484783414
-0.0616922521
-0.0866340248
-0.0854786086
0.0900153534
-0.0342967299
-0.031987059
-0.0364538003
-0.0828844423
-0.00409625238
0.0298083602
0.00255836466
0.00483936025
-0.0643805687
0.0713231475
0.0729900143
-0.101956585
0.0948749692
-0.0283879057
-0.090767652
0.106587412
0.0263965953
0.0138792492
-0.08298247
0.0619573977
0.093736653
0.101345312
-0.0653148952
0.0477616759
0.0878509048
0.0164891124
-0.00249252479
-0.0262122612
-0.0822350147
0.0907686646
0.0920895428
-0.00549914201
0.0045251776
0.0902884163
-0.0552278893
-0.0690770382
-0.0731944093
0.00188443896
-0.0840677982
-0.0352277679
0.0921244949
-0.0676813086
-0.0176088572
0.0446088048
0.0961596789
0.104357527
-0.0992729378
-0.0410261729
-0.0909104699
-0.0504274876
0.022808195
-0.00879464567
0.101576121
-0.0906948168
-0.010841183
-0.0785905482
0.0426143817
-0.0312382409
-0.0204098756
0.00975590634
0.0976166335
-0.0756024922
-0.00828228724
0.0897323148
-0.00614515377
-0.0301082443
0.0523722685
-0.00450761729
-0.00202284997
-0.0946567197
-0.0349100885
-0.0851143424
0.0716334468
-0.107344584
0.0866158713
0.00544844168
-0.0309223513
-0.0318204973
0.0990511506
0.0659195904
0.00380783819
-0.00930125011
-0.0635821142
-0.0833545157
-0.0497491698
-0.014439827
0.0977894522
0.0298534354
-0.038552586
0.0202200081
-0.0996627174
0.0553933113
0.0474384206
0.0651399213
0.0931019398
0.073314978
-0.0275959824
0.00438075826
0.0839968688
-0.0864267404
-0.0841303759
0.0188494905
-0.0278883041
-0.0660081581
-0.00102960517
0.00132444726
-0.0431826369
-0.0747503718
0.0538660892
-0.0551856842
-0.061953225
0.0930191381
0.104414129
-0.0605251864
-0.0223131318
-0.0870975764
-0.0872549759
-0.0104167204
0.0522265853
-0.0518016854
-0.0686476228
-0.0365553119
-0.0890833815
0.0416274337
-0.0701924322
0.0668676572
0.0449685022
0.0631314242
0.0632149964
0.0791548083
-0.0777097843
0.093736151
-0.0247204768
-0.0237501871
0.0274698686
-0.00947738463
0.0100847661
-0.0413373743
-0.104032919
-0.0519476283
0.0196121411
-0.0765592778
0.0323014845
-0.0234634721
-0.00827983885
0.056429902
0.0184806214
0.0946531782
-0.0616317809
-0.074046467
-0.0584065248
-0.0515564013
-0.0519137473
0.0253620564
0.0778125562
0.0762730033
-0.041428397
-0.00345953834
-0.0700741394
-0.0224548368
-0.0373392235
-0.0477759463
0.0392447073
-0.0140934028
0.0405096757
-0.022093542
-0.018376738
-0.0612612768
0.0519638582
0.00491325286
-0.0627419371
0.00716720154
0.0928455842
0.0707596562
-0.0355750769
0.0602543855
-0.0346483524
0.070386564
0.0872114259
0.0970227781
0.0794783333
-0.0378604448
0.0219358354
0.00862978092
-0.045595383
-0.0465585364
-0.0565206535
-0.0208466154
0.0804973091
-0.0964812001
0.00386113436
-0.0599004634
-0.0880691144
-0.0269196459
-0.0191491364
-0.0982416402
-0.0874555142
0.0847884693
0.0355866864
0.0867806384
0.0560707714
-0.0141463982
0.0752475969
0.0540419255
-0.0980548837
0.0690401602
-0.0277026095
0.0416668642
-0.0809482602
-0.000901013303
-0.0179949534
-0.0707700809
0.0202015067
0.0117720942
-0.0334710472
0.0292720726
0.091562434
0.030804606
0.0263840367
0.0711547975
0.0352338051
-0.0466008896
0.0510060585
0.0634227243
-0.0503755185
-0.0524543057
-0.0774369187
-0.029654532
-0.0588883976
0.00218996615
0.0977495985
-0.0491701141
0.00932040471
-0.0687086906
0.0469759485
0.0746565274
-0.00864978165
-0.00447027155
-0.0199128636
0.080572978
0.0537292074
0.0643968409
-0.0938718703
-0.103199809
-0.076054423
-0.0766744443
-0.0631679659
0.0638295172
-0.0809242185
0.0453643921
0.0372055081
-0.0450799378
-0.0052815861
-0.00587163405
-0.0360373702
0.0145656421
-0.0678919396
0.0842332085
0.096131411
0.0360761947
0.0308414769
-0.00895895404
0.0954362025
-0.0768616521
0.00210807433
0.0197846586
0.00891804954
-0.030055799
-0.0082344418
0.0287113471
0.0277667448
-0.023523156
0.0721158295
0.018686378
-0.102700685
0.0924522624
0.0389090355
-0.101561434
-0.0665629233
-0.0125824047
-0.0979755961
0.0330878061
0.0631745686
0.078079601
-0.0693939187
-0.0456606031
-0.0972597126
-0.0451828054
-0.0847626138
-0.062152724
-0.0140799889
0.0847793274
0.0368708056
-0.0654515498
-0.0573394809
-0.0195818358
0.0853733564
0.0355544317
0.0347268918
-0.0643760218
0.0865504112
0.0646375373
0.030118425
0.0484179427
0.0663341934
-0.0891280496
-0.0199951888
0.0750591351
-0.0900457887
-0.010733823
0.0125785427
0.0785450536
0.0779373776
-0.00563484306
0.0828261191
-0.0179357284
-0.0504047212
-0.10240783
0.0245919426
0.0254628987
-0.052520186
-0.086682207
-0.0271343525
-0.0353917051
-0.0776303512
0.104507597
-0.00138343618
0.0284886702
0.001964087
-0.0954804263
-0.0699061214
-0.013849165
-0.070604277
0.00907581868
-0.0174821517
-0.0371867658
-0.0609501426
-0.0398891024
0.0948896723
0.0138168052
0.0966742201
-0.0688535787
-0.00604579662
-0.0315250628
-0.106629387
0.074985711
0.0280617137
-0.0535898386
0.0233959144
0.0192417154
-0.00504629687
-0.00185151302
-0.0690399953
0.0742231784
-0.00848845941
0.0510685307
-0.0812591506
0.0277902231
-0.0231515877
-0.0255275168
0.101532219
-0.105101019
0.0970772664
0.0561214468
0.0674271548
0.0461381546
-0.0605363984
0.0045832455
0.0907906136
0.0641639508
-0.0434229077
0.0990568823
-0.0714037964
0.069800054
0.0573388189
0.0103811907
-0.0286897775
0.0499806329
-0.0854915557
-0.0583871915
0.0795723296
0.0497306108
-0.0638107666
-0.0299054572
-0.044564243
-0.00479136566
-0.0406839841
0.00277789884
0.00299833404
0.0844881686
0.10381634
-0.0782954295
-0.0331505867
-0.0195282552
0.0203897627
-0.027238755
0.0225952671
-0.05373386
-0.0829729841
0.051749319
-0.0541227652
-0.096467109
-0.0596908959
0.0573006708
0.0643751347
0.0629101442
0.00204262249
0.0267814108
-0.0206820319
0.0313361856
0.0806476156
-0.0399214709
0.027672344
0.103802601
-0.0462908409
-0.0566476785
0.0254490776
0.0929492932
0.0396595322
-0.0895960666
0.105175461
0.0603315156
0.0702423429
0.0627335944
-0.0789411882
0.06794832
0.0959017704
0.00318262362
-0.0505345007
0.0687412061
-0.0709345626
-0.0273194337
-0.0136107138
0.0214524786
-0.00437424671
-0.0866365438
0.0376503108
0.106635575
-0.0506173131
0.0540343341
-0.103494255
-0.029823313
0.0240749252
0.0263479033
-0.048753162
0.103430713
-0.080802736
0.0301255283
-0.105696334
0.079476217
0.0702184825
0.0129766404
0.0291281495
0.0503441899
-0.0747151533
-0.066067102
0.0809638137
0.0196225248
0.0433079409
-0.028659186
-0.0235729016
-0.0691175604
-0.010865733
0.051889015
-0.0624064979
-0.10539159
0.097621256
-0.0366765386
0.0260005496
0.0315041817
0.0116221671
0.0390372622
0.0789591235
-0.0810914014
-0.0321145573
-0.0545285478
0.0446333814
0.0404095028
-0.0689106986
0.0470797697
0.0775206341
0.0620876567
0.0297615131
-0.0523371064
-0.0795658871
0.0604943677
-0.0261403952
-0.102716294
0.0192917938
-0.0652156412
-0.0394221327
-0.0965805324
-0.0112713442
-0.0949297646
-0.0822246323
-0.0366894512
-0.0410487123
-0.0580413391
0.0538481149
-0.00153656567
-0.0608028391
-0.0928492892
-0.0530458284
-0.0309642097
-0.0262032572
0.0167113802
0.0200364208
-0.0603794925
0.0933009316
-0.070338927
-0.0834624361
0.067786839
-0.0571069496
-0.00868056838
0.0661287448
0.0436429295
0.0212207243
0.0243144688
-0.0295562301
0.050353233
-0.0271378947
0.0121920058
0.0952750045
-0.0615071855
-0.072324239
0.00760065139
-0.000308780213
0.000242324226
-0.0408080121
-0.0834623711
-0.0155440183
-0.000183141949
-0.0544305201
-0.0385813342
-0.000699851203
0.0335447396
-0.0382246246
0.0253388735
-0.0384145626
0.0399436802
-0.0812299744
-0.103912876
0.0845343256
-0.0106145898
-0.0522322062
-0.0730445714
0.0464612688
-0.104638862
-0.0824455286
0.056712016
0.0180203622
0.0616980997
-0.0346618215
0.0338891387
-0.0199211364
0.0788144835
-0.0502742017
-0.0963924715
-0.0576283818
-0.0323223859
0.0722288286
0.106497891
-0.0128780505
-0.0769262071
0.0104873303
-0.0570296649
-0.0436854429
-0.0646229796
-0.0166514073
0.0290494796
0.0191520914
0.0316312952
0.0314509697
0.028126297
-0.105139569
0.0815260554
0.0690314363
0.101932906
0.102695133
0.0795619836
0.090565074
0.0617668202
0.0266834445
-0.0181735118
-0.010316211
-0.00961359154
-0.0151975649
-0.0173495455
0.0217115547
0.0382068519
0.0915286193
0.0677169962
0.0492010908
-0.0646849142
0.0501736361
0.0207167034
0.0811524137
0.00781683053
-0.0251400912
-0.0961538363
0.0779863694
0.0421429462
0.0477269812
0.0459240602
-0.0946370086
-0.0699333209
0.0386403404
0.0883411351
0.0751155189
-0.0878847875
-0.0268905368
0.00293230899
0.0931414067
-0.0986513419
0.0100457711
-0.103488042
0.0202216787
-0.00637051364
0.0254873589
-0.0173095427
0.0471012789
0.0390463192
-0.0814198808
0.0219671308
0.0829608331
-0.0206504354
-0.100035219
0.0293150446
0.0815637222
0.0397107908
-0.00593417478
0.0489225519
0.00751344294
0.0600756656
-0.0530064491
-0.0800299344
0.0533359088
-0.0313165985
0.0711329564
-0.070002621
-0.0737185173
0.0791898055
0.0818846367
-0.081185835
0.103640391
0.0109811418
-0.0209819275
0.0474251707
-0.0751028341
0.0453470701
0.085376111
0.081137204
0.0858036827
0.0987774359
-0.01419486
-0.0589143143
0.0103965829
0.0267225515
-0.0511087149
-0.0174742391
-0.0802181732
0.00771644383
-0.0270206094
-0.0774108964
0.0712610505
-0.080484333
0.0665816081
0.0249940326
0.0709414576
0.0202747175
0.0433383324
-0.0204137656
-0.0359454381
-0.0867283641
-0.0677964959
-0.102586239
-0.0838254256
-0.0527357044
0.096403417
0.0776926653
0.0461154219
0.0156696006
-0.0988732002
0.0801963306
0.0895313683
0.0973600731
0.08890421
-0.0274457679
0.0795047345
0.0742944939
-0.00378589395
0.00405737578
0.0110334549
0.104137461
0.0858158206
-0.10591625
-0.0672727776
-0.0906533262
-0.0292771727
-0.0274985547
0.0245186018
0.0884243126
-0.00312929416
-0.0144993673
-0.0641824859
0.0462200859
-0.097543502
0.0641377714
-0.0676983115
0.0616704474
-0.0899164849
-0.0392465831
0.0555343817
-0.0145906486
-0.104299663
0.084972546
-0.0691370844
0.0444854581
0.0619821741
0.100758636
0.097013826
0.00615928537
-0.0363448369
0.0257048433
0.000754816515
-0.0188464163
-0.0633710173
-0.0349145012
-0.0596368272
0.0212471983
0.0403404828
-0.0974714005
0.0892750742
-0.0300782298
-0.085267778
-0.0788212664
0.0871173211
-0.0395926131
0.0730450082
-0.0247264875
-0.0460216773
-0.0487988482
0.0669459242
0.00661169337
0.105887408
0.014944544
-0.0744000139
-0.0196075865
0.100793217
-0.0497667243
0.0287316939
-0.0554854969
-0.0957225132
-0.0372638403
-0.059976048
-0.0796686163
0.0861657719
-0.0547781887
-0.0438200822
-0.0875971381
-0.0596920928
-0.0263635391
0.026366144
0.0973440346
0.0629730878
-0.0696675683
0.093489684
0.0745986109
-0.00592580565
-0.0510192541
-0.041274893
-0.0100778671
-0.0611768196
-0.0190108723
-0.00436844095
-0.00801592667
-0.0709402653
-0.00107281441
-0.00466561238
0.0606439665
0.053101994
-0.0407130139
-0.0303287835
-0.0482626266
-0.0582353755
-0.0994793065
-0.0213302431
-0.028365987
-0.0779025464
-0.0604509787
0.0956968213
0.0571691017
0.024357213
-0.00339474084
0.0688140897
-0.019534538
0.00144614839
0.0700192987
0.08841438
-0.00195403944
-0.0202952066
-0.0395651981
-0.0288297349
0.0545342899
-0.106115418
-0.0663603878
0.0424559169
0.0702025525
-0.0422378756
-0.0312794933
-0.0324400862
0.00236386586
-0.0468191829
-0.0358020057
0.0468827019
0.0947347103
-0.0694788231
0.00479083664
0.0993443571
-0.0639233512
0.0934026461
0.00384112291
0.00472114119
0.0502638473
-0.0494618269
-0.048010328
0.0294880406
0.0375441867
0.0451890148
-0.0786955164
-0.0747930903
-0.0516009029
-0.0407432611
0.0687530588
-0.0386622106
-0.0556929221
-0.0840779863
-0.0844476841
-0.0220634034
-0.0836305579
-0.106835903
0.00575647287
0.102970235
0.0958702145
0.0337737415
0.0784121395
0.046276389
-0.029617002
0.0514581721
0.0286334754
0.0441515581
0.103269834
0.00706449109
-0.090662481
-0.0682526481
0.0939818086
0.0305815059
-0.0545166734
-0.011761255
-0.027943335
0.083671248
0.0868082304
-0.0748682309
-0.0326786502
0.0372283233
0.0115503578
0.0379107335
0.0562194895
-0.0519873789
0.0891657995
0.0311344648
0.0414455119
0.0205887608
0.0815578251
-0.0127483832
0.0784000482
-0.067073005
0.0553493631
0.0476565089
0.0682842147
-0.0872774733
-0.0390676526
-0.0346824399
-0.100409794
-0.0458838472
0.0367424691
-0.0476873018
0.0525439666
0.0992636115
0.0447262489
0.0142732022
-0.0791732528
-0.0815187632
0.0472716373
0.0371392003
-0.012234746
0.0190752823
-0.0701916341
-0.101099225
0.0283400183
-0.0158711991
-0.025119397
0.0589781923
-0.0692070321
-0.0300730773
-0.102655923
0.0194065706
0.00827736866
0.0696622975
-0.100831963
0.0687909103
0.0919710489
0.0460654668
0.036505753
0.0242839302
0.092792188
0.0334436778
0.0128030045
0.00266007796
0.00919942588
0.0632995781
0.0558215969
-0.0537113813
0.0813996258
-0.0647196573
-0.00867858749
0.0881906854
-0.036833753
0.0318467974
-0.0943885007
-0.00650056503
-0.0231973915
-0.0402991022
0.0314231403
-0.0895098066
-0.0948582252
-0.0952716858
0.0198885656
0.0304900651
-0.050398324
-0.0839193008
-0.0426228333
0.0532195302
0.0965270421
0.0514785645
0.0545804982
-0.0128583526
-0.0705444025
0.0613982894
0.0533679164
-0.0706747501
-0.0722639862
0.0511142148
-0.102594209
0.0585271227
0.0585347376
0.0191824742
0.0848989654
-0.0711381405
0.0390140297
0.0842349312
-0.0660251409
0.042044642
0.0811595925
0.0976087703
0.00963701829
0.00508788489
-0.00590733966
0.0469473569
-0.00675080995
0.0100047096
0.0102134323
0.0126697212
0.00803750999
0.0486906891
0.00763006545
0.0452201233
-0.0163257641
0.0704999451
0.0632021712
0.0696859782
0.00977956187
0.0555764603
-0.0770840072
-0.0748432527
-0.0688393924
0.0667820477
0.0525737235
0.0397694849
-0.0489169738
0.0614704666
0.0779824169
0.0090650765
-0.0528142945
0.0699462512
0.0650172512
0.0130985103
-0.0703038663
-0.08874216
0.0390304674
0.0608604228
0.0459547352
0.103392677
0.0364610607
-0.0446035695
-0.0211123746
0.0361619199
0.0802656833
-0.0999630731
0.0406870919
0.00522573917
-0.0688161708
-0.00520229154
-0.0229848445
-0.00462244569
-0.0104953775
-0.10238159
0.0484701539
0.038364492
0.0688567463
0.104727229
-0.00181739196
0.0330901285
0.0232494445
0.0848280826
-0.0701161141
-0.0723062376
0.0234471473
-0.099213829
0.0790221981
-0.00157577503
-0.013750184
0.0146884523
0.011772784
0.0972815505
-0.0867699868
0.00782761193
0.0904270807
-0.0401534675
0.0890293365
-0.0607782067
-0.100985385
-0.0752987748
0.0186724716
-0.0159474133
0.0129512161
0.0923963323
0.0131096173
-0.00510096749
-0.0477016738
-0.0488662299
-0.0930402669
-0.00161960586
0.0749922547
0.0171706366
0.0485760298
0.0670037958
0.045739099
0.0344676989
0.0110462609
0.0466531498
0.104895472
0.074006391
0.0777803837
0.00941992978
-0.0211416623
0.0788263071
0.0111326373
-0.0719593805
0.0200064283
-0.0184205052
0.0587788097
-0.0536687303
0.0838655851
-0.002664615
-0.0600030694
-0.0998380975
-0.0952521652
-0.0905876875
-0.0396826178
-0.0390194305
-0.0502542461
-0.0237270784
-0.0427429737
-0.0835577354
-0.0105675226
0.0195760301
0.0638720785
0.0247242259
-0.0472160055
0.0645068154
0.0566863711
0.0954789565
0.0734687288
0.0377581792
-0.069609065
-0.0159023426
-0.0631960123
-0.00372615349
0.0663530481
0.00216247586
0.0494706369
-0.0351042539
-0.0105230316
-0.00174642003
-0.106395939
0.0245968469
-0.0558499512
0.0537614454
-0.100702575
-0.0648893937
0.0668903675
-0.0527650972
-0.0154874847
0.0389490182
0.0739415331
-0.0872849541
-0.0362493651
0.00932740837
0.057602911
0.00378682878
0.0662644009
0.0468693765
0.0222525426
-0.00916224653
0.0154294794
-0.107059808
-0.0255849834
-0.00848083978
-0.0922311456
0.0870629119
-0.0330003628
-0.0422116062
0.0445797494
0.0985797152
-0.0551251902
0.00141760534
-0.0869939973
0.0703792832
-0.0722410706
0.0300578446
0.0665107999
0.0631590766
-0.105661115
-0.0113644138
0.0255093031
0.0155869306
-0.0497899925
-0.0976358021
-0.0484050596
-0.0467111119
-0.0526014622
-0.0505812246
0.0744010549
0.0862409335
0.00928316024
-0.0787311819
0.0705847682
-0.00538636419
-0.0911624774
-0.107587323
-0.0427366225
-0.0838684445
0.0367956148
0.0947573892
0.103471728
-0.00419806446
0.0966360987
-0.0455360041
0.10135907
0.06002335
-0.0142182565
-0.0760278946
0.0584140175
-0.0546371843
0.0826384939
0.0756117894
0.00587399536
-0.0060495545
0.054426029
0.0905729146
-0.0347172535
0.0819970389
0.0533767636
0.0464146306
0.0585856848
0.0502189208
0.0451706671
-0.0674521276
-0.0379652724
0.0940218879
0.0121961963
-0.0196508202
-0.0803337205
-0.0276807331
-0.0905595083
-0.0604901511
-0.0296571233
0.0557002686
0.0945267105
0.0829995688
-0.0320158435
0.0181874339
0.0598977331
-0.0960894731
0.0489410908
0.0840761345
-0.047469832
0.0275899035
0.0209214104
-0.0256930677
0.0714031275
-0.0810976885
0.0405869969
-0.0572345055
-0.0813609672
0.0532931941
-0.00427380487
0.0859654321
-0.0919939225
-0.020482912
0.0342623079
0.0558768559
0.0261651929
0.0452156455
0.0873665508
0.0517443358
-0.0489375672
-0.0391029007
0.0120300257
0.0296977838
-0.107001574
-0.0996186719
-0.062633408
0.0785757043
0.0631057793
0.0687043673
-0.0490980058
-0.0614522293
-0.0947138609
-0.0669662916
-0.0402724855
-0.0316751168
0.0401872431
0.0166678972
0.00438289843
0.0823327614
0.0334869991
0.0283252165
-0.00816982393
-0.0258431973
0.0757719513
0.0236473072
-0.0231636401
0.0787951357
-0.00337867179
0.0776413347
0.0679220075
0.0599196892
-0.0724123271
-0.10706224
0.0628081618
-0.0998365187
0.0808261097
-0.0655570635
0.0894837641
-0.0397045157
-0.0418431835
0.0500253595
0.0806350196
-0.0451520424
-0.0665775196
0.0341672386
0.000680666958
0.068453881
0.103127527
-0.0505630017
0.0360868852
0.0318778983
0.0679694321
0.0204464842
0.014469638
0.107621709
-0.0571838866
-0.0628318839
0.0281945199
0.0370783535
0.0818296012
-0.0903475121
-0.0110812123
-0.0462781892
0.0192305798
-0.0472669846
-0.0864291165
0.0667672848
0.0961714589
-0.0182964084
0.0167651092
-0.0524957802
0.106456236
-0.0568940169
0.105559895
0.0557768729
-0.0468577741
-0.0124388398
-0.101135084
-0.102451569
-0.0452567664
0.0140487823
0.0512447738
-0.0269032153
-0.0940294333
0.0890356702
0.0969000345
0.00977739081
0.0147764951
0.000108339532
0.0780421909
0.104101677
0.0807281036
-0.0674637817
-0.100989212
0.103462907
0.104628352
-0.0933534571
-0.0280699381
-0.0276412198
0.0319212015
0.061859744
-0.0809537697
-0.0926275146
0.0181342881
0.10085199
0.0410731067
0.0124210782
0.0871213739
0.0927092006
-0.0664732959
-0.0790459899
0.0655554958
-0.0342418176
-0.00778432008
0.062552698
0.0976385577
-0.0461230157
-0.0414043284
-0.0389278345
-0.00729797333
0.0283499156
-0.0216171972
-0.0715980376
0.0217771688
0.084438699
-0.00938937407
0.0964797615
0.0211001563
-0.00996501536
-0.0277640755
-0.0385425763
0.0574972456
-0.0645043609
0.0855273154
0.01975566
-0.0191911813
-0.00645246001
0.0445653693
0.0993293416
-0.0837057919
-0.100507064
-0.0141914233
-0.0211158106
0.0355219343
0.00992771766
-0.0448220952
0.0254282754
0.102971019
0.0187694811
-0.0625425401
-0.0405985098
-0.0226231519
0.0142848687
0.0193373916
0.0172582328
0.0549252759
0.0150565872
0.0512755541
-0.0789098508
-0.077361357
0.0125865504
0.105452092
0.0103422663
-0.025970901
0.0393787565
0.0241214221
-0.102554121
0.0371844761
0.0380624202
0.0913974008
-0.00866980208
-0.0967247251
-0.00777817788
0.0961589773
0.00599280708
0.0235430794
0.0712678914
-0.0226126271
-0.0508892493
0.0842737752
0.0218764089
0.0423748014
0.0327938494
-0.0635646146
0.0917717082
0.0780838636
-0.0401258213
0.028704179
0.0592797661
0.0854486172
0.0675955818
0.0521307531
-0.00298227237
-0.0324393435
0.0730690065
0.0959007878
-0.0349785716
0.0495224586
0.0558653159
-0.07535268
-0.012678881
0.0126194113
-0.0918380838
-0.0359084067
-0.090115849
0.049546974
0.0930801858
0.0782808448
0.0253700702
0.0982128681
0.00918016812
0.0142142824
-0.0588059129
0.0677467545
-0.097239968
0.0150008162
0.00220374654
-0.0513598031
0.0341228028
0.000857812981
0.0520731444
-0.0172925379
0.00043749219
0.090705002
0.0768502457
0.0460208356
0.0557532397
-0.0611249483
0.0531179285
-0.00305732315
-0.0475558055
0.0640746387
0.047338784
0.0205895801
0.0889971934
0.0943441781
0.0540804964
-0.0272245956
0.00534373652
-0.0301086596
0.00334196856
0.013339345
0.0414131399
-0.0290118595
-0.103999045
0.0120975301
-0.0756081396
0.0501321
0.0231551413
-0.0141145671
0.0146114524
0.0331273914
-0.0683978972
-0.0639034638
0.0133453172
0.073308284
0.0746104242
0.0153634852
-0.010369711
-0.094164052
0.0812717253
-0.100559556
0.046176163
0.0396897353
0.0646832347
-0.0909521709
-0.0528639933
0.089223483
-0.0618393577
-0.0153185913
0.0543260872
-0.0874438953
0.0192120017
-0.03654419
0.0289389837
0.0301765337
0.087992877
0.0794383329
-0.0569062102
0.00483020894
-0.00626901243
0.0103872134
-0.0620365403
0.0656175319
0.0836305769
-0.0677733601
-0.0592491457
0.00517240392
0.0841783009
0.0463191727
0.0356843961
0.0383888427
0.0416349052
0.05150853
-0.0506971816
-0.0290785072
0.0754052174
0.0934965379
-0.0320854876
0.0842716138
-0.0667935519
0.0535177517
0.00447916991
-0.0466075812
0.00706666309
0.102029823
0.0518768586
0.0574944217
0.0599968438
0.0412279752
-0.0956006384
0.00236560528
-0.0891571571
-0.095339709
0.0285489847
-0.0536717884
0.0844259086
-0.0991406561
-0.0106500626
-0.0162433943
0.0709712093
-0.00738724042
-0.0855333411
-0.0835804057
-0.088054328
-0.100861136
-0.051859068
-0.0429314532
-0.0655871225
0.105182235
0.0669248325
0.0922769712
0.0941985879
0.0947378197
0.0576440564
0.0966503388
-0.0299894465
0.00678356007
-0.067567669
-0.106348743
-0.0267008594
0.0501953995
-0.0465384101
0.0981016244
-0.0581248921
0.090365795
-0.0256636735
0.0523784004
-0.0379396708
-0.0781573868
0.0201539511
0.0361404669
-0.0986860793
0.0099240044
0.0277412751
-0.070724045
-0.0712950577
-0.105379163
-0.0767121187
0.0122357183
-0.107083596
0.0290226113
-0.00417088465
-0.0547342548
0.105034179
-0.079478112
-0.0896582791
0.0963855571
0.0790973188
0.00659304498
0.0538232346
0.0799928377
0.0284686817
0.0541039712
0.0300273278
0.00414537514
0.0157381139
0.0842162499
-0.0739812683
-0.0644294557
0.0199140116
-0.0347856681
0.00253692563
0.0596490897
-0.00389724191
-0.101065319
-0.0597284797
0.0869227723
-0.0791310017
0.0767910237
0.0934634347
-0.0448881303
-0.00478446445
-0.0854394078
-0.0529303067
0.000406420677
-0.0424143669
0.0117741711
0.0915735381
-0.00371016725
0.073369285
-0.0487314904
-0.0879827038
-0.00111062325
-0.0776572075
0.0857950982
0.0179846688
-0.0735995212
-0.0451516383
-0.0895360574
0.0603041617
-0.102805922
-0.0941002593
-0.089921904
0.0241389273
0.101016219
-0.000729899346
0.0912752226
0.0676671527
0.0809568291
0.0386850403
0.0917208012
-0.0586186974
-0.0133118568
-0.058118116
0.0271151632
0.0410663143
0.0342482574
-0.0918882522
0.0736460786
-0.105914795
-0.0813232247
-0.0324243921
0.0772819898
-0.0820496096
-0.0812591047
0.00773667154
0.0600445236
0.0530170229
0.0951622733
-0.0507178063
0.0219211168
0.0306843578
0.0357729512
0.071739077
0.0255137645
0.0471092377
0.100594031
-0.104220627
-0.0246390302
0.0592243677
-0.0996229309
0.0369009848
0.00910602041
0.0569545216
-0.106864134
-0.0876416205
-0.0163612734
0.060708254
-0.0329773198
-0.0430537582
0.0480445736
0.0140285838
0.0619008444
0.0132133788
0.0132545777
0.0817890472
0.0605368529
-0.0161691975
0.0855056669
0.0630427284
-0.0667384536
0.0483059688
-0.0118827662
0.0106419627
-0.103049305
-0.0153825247
0.104448844
0.0527850513
-0.0142737787
-0.0625543394
-0.0420181584
0.0545878896
-0.0863528302
-0.0665894607
-0.0390745795
0.0741780109
0.0133582174
-0.0349973617
0.0638303043
0.0132999585
0.0544614388
0.0110867517
-0.0392472147
-0.085364324
0.0581204547
0.06593421
0.0444029612
-0.00250689631
0.0453859011
-0.00662058261
0.0380454141
-0.07463739
0.0775062626
-0.0552372864
-0.0179682429
-0.0128676314
-0.0173431039
-0.0840049829
-0.0593260745
0.0962372751
-0.102777981
-0.0803931603
-0.105858515
-0.0557102774
0.0712238997
-0.00886406112
0.0594930068
0.0138363449
0.0437643118
0.0430252812
-0.0315759704
-0.0739845265
-0.0752770213
0.0857259694
-0.0327789454
0.00691535847
0.0724350933
-0.0573247475
-0.0597561041
0.0587710203
-0.0247470767
-0.0417482216
0.0223009562
-0.00956186378
-0.0300476361
-0.0816660612
-0.053414009
0.0757893475
-0.095380454
-0.055014751
-0.0887514599
-0.0183555348
0.028506764
0.0961599081
0.0525818615
-0.0309865632
-0.0836111698
-0.0961237446
0.0407503002
-0.0403576793
0.0418558462
-0.0323919442
-0.03748503
-0.0373005437
0.0895855102
0.0525450788
0.0565669779
-0.0502032355
-0.0901792051
0.0080792357
0.0294825047
0.0839688343
0.00847469238
-0.0235650562
-0.084622542
0.0997069905
-0.0480216869
-0.0721388869
-0.076528548
-0.000331480463
0.041129961
0.101866566
0.0751098529
-0.0167173784
0.0931725206
-0.0839979259
0.0951846969
0.0837271162
-0.084828554
-0.0648066762
-0.100332893
-0.051160332
-0.0526925155
0.0186791255
0.031617501
-0.0215060272
-0.0342708037
-0.0151845878
-0.0194788794
-0.029669722
-0.087515662
-0.0572245295
-0.0771181296
0.0932160105
-0.0274974494
-0.0763624974
0.0499206298
0.0451118532
-0.0808602779
0.0822798368
0.0745883705
-0.0237672889
-0.0322212864
0.00885756272
0.056697398
0.0757977352
0.00582218942
0.00476765389
-0.0191582173
-0.101262765
-0.0389037224
-0.0670592323
-0.0605087199
0.0686730001
0.0233359555
0.00126415467
0.0424594904
-0.0416310884
-0.0202554062
-0.0755426759
0.0249893205
-0.0707593808
-0.0649884462
0.0482218789
-0.017856954
-0.00360291792
0.0357104146
0.0239485137
-0.0745037557
0.0288089892
0.0408153407
-0.0239140218
-0.000317316133
-0.0175477844
-0.00999934083
-0.0118411728
0.00533901296
-0.0850100905
0.00264817628
0.0897184776
0.0660801574
-0.00251139345
0.0763078419
0.00719796306
0.0804439924
-0.06532452
0.0827204111
-0.024750866
0.0153446361
-0.0228056785
0.00952365558
0.0992199885
0.0341605657
-0.0434931617
0.0347121413
-0.0303647807
-0.0963869567
0.103277781
0.0710950929
-0.0986482354
0.00700687747
-0.0200721583
0.0162184052
-0.0602864547
0.00813881866
-0.0666280815
0.0296695861
-0.0855852206
-0.0147781309
0.0467064791
0.105575984
-0.00658005801
-0.0172408703
0.0868194648
0.0683482118
-0.0639913853
0.0414518082
-0.0183782489
-0.0248249827
0.00679952359
0.01616073
-0.103966602
-0.0110779741
0.04304414
-0.00335224961
-0.0201344279
-0.0483635945
0.0744975119
-0.0794972629
0.0217433981
-0.0719510712
0.0379040252
0.0515281454
0.0124819063
-0.0530465407
-0.0715435831
0.093480951
0.0654526966
-0.0594697616
-0.0626287528
-0.0361560304
-0.0401129745
0.015589125
-0.0477145121
0.104640866
-0.0630240562
-0.0728105069
0.0664963609
-0.0248259146
0.0610761453
-0.0533985973
-0.0389841949
0.0579584497
0.0125957032
-0.0125968646
0.0670087325
-0.106143344
0.0865191005
-0.0553623446
-0.0984988443
-0.0873722958
0.103169269
-0.0833830642
-0.0552423867
0.0459747042
-0.000192348531
-0.0829205205
0.00485603249
-0.0385407149
0.0549971237
-0.0546674019
0.0394745317
0.0362879849
-0.0570600832
0.0838953838
0.0631884227
0.0545234723
-0.0654176384
-0.105621951
-0.0781418371
0.0696476851
-0.0731794559
0.103170303
0.058699587
0.0222438756
0.0212048015
-0.0721603339
0.0947099677
0.0713108155
0.0530515933
-0.0753988088
-0.0738529451
-0.0147436859
-0.0690729172
0.0249602028
0.0581975604
-0.104874264
0.0902339178
-0.0409608127
-0.0651893564
-0.0602018353
0.068284545
0.0553429483
0.0883263834
0.0986233363
0.0803349105
0.0605636803
-0.0477723919
-0.107481839
0.00704543703
0.0950049507
0.0647310183
0.0342917218
-0.0482151479
0.0702957663
0.0797313621
-0.0503436693
-0.0964712761
-0.0728696907
-0.0471914909
0.0307659449
0.0378430952
0.071939725
0.0841086135
0.00404721593
0.0877844082
-0.0960265034
-0.0736682488
-0.0502005834
0.0423375922
0.0320026185
-0.00158548187
0.0425467651
0.0154608907
0.065652984
0.0724119767
-0.0110322912
0.0191348362
-0.00856648713
0.0871940899
0.0243402735
0.106185707
-0.0900761156
0.100404356
0.0705151834
-0.04161888
0.104531414
-0.0593523169
0.0724521843
0.0510622265
-0.000322870174
0.00230904322
-0.0579108396
-0.0753490218
-0.0723035208
-0.0140817344
-0.0410549743
0.0844279081
0.0828173892
-0.0118949404
0.0927141335
-0.0880737394
0.0905535366
-0.0240595717
-0.0143550593
0.0699339463
0.00384268752
-0.0141392421
0.034761775
0.00675898479
0.0182022799
0.030221443
-0.0876830042
0.105694409
-0.0573791999
-0.10712846
-0.00572585804
-0.0308512032
0.00636070763
0.016633812
-0.0513320821
0.070467865
0.00229302308
-0.0910286482
-0.0340125925
0.105929603
0.00515130523
0.0480747941
-0.0914163491
-0.0608649531
-0.0640357177
0.107162137
0.078865245
-0.0874715007
0.011854194
-0.0234665302
-0.0736452472
-0.0299328638
0.03739584
0.00539412422
-0.0631884324
0.0756766797
0.00459303644
-0.096135784
0.00606030818
-0.0784015997
0.0047462383
0.106838963
0.0425507689
-0.0448083336
-0.0112825591
-0.053815355
0.100743483
-0.0821794802
0.047252279
0.0187457613
-0.0347026871
0.0480353317
-0.0415268083
0.0662826059
-0.105333081
0.0935003954
0.037289788
0.0841844209
0.0939521326
-0.099504772
0.0697653371
0.0917154637
0.00260071058
-0.0955989371
0.0226512583
-0.041826539
-0.0892705142
-0.0312447982
-0.0550671533
-0.0392778724
-0.0218628684
-0.0664946621
0.0665657678
0.105208184
-0.105950808
0.0727089075
0.0901586671
-0.0169270343
-0.0513668341
-0.0728060963
0.101951892
-0.00793781855
-0.0808355987
-0.00259303429
0.0996496569
-0.0659950309
0.102906777
0.104944453
-0.0687697222
0.0814666758
-0.0434895272
0.0803142513
0.0634946026
0.0476644113
-0.0109107477
-0.0549460388
0.0472167966
0.0338350634
0.10633674
-0.0387799806
0.0100912224
-0.093992191
-0.0526688938
0.103807745
0.0377235967
0.0698729912
-0.095912967
-0.107064249
0.0670079947
0.0495594845
0.0326000499
0.107334013
-0.0480973248
0.078656921
-0.0315915997
-0.0580168732
0.0488842691
-0.103460276
-0.0784672987
-5.53430954e-05
-0.0499033086
0.0668901918
-0.0884343821
0.0228886154
-0.0275038714
-0.0595249053
-0.0871429822
0.00229895985
0.0251954602
0.0998026096
0.000783582627
0.0978076567
-0.0136247159
0.0360748062
0.0187878061
-0.102717507
-0.0167653136
-0.0714364215
0.0375964912
0.0535778376
-0.0112438784
0.0419078963
0.107093256
0.0809357032
0.10748054
-0.0170828243
-0.0609041421
-0.0720255716
0.0807359385
-0.0449718299
0.0537102149
-0.0996706878
0.0148080502
0.106939782
0.0698185578
0.0652123861
0.0285312756
-8.20146426e-05
0.0209595123
-0.0543519398
0.0311142783
0.0123924322
0.103694782
-0.0535866769
-0.0277408606
-0.0324336722
0.0898712906
-0.000116645609
0.0324914446
0.0278165541
-0.0877565492
-0.0464537649
0.0529441487
0.000696662533
0.103958478
-0.0185793265
-0.0393212266
-0.0992580981
0.0993402406
0.0442995877
-0.0479875304
0.0671792207
0.0319086903
0.105764832
0.0724622285
0.0348292
0.0380242945
0.0712821613
-0.0545834588
-0.0557556737
0.00869292955
0.046436591
0.0630731134
-0.0805336038
0.0230240344
0.0221865411
-0.0795531749
-0.0285766721
0.0852869385
0.0936826425
0.016215016
-0.0336298717
0.0703036282
-0.038392408
-0.105799497
-0.0478340076
0.0295935682
0.0984843963
-0.0954988959
0.00289258995
-0.028771926
0.0659269605
-0.018439709
0.077588613
-0.0716327765
-0.0495761609
0.0822453665
0.077172013
0.0451036638
0.0456928345
-0.0709663323
0.057109819
0.0138416748
0.0958078868
-0.0106465144
-0.00360061234
-0.063170155
-0.0343957108
0.0195192349
-0.0167222336
0.0824214793
-0.0888928364
-0.0703421635
-0.0801924588
0.0516310654
-0.031703336
0.094281403
0.0131539491
-0.0836610081
-0.00431617586
0.0202313704
0.100627267
0.0680129516
-0.00904812038
0.0694933598
0.0408529217
0.0465643019
0.0775359539
0.0349058346
-0.0229820106
-0.0368449343
0.0752195155
-0.0827769711
-0.0564205956
0.053299487
-0.0720356346
0.0163743864
0.0394946526
0.00612343721
0.0299638187
-0.0782238015
-0.0642433898
-0.103019407
0.0331590163
-0.0728078256
-0.010928847
0.0883340205
-0.103030477
-0.0854572666
-0.0312679515
0.00156292897
-0.0433783483
-0.0293996551
0.033173971
0.0750098597
0.0759483734
-0.0262388591
-0.0613457062
-0.0926712042
-0.0531753806
-0.102967817
0.06153431
-0.0426568201
0.0166219271
-0.015621688
-0.0664954551
0.0589509353
0.0964475485
-0.0160388151
-0.0502552997
-0.0793428661
0.0979327654
0.00466405195
0.102076717
-0.0706989155
-0.0424680096
0.086840486
0.0186264189
-0.038322472
-0.102603077
0.0677238722
-0.0301288074
0.0682036509
0.0529573623
0.09314016
0.0237331651
0.0499259703
0.0308409494
-0.102866745
-0.0843785723
0.007756598
-0.0117845768
0.0695713754
-0.102468727
0.00905275385
0.0127898218
0.0141189099
0.0459071736
0.0821204598
0.0675623412
0.0846504164
0.0766493922
0.064451844
-0.0347883954
0.0171812341
-0.00727804844
0.0827508312
-0.0659584807
-0.0718579315
0.032298666
-0.0249736618
-0.00251831972
-0.0613258175
0.0161971633
-0.0574345537
0.0790974541
0.0408143107
0.100976855
0.0171802265
0.0301833887
-0.00143225908
0.0566918467
0.0192574319
-0.0813821959
-0.0167340424
-0.0785369169
-0.0481509138
0.0350841214
-0.0800716522
0.00139070945
-0.00885167555
-0.0106550635
0.0803714935
0.0371030754
-0.0989685004
0.0532209347
-0.0256140683
0.0625777717
-0.079161102
0.0480787671
-0.0910185555
-0.00967463876
0.0740607355
-0.0424415288
0.0939722875
-0.0873051849
0.00388090639
0.0345808321
0.0918994456
-0.0115418358
0.036717502
0.0871714199
-0.0761330435
-0.0413226477
0.0676351554
-0.0922262194
0.0861341385
0.0537117222
-0.10191781
-0.10292866
0.0981963497
0.0409165395
-0.0530612624
-0.039079741
0.0674172475
0.0448011201
-0.0187691551
0.072469401
0.0558083596
-0.0955745083
0.0364359692
0.0742019155
0.0233470632
0.10388412
0.0749791005
0.00247110578
0.0268663935
0.0270476009
0.107540459
-0.0299322322
0.066149287
0.00304635574
0.0800066551
-0.0391822381
-0.0461237748
-0.0825578398
0.0527675073
0.0152948089
-0.0168060962
-0.0549191368
-0.0309486222
-0.0409709777
-0.021899643
0.0592996247
0.0863277679
-0.0137769689
-0.043588003
-0.0545767675
0.0185592034
-0.0716012303
-0.0138527254
-0.0273425005
0.0389658376
0.0939293403
0.0468988972
-0.00838567294
0.00133036278
-0.105399293
-0.0823075829
0.0244098326
-0.0914116772
-0.0427375013
0.0289805187
-0.0596292702
-0.0462641201
0.0768917755
-0.0676784031
0.0347216141
0.0876783788
-0.0708927316
0.00351104915
0.0575462435
-0.0621773297
0.0334465336
-0.0886768815
0.0228154961
0.0396487903
0.0240322094
0.0503650489
-0.0555925607
-0.0924736131
-0.0917786181
-0.0986721699
-0.0103793019
-0.0123319442
-0.064340715
0.0981428211
0.0423199033
-0.058482907
-0.0697801587
0.0462247162
-0.0530172055
-0.0169464711
0.0404880634
0.10263268
-0.105416972
-0.0657741771
-0.0825932
0.0808488614
0.00831013974
-0.035004044
0.0597956809
0.0648321599
0.0321775915
0.107481212
0.0469852279
-0.102069613
-0.0148552536
-0.0675969905
-0.0774511036
0.0587856997
-0.0315005268
-0.0644516236
0.107712017
-0.0657273026
-0.0856129676
-0.065762546
0.0299035941
-0.0730875601
-0.0858685553
0.0986198784
0.107362179
0.043898541
-0.0534158951
0.0185117165
-0.0796915582
0.0378805114
0.0220402609
-0.0904987236
0.0459419452
-0.10179967
0.105302407
0.0712977915
-0.0249183364
0.0572111261
0.0603475234
0.0212642108
0.0757827296
0.0794152916
-0.00478041358
-0.0328461613
-0.0274685492
0.0460992691
0.021210563
-0.0965808372
-0.00920724406
0.0974650835
0.0482817235
-0.0648639703
-0.0778024133
0.0977566055
-0.0691815245
0.0145121645
-0.0151340379
-0.0439933209
-0.0848995806
0.0328070522
-0.0624753952
0.0669845872
0.0905161199
-0.0198769855
0.00999908195
0.0862075534
0.0389042835
-0.0372341282
-0.0607564961
0.0806880786
-0.0197245953
-0.0184880248
0.0466929227
0.050866125
-0.07300188
-0.0815998882
0.061079276
0.0125946503
0.104282712
-0.0889680323
0.0766140205
0.0949637682
-0.071343673
-0.0600278853
0.00923403089
0.0547210008
-0.0110698904
0.00694697868
0.0793562906
-0.0301519142
-0.0451170494
-0.0230701416
0.00029110529
0.0422635388
0.00555899375
0.0816955757
0.0501334086
0.0373858728
-0.00690596086
0.0830388842
0.00988583284
0.0564458423
-0.00422991761
-0.00410559486
-0.0922936949
-0.044595602
0.0346789601
0.00427024486
-0.0941977819
-0.0300338602
0.0701351014
0.030990716
-0.0882785126
-0.0197421363
0.0459843842
-0.0582490063
-0.0122184782
-0.0280232055
-0.0211426625
0.046109922
-0.105191909
0.0842977739
0.0536387889
-0.0305493836
0.0979975907
-0.0418378969
-0.0817498363
0.0684047775
0.0307122025
0.0861327349
0.0384363736
0.103064039
0.100920767
-0.0153258771
-0.0263942184
0.0185342638
-0.106434857
0.00118564426
-0.0888700545
0.0886164874
-0.0493035338
-0.0966383928
-0.0213997165
0.0953332158
-0.101755252
-0.00110959505
0.0290966421
0.0236013371
-0.106773888
-0.0912640483
0.0995578045
-0.087877635
0.0150208237
0.0465339503
0.0983581383
0.0284773068
-0.0849325737
0.0991175338
0.0212246314
-0.0634888298
0.0754367871
-0.0776087818
0.0511440378
0.0749662669
-0.0243941754
0.0492015319
-0.0529527342
0.031429694
0.0755154622
0.0621428573
0.0553547111
0.0510337116
-0.0265096441
0.103075975
-0.0640594546
0.0971290928
-0.0191151654
-0.101542815
0.0969979335
0.0222935907
-0.0627501183
-0.0411819978
0.0825390405
-0.0209321343
0.044663014
-0.0500296456
0.0931656852
0.0125086715
0.0926516763
0.0666414427
0.067944779
0.0905912067
0.0530566202
-0.0258738836
-0.0752581371
-0.103177731
0.0839841526
0.0288338643
0.0165965467
-0.0293803551
-0.0987631637
-0.0261951895
0.0866744577
-0.0915490842
0.0239999091
0.0930568739
0.0335217682
0.063254004
-0.0244379222
-0.0956806028
-0.0380303122
-0.0436771757
-0.0593888538
0.0195478501
-0.0577329647
-0.0751848737
-0.0741634477
-0.0837674202
-0.00925084885
-0.0399348464
0.00334825171
-0.00980491258
-0.092067768
-0.00560075438
0.0344744592
-0.0256204219
0.0313451624
0.0344609052
-0.0256669495
-0.103318168
0.0323181204
-0.014317414
0.0995861356
0.0506045148
0.0258783702
0.0606046957
-0.087810213
-0.0473943447
-0.037548202
0.081507057
0.0580880809
-0.10574683
-0.0937102223
0.0541015991
-0.0376517104
-0.0706970431
0.00134623897
0.0162795545
-0.0893633771
0.0576853128
0.0185640259
-0.0240357311
0.0309881829
-0.0884261616
-0.0313895936
0.0644179442
0.0492707558
0.0988685197
0.019771357
0.0679108618
0.0319864858
0.0683643793
-0.023967813
0.0880158538
-0.0746450864
-0.0885005741
0.0873835226
-0.0736873779
0.0840042938
0.0620141754
-0.0491898612
0.0631821129
-0.0831921219
-0.037093313
-0.0164201979
-0.051798665
0.0172674545
-0.0777452735
-0.00446980172
-0.0738230352
-0.039487212
-0.0233559348
-0.0540008526
-0.0812805192
0.0266768792
0.0685222866
0.0628134023
0.0777130403
-0.0587878074
0.00791460483
0.0380267633
-0.105677454
-0.0406536599
-0.0930800506
0.0879499647
-0.0242295813
0.0321667792
-0.014811632
-0.0210406044
0.0443865993
-0.0682804069
0.00641227268
-0.00173182524
-0.0337697988
-0.0869215578
0.0939356056
-0.0200752236
-0.0264262572
-0.052271373
0.0497062596
0.0578521616
0.0510702788
-0.0167519357
-0.0170033998
-0.0351525816
0.0790951851
0.101428005
-0.0295216461
-0.000570098032
0.0434393173
-0.0793828829
0.0636185512
-0.0809916893
-0.0949213652
-0.0301309496
-0.0638264166
0.0602893775
-0.099017474
0.100126558
0.0255796528
0.0965961461
0.105159874
0.0462352195
0.0957999884
-0.00286185689
-0.105451149
-0.00488038109
0.0928787192
0.0919586444
-0.0918124024
-0.0907561211
0.0740753665
-0.0985246025
-0.0700955742
0.0832520927
0.0452304578
-0.0397378883
0.0901899506
0.0329105329
0.0575488324
0.0102821259
-0.0135484239
0.0873895196
0.0994180192
0.00746047721
-0.102968545
0.0279686329
-0.0669424618
0.0184584026
-0.0977301074
-0.00617934106
-0.0519085233
-0.0918289036
-0.00983917251
0.106646982
0.0954413116
0.0195337782
-0.0403326335
0.0338570573
0.0584319395
0.0291314638
0.0379554405
0.0619032297
0.063688209
0.0991036007
0.0217139729
0.0525641829
-0.0639102105
-0.07461472
0.0312775889
-0.0286926632
0.0504542942
0.0441891297
0.0437702608
0.0769303747
0.0248764294
0.0127897122
0.0969430218
0.10376033
0.0348002195
0.092499953
0.0351518506
-0.0509360975
0.0977642284
-0.0770395409
-0.0533814519
0.0872928985
0.0101763126
-0.0862891941
0.0873984866
0.0993122038
0.00464674619
0.0086666415
0.0235036429
-0.0647408902
-0.038698179
-0.0646353247
-0.0376534787
0.101684466
-0.0699559333
0.0420108097
-0.0137469069
-0.0296780906
0.0732780861
-0.0844644291
-0.0744809662
0.0448393187
0.0455886027
-0.00888600681
-0.066468727
0.0970442996
0.0639457581
-0.089406125
0.105836804
0.0604434224
0.0941670763
-0.0802030454
-0.0121413068
0.0520972288
-0.00897323918
-0.00437277796
0.0368497507
-0.0960093336
0.00471687816
0.0710035715
0.102366718
0.10521983
-0.104301548
-0.0568424137
-0.0430311453
0.0254496721
-0.0160050715
0.106135986
0.00539277008
-0.0429417331
0.0121768179
0.102552959
0.0344885511
0.00157350994
0.0678568483
-0.0609051895
0.0539738844
0.0623220788
0.0581905943
-0.0879600016
0.023252973
-0.100516147
-0.102590278
0.0462917382
0.0508541506
0.00357824472
0.0299270269
0.0262996776
0.0892303906
0.0767121137
0.00924742028
0.0448985688
-0.0951106691
0.00132336376
-0.103930673
-0.0768849539
0.0962662305
0.086887017
0.0993392835
-0.0954487071
-0.100380437
-0.0947092066
-0.0252272224
0.044937333
0.00464900215
0.00900429148
0.0826460198
0.0701069238
-0.093434577
-0.0102733759
-0.0238801377
-0.0631357559
0.101012127
0.0307327047
0.106457844
-0.0220391287
0.0880118085
-0.0683923128
0.0335210201
-0.0149067366
0.0361810557
0.0847356631
-0.0508713488
0.0181627693
0.0440582059
0.023018953
0.0501943477
0.060380552
-0.0979626739
0.0302580082
0.0949316473
-0.0429611286
-0.05769377
0.0219620825
0.067519085
0.0709590966
0.0447850985
-0.0664229723
0.0983437749
0.0877503492
0.0364448355
0.0233096442
0.0534539161
-0.0965809782
-0.0217955877
0.0414390434
-0.060692687
-0.0767786954
-0.0427351489
0.090529485
-0.0514981407
0.0538034242
-0.015750387
0.0631657192
-0.0850093247
-0.0434320688
-0.046166607
-0.0936787886
-0.0280392814
-0.0108342419
-0.0418649623
-0.0617957501
-0.0148243276
-0.0834134824
0.0120579947
0.0538013688
-0.0714959252
0.0198262634
-0.0806953652
0.0953444938
0.0933908452
0.0832141808
-0.00401701168
0.0297690255
-0.0726208164
0.00623277009
-0.00644291259
-0.07720521
-0.104764515
0.0777563983
-0.0365865041
0.0464671572
0.0603665996
-0.041742443
0.0181547321
0.0336971463
-0.0132255702
-0.0344133403
0.091395203
0.0437673708
0.100150882
-0.083204526
0.0735406621
0.103039744
0.0109986693
-0.00267774076
-0.0101873566
0.0540854659
-0.0907269438
-0.0924848562
-0.107076641
0.0701098687
-0.0123030378
-0.0826061887
-0.0189800909
-0.0748945307
-0.0728521722
0.0219636603
0.0503763252
-0.104021916
-0.0428013692
-0.0617842212
-0.0195746461
0.106817504
-0.00107897879
-0.0340144306
0.0928361351
0.0850457868
0.057177325
0.0485112826
-0.103101192
-0.0797179117
0.0746779097
0.104775571
0.00249427514
-0.0213290183
-0.102021763
0.0346039663
0.0409396484
0.102171301
0.0833951776
-0.103673242
-0.0888643782
0.0733587772
-0.0331053795
-0.0413932527
0.0025912576
-0.0871184827
0.0149938281
0.0278049483
0.101788149
0.0134533713
0.0782871034
0.00794500876
-0.0424373384
-0.000516792507
-0.0125982965
0.105000343
0.0790147207
-0.00734198129
0.0430925733
-0.0721037654
0.0105245119
-0.0750523492
-0.0456182277
-0.0228238937
0.0182735918
-0.0689631201
0.0863492164
-0.0427308825
0.10278436
0.0952377583
0.00599343974
0.032661206
-0.0579651644
0.03670932
-0.0770800314
0.032754419
0.0198309209
0.0788510938
0.0668031732
-0.00643661071
0.0495590324
-0.000237869553
-0.00346467107
0.00609454912
0.0940278327
0.0578399032
0.0154900623
0.105950151
-0.0649779703
-0.0388651454
0.0343205953
0.0773647044
0.0597291958
-0.10062354
0.0979731955
0.0303090509
-0.0467129409
0.0928884677
0.027812861
0.0569563212
0.0346007108
-0.08863222
0.0316070937
-0.0443656756
-0.0925487405
0.0816004872
0.0403373763
0.0505639113
-0.0763104337
0.0340490019
0.0871968382
0.0244310121
0.00768753941
-0.0682982627
-0.0178772274
-0.025095947
0.0224925751
-0.00825296094
-0.0325878538
-0.00709189456
0.0810718221
-0.0662404642
0.0302223504
0.0014419464
0.0860866691
0.0555382944
-0.0458856138
0.0180679919
0.0274899974
0.013886829
0.0621998889
0.0207979322
0.101388321
-0.0658703816
0.0154629078
0.0701368033
0.0225916115
-0.0226757753
-0.100934155
0.0716755007
-0.0621917616
-0.0347680608
0.0666497264
-0.0300662286
-0.0395807677
0.00478386887
-0.0474743401
0.0111998011
-0.0973999311
0.0238205671
0.0528950608
-0.100632858
0.053824854
-0.0866281677
-0.100892566
0.0436800988
-0.102374403
0.0820906372
-0.086237439
0.0840173033
-0.0408701586
0.0650610945
-0.0712797685
-0.00734835451
-0.0973117932
0.0888495819
-0.100423735
0.0940353812
-0.051993995
-0.0494109079
0.0276117031
0.0906010631
-0.0169326361
0.0718976313
-0.0686844227
-0.00415342373
0.104804919
0.0338489435
0.0381243812
0.0127165267
-0.0652785003
-0.106696377
-0.0721953896
-0.0729648497
-0.0586118043
0.0945061519
0.101090174
-0.0414914765
-0.0476302381
-0.0255122646
0.0931420521
-0.0771777003
-0.0105858456
-0.0763006824
0.0319421353
0.0479968736
0.00110565998
0.0510046487
-0.00472516534
0.0153485135
-0.00499915659
0.0357862673
0.0982316115
-0.0417803595
0.0947070947
-0.0977575123
-0.0644804295
0.0619148753
-0.0189244994
-0.0706646262
-0.0205613724
0.105531341
-0.0518402525
0.0372908834
-0.0971536775
0.0383065993
-0.041944276
0.0390124996
-0.0203325985
0.0652545921
0.0650657181
0.0801669728
-0.0244260318
0.0695611886
0.0822138289
-0.0400038766
0.017693854
-0.0706357348
-0.0636730495
0.102525374
0.0227636176
-0.00481926807
-0.106835496
0.0107983842
0.0695451118
0.0916933764
0.091260963
0.0590103353
0.0516476588
0.0406231884
-0.0648585953
0.00364271326
-0.100939806
0.0841991344
-0.00727269163
0.0279103705
0.0879051488
-0.0658797742
0.032685136
0.103137304
-0.0631696539
0.0771762872
-0.0467700829
0.0725779195
-0.0733315018
0.10742095
-0.0449136132
-0.0188506856
-6.24484293e-05
-0.0733483487
0.0458248543
-0.0814768387
-0.0505894015
-0.0769155353
-0.0989070546
-0.0966342144
-0.00837754729
0.0174829132
-0.0415391159
-0.0461432917
0.0812495637
0.106019559
0.101218265
-0.10538523
0.0112756928
0.0418400773
0.0523125558
-0.0205241573
-0.0117321245
0.00137746235
0.0823812617
-0.0831539906
0.0788474555
-0.061392987
-0.0670213717
0.0843630984
-0.0668557933
0.104786204
0.0125603049
-0.0762714166
-0.0797807432
0.00449920566
-0.0948770711
-0.0180728641
0.0698152714
-0.106326143
-0.101792019
-0.000183108285
0.0903181286
0.0736236615
0.105992868
-0.0849357973
-0.0882313755
0.0993162301
0.0499791745
0.0955682052
-0.0374621388
-0.0771359084
0.0880786875
0.0317689062
0.0499647256
-0.034413205
0.0398426969
0.107247661
-0.0989854609
0.0998145287
0.090722754
0.0729144571
-0.0464193892
-0.0298570367
0.025341001
0.0126969543
-0.0154962808
-0.0165528668
0.0484145242
0.0275927818
-0.000794067219
0.00223038961
-0.061260934
-0.0185534709
0.0922957646
-0.0763222225
-0.00804706262
-0.021326831
0.0682516289
-0.106815702
-0.02412583
-0.0398120566
-0.0517750665
-0.0760723923
0.0370802922
0.0267990622
-0.0428506995
-0.0128413045
-0.0393441549
0.0264074125
-0.00359776651
-0.0728689318
0.0985273093
-0.00451565488
-0.0676214775
-0.0181669653
0.0759471828
0.101303789
0.0976549761
0.0386918556
-0.0702639577
-0.0608435675
-0.0681948379
-0.0620922212
-0.0503157065
0.0805561362
0.0152179115
-0.0992972182
0.080149358
-0.0469500671
-0.0831542722
0.0128727675
0.100165851
0.0680056925
-0.0625697422
0.064648299
-0.096651557
0.0746096065
-0.0209236229
0.105887523
-0.0291123041
0.0900484048
0.0952787129
0.010762256
-0.0764825519
0.0809508436
0.087565126
-0.0965320666
0.0259925648
0.0661481285
-0.103691687
0.0643539463
-0.0753997849
0.00254438165
0.0398345928
-0.0573044708
0.00971148754
-0.0696394225
-0.0250917569
0.101576469
-0.0555806756
-0.00160564187
0.0721013813
-0.0678480853
0.0168597333
0.0371794483
-0.000229753833
-0.00465596129
-0.0835559447
-0.0457818177
-0.104864216
-0.0452353601
0.00820599983
-0.0170001269
-0.0281936623
-0.0409213685
0.0371992376
0.0479131334
0.0822594831
-0.00216743696
-0.0354446029
-0.0449433516
0.0566751513
-0.0975756137
0.0261485104
-0.0524895685
-0.0394550458
0.0529448672
0.0732315282
-0.0824380142
0.0466906857
0.0182737917
0.0436338919
0.015017157
0.0678212547
-0.100906884
0.0979959376
0.0331174503
-0.0920649489
0.0241833536
-0.0692163809
0.0116488855
0.0885544105
-0.0264035613
-0.0371799144
0.0648108076
-0.0452283893
0.0195714822
0.0109379959
-0.0694246712
0.0621503007
-0.0624681943
0.0139555438
-0.0981047549
0.0526128062
0.0985299935
0.0149299039
-0.0983603781
0.0437011086
-0.0183908327
-0.0352824476
-0.0169075654
-0.039491585
0.0512694922
0.10608056
0.0167542207
-0.0139807935
-0.0115699795
0.0490955036
-0.0990954311
0.0599639772
0.0408551971
-0.0297493652
-0.0115130246
-0.0777502191
-0.00723057419
-0.0106784382
0.100743429
-0.0965596481
0.0947608448
0.0357786367
-0.0302611448
-0.011575254
-0.0705233313
-0.0701387468
-0.00896605367
0.0251500067
0.0637087415
0.00397956572
0.0610466322
0.0854421012
0.0287362898
0.0375032473
0.0967423009
-0.00322063026
-0.051086401
-0.0623037844
-0.0487238408
-0.0132786464
-0.0111154511
0.102106901
0.0816272582
0.0961200234
-0.0251138964
0.0957510016
-0.0752965741
-0.0255173389
-0.106486011
-0.106317658
-0.0522626597
0.076470062
0.0044528501
0.0378375502
0.0896978865
0.0126164625
0.0851874357
0.0698357938
-0.00997278341
0.0169778736
0.0522884274
0.0029440375
-0.0343338186
0.0613357697
-0.0336199487
-0.0907132032
0.00250112977
0.0411382534
0.0042415804
0.0644746653
-0.072143398
0.080943717
0.0345646205
-0.00338964981
-0.0748813322
-0.0898142545
0.0983592304
0.0617447994
0.0361657293
0.00485448424
-0.00951058418
-0.0625747801
0.0287759609
-0.00287225592
-0.024986518
0.0417494318
0.0682443152
-0.0996268088
0.055909562
0.0381360338
-0.0617698847
0.10484413
-0.0606975559
0.0496309713
0.000197428288
-0.0266705244
0.0968438205
-0.10691485
-0.0434486142
-0.0815278568
0.0342615355
-0.00150392605
0.0729094628
-0.037681883
0.0132951503
-0.0738137977
-0.00991797021
-0.0761842506
-0.0513783744
0.00480428011
-0.0734025842
-0.0302987475
0.0997642396
-0.0297253289
-0.0933584163
-0.107245238
-0.0890065756
-0.018480161
-0.0112729972
0.0709440023
-0.0143494791
-0.0805567357
-0.0238241058
0.0250590309
-0.0359588535
0.0193433873
0.0203231567
0.0405850618
-0.0539773042
0.0725924505
-0.103416052
0.0974207376
0.0432982662
-0.00768535283
-0.00469975859
0.020610338
-0.0609143127
-0.0937939469
0.0794874444
0.00145026406
-0.0184363838
-0.00558675016
0.0969925009
0.0437374707
-0.0310801874
-0.0817866302
-0.0468260736
-0.0241586338
0.0898346123
-0.082383976
-0.0121874644
0.0287077291
-0.0688846462
-0.0457197002
0.0807876464
0.0330261197
0.0594112848
-0.105500905
-0.0803300334
-0.0266601413
0.0795390645
0.0825309182
0.0384186329
0.0272822664
0.0232468626
0.0215992682
0.101929554
0.0701478429
0.0858788122
-0.0589192289
0.0394347675
-0.00898753228
-0.0852852786
-0.0120180874
0.0575232073
-0.0997612619
0.0693370407
-0.0549610548
-0.0844152055
-0.0505554468
-0.0978908263
-0.0486519268
0.0767669661
0.0548634179
0.081653725
0.100613527
0.00777354817
-0.0847129787
0.0559155444
-0.0284440992
0.105528637
0.00345191108
0.0677460849
0.0793826006
0.0113727626
0.0917373517
0.0614682658
0.101693235
0.105181173
-0.0742327855
0.0293268235
-0.103091088
0.0771423334
0.00281486714
0.0591133006
0.0230051537
0.0706736605
0.0990954659
0.0747341955
0.0154111411
-0.0600452833
-0.0120750103
-0.0914360913
-0.040024061
-0.0594116064
0.0723795378
0.0731644449
0.104038159
-0.00728882911
-0.0284881065
0.0390117448
-0.0265213398
0.0126396296
0.00392017126
-0.0310351918
-0.0335757945
0.0579671143
0.0605646342
0.0564365853
-0.0623254607
-0.0582048051
0.0852693174
0.0334860427
-0.000312164376
-0.058787639
-0.0692969375
0.00615375718
-0.100009777
0.0832115534
0.0995192475
0.0372291758
0.0128310742
0.0184425666
0.0848399448
-0.0505646738
0.010664388
-0.0826487202
-0.0586682742
0.0116942792
-0.0103392408
-0.000587290658
0.0576937946
-0.0944364899
0.0363676916
-0.0679404478
-0.0991640135
0.00275734779
-0.105512344
0.077440235
-0.0384656783
-0.00587312686
0.0443974289
-0.0995337781
0.0780012838
0.0599674884
0.100134721
0.0546830744
0.0037148329
0.0990743349
0.0961696467
-0.0782088872
0.100449901
-0.0148985346
-0.0131147528
-0.0989041252
-0.0596472741
-0.0685223662
-0.0669655188
-0.099533545
0.0993072358
-0.087057852
-0.09917898
0.103457505
0.0460666668
-0.0635928024
0.0838831947
-0.0869218725
-0.0754197689
0.0189566352
0.0576479327
-0.0797999284
0.102314503
0.0114416824
-0.0385438717
-0.0127675789
0.0960599122
-0.0425434543
-0.101999524
0.0188160991
-0.0597728378
-0.0550373652
0.0147700313
-0.00233525891
0.03515942
0.085687041
-0.040088455
0.092013051
0.101214871
-0.0870130724
0.0767397818
-0.0156304582
0.0425093055
-0.0388450602
0.0765220317
0.100577583
0.0706598677
-0.020547515
-0.00735727635
-0.0834865938
0.0799452154
-0.0533383683
0.0534056548
-0.00676990039
0.105379938
0.0495047955
-0.0951086802
0.0380103409
-0.0544874093
0.0017112279
-0.100711312
0.107120676
-0.102210959
-0.0878326074
-0.0631701574
0.0413677217
-0.0228721834
0.0689270518
-0.00348375573
0.0515699057
0.00659568374
-0.000492610295
0.0313262267
-0.0261946719
0.0712260924
0.0661367708
-0.0911673196
0.104872879
-0.0395574984
0.0911062587
0.0594780802
-0.0370936161
-0.0528112454
0.0896133519
0.0690418225
-0.0829656297
-0.00983681004
-0.0596330225
0.00508347286
0.0960184547
0.0837710829
-0.0884655562
0.0769653362
0.00397908646
-0.0412164188
-0.00818115948
-0.0185960795
-0.0284495602
-0.0362873324
0.000385058604
0.0907001734
-0.00514465836
-0.103482076
0.0539450324
0.0338450925
-0.101177094
-0.0331257352
-0.000802804605
0.0302966351
0.0854348651
-0.0703357436
-0.0674269593
-0.0864769967
0.0223353891
-0.0803850236
-0.0538094042
0.00564456453
-0.0931728574
-0.0885041222
0.0440985066
0.105678885
-0.100833822
0.01801295
-0.0848078781
0.015690544
-0.0661970342
0.0218941799
-0.0420303199
-0.098815469
-0.0815014787
0.0962669619
-0.105223209
-0.0724924745
0.0592244134
-0.0171635185
0.0355716582
-0.0300749746
0.0943512474
0.0785208843
-0.0290990304
-0.0335932064
0.0286331523
0.0940394603
-0.0870707237
0.103952832
0.0225441885
0.0730104639
0.103765453
-0.0137178817
-0.0370278005
0.00446564343
-0.000764820601
0.0338857247
0.0139509444
0.0496026458
0.0990001063
0.0447190121
0.0318745345
-0.0148366416
0.0431457144
-0.0137304468
0.0855009593
0.0811870996
0.0791117724
-0.0420278871
-0.0428402847
-0.101168767
-0.10008132
0.0960737141
-0.0828578215
0.0156928768
0.0142327794
0.060731013
-0.0553232726
-0.0027480828
-0.0842346818
0.0621227275
-0.0220024275
0.0568270267
-0.0520538473
0.00963047898
0.0666462537
-0.0331182455
-0.0314002543
-0.0214137083
0.0615417151
0.0632617531
0.0995611505
-0.0182353989
0.0649536932
-0.0035398771
0.0582995626
-0.0606304392
0.019930284
0.0328997304
-0.0977223454
0.00135404246
0.066921146
0.0923462637
0.086299354
-0.0788490084
0.0598106183
-0.00139084284
-0.106560954
-0.0618801765
0.0511280288
0.00584327983
0.0348316508
0.100052847
-0.0270092652
-0.0432462763
-0.0479102187
-0.0974011694
0.00741137601
-0.106923449
-0.0225467721
-0.106046311
-0.0784632736
-0.0330459744
0.00526126722
-0.00179602588
0.00195587838
0.049646373
-0.0492358871
0.0492174322
0.104791172
0.0333298954
0.0271543562
0.0597877595
0.00827214649
0.0555843057
0.0753443719
-0.0708183079
0.0171679418
-0.0853876451
-0.0680047124
0.0114519175
-0.0325686283
-0.0476595693
-0.0833151564
0.0542911206
-0.0589152627
-0.0474287462
-0.0830740038
-0.0924444857
0.0893964207
-0.0964333334
-0.0641546056
-0.0548214432
0.0890161937
-0.0979867479
0.0788782178
-0.0837580789
-0.0085764048
0.0601242441
-0.0823133393
-0.0697285257
-0.0977266239
-0.0568733023
0.0127018353
0.0148962962
0.0621234071
-0.0818958209
-0.0211272509
-0.0884401678
-0.04847162
-0.0208155491
-0.0607632296
-0.0110103197
0.000881001988
-0.00743205426
0.099444336
-0.00797465455
-0.00487484847
-0.0115696865
0.0251355372
0.0701402798
-0.0953091523
0.00425277537
-0.0925499945
0.103787312
-0.0491954855
0.093118548
0.0682807918
-0.0399795348
-0.106240397
-0.0246083956
-0.0168277765
0.0925999075
0.0004018685
-0.061999274
-0.0847083643
-0.0244124067
0.0784157532
-0.00066330647
0.0912453441
-0.0396373628
-0.0485519652
0.0942318028
-0.0585756227
-0.00311710423
0.0651909899
-0.0942073759
-0.0959676996
0.0625209686
-0.088639185
0.00205540536
-0.0158969863
-0.0670660469
-0.02706373
-0.0213496879
-0.00611051804
-0.0875525654
0.032902476
-0.0989738193
0.100787437
0.0758474186
0.0175703478
-0.0591776846
0.0287869391
0.0911164395
-0.0720676172
0.101648488
-0.0820952629
0.0630270414
-0.0795119526
-0.0901607904
-0.00817217174
0.0812624745
0.0212593483
-0.037873036
-0.0289818901
-0.0153328634
-0.0251948393
-0.00709113842
0.0482825885
-0.0403917712
-0.0131280788
-0.0167391748
0.0145610595
-0.00547449523
-0.0230633917
0.0677227684
-0.0376046012
-0.0522773507
0.0414400293
-0.0333260208
0.0760134859
0.078991324
0.012130938
-0.00303890286
-0.0179510848
-0.0550890494
0.0868442836
0.035740819
-0.0930828132
-0.0918011837
-0.064093613
-0.0582691457
-0.0863444448
-0.0792438056
0.0610745818
-0.0236029272
0.0611676611
0.0965840471
0.0619804749
-0.0411530086
0.0981809922
0.054043799
0.0404679541
0.0781124689
-0.046876298
-0.0827966513
0.0342856837
-0.016982673
0.0628051949
-0.0130140141
0.0561981467
-0.101537831
0.106064083
-0.0971464409
0.101772194
-0.0975475976
-0.056923633
-0.0831562886
0.0494622774
-0.0819276628
0.019372551
-0.047239944
0.0673493032
0.0286043596
-0.095506611
-0.0625977921
0.0900509975
0.104046733
0.0873919527
0.0234642412
-0.0486991606
0.099168357
-0.0163115311
-0.0518540548
0.0330146828
-0.0905752282
-0.00573226653
-0.0475634288
-0.0660727068
0.0949446009
0.0372542884
-0.10111961
0.0603427632
-0.00771832848
-0.046936896
-0.0323812481
0.0905242998
0.0625708006
0.0669370062
-0.00848295217
-0.0256296207
0.0484918441
-0.0594853051
0.0744110211
-0.0971676902
-0.0652362112
0.0140679568
-0.0182219724
-0.0377030785
-0.0809864576
-0.00524310127
0.0285663482
-0.0302263828
-0.0278692859
0.0220909078
-0.00846507571
0.0699348969
-0.0971720477
-0.0439756876
-0.0661318352
0.0220961439
0.0236291184
0.012185791
0.0272470204
0.070505455
-0.013064806
-0.00816640356
0.0145618136
-0.00600520459
-0.019305766
-0.00897216826
0.0151447718
0.0816166036
-0.0903793486
0.0173528532
-0.0388038054
0.0563927003
-0.0147948981
-0.0563469756
0.0328678108
0.0300022211
0.0547535033
0.0313091173
-0.0302041632
0.0643207928
0.031032103
-0.0794703937
-0.0429325405
-0.0811371756
-0.047417542
-0.0519471984
0.058369748
0.0210725862
0.00524374177
-0.0994719251
-0.0547119738
0.107329163
-0.0469827811
0.0725702149
-0.0805522256
0.0698072716
0.102925139
0.039782023
0.0818069688
0.00623951078
-0.0530319778
0.0260645417
0.06239889
0.0437710598
-0.0729685422
-0.0919746269
0.0899714278
-0.00428219912
-0.0540982767
0.0418293538
-0.0629197769
-0.0853321666
-0.080894152
-0.0437915047
0.0990467343
-0.0264654221
0.0862876585
-0.0452837664
-0.03277439
-0.0106782584
0.0111009557
-0.0378025552
-0.0501628221
0.0742894122
0.0280951174
0.086463275
-0.007207096
-0.0264926083
0.0962792866
0.0956635937
-0.104061873
-0.0545188128
0.00240083748
-0.00488944504
-0.0880271109
0.0543218293
-0.0373351797
0.0232317263
0.00525898729
-0.0158478139
0.0859402401
-0.0199200644
0.102756041
0.0976003779
0.0772529123
-0.075981503
-0.0696688287
0.052746134
-0.0768544041
0.0986441781
-0.0651771415
-0.0154667567
-0.0952609734
-0.0061433493
-0.0865641863
-0.0492673938
0.0414719667
0.101424154
0.0530322775
0.0283149477
0.00296441065
0.0602178072
-0.0445797834
-0.0775398041
-0.00956479464
-0.0209792875
-0.0561466352
-0.00732711465
-0.0352899932
-0.0505639397
-0.00255163948
-0.0994225419
-0.00479857221
0.0785049179
0.0263010726
-0.099239975
0.0667534032
0.085256183
0.102082702
-0.0889687507
-0.0405656895
-0.103190931
0.00599581904
0.0190679424
0.0894008462
0.0202110584
-0.0604844913
0.037232456
-0.0637464423
0.0819501416
-0.0601565323
0.00912788926
0.0252046549
0.0540621329
0.0474202205
0.095179393
-0.0498815037
0.0526093763
0.0260290555
-0.0666979841
0.0159231974
0.0223402701
-0.0248925532
-0.10152644
-0.00131317407
0.008552515
-0.0794500434
0.0202850252
-0.0362076781
0.050609544
-0.0788924296
0.0205033166
0.0126525676
0.0938967266
-0.0843663701
-0.104170347
0.0464670001
-0.0908610105
0.0588041236
-0.107444969
0.0935185509
-0.0109933868
0.0615790946
-0.090470498
-0.0168248426
0.10610833
-0.105260556
-0.102529178
-0.0441829203
0.104168879
0.0935676922
-0.0832079298
-0.0596206554
-0.0650991132
-0.0533392228
0.0579969874
0.0663521266
0.00985918902
-0.0257328333
0.0238251989
0.0499955407
-0.0133924424
0.106987263
-0.101380005
-0.018343156
-0.0974260531
-0.0261181153
-0.0257749014
-0.0833525537
-0.00994739612
-0.0277583032
0.04711785
-0.0795708175
-0.0413618553
0.0182105737
-0.0138305325
0.104244697
-0.0525865829
0.0345101402
0.0421371851
-0.0310873781
0.0518857641
-0.0988889609
0.049688631
0.0711507846
-0.0558526022
-0.0563698347
0.0128176865
-0.0368655311
0.107198131
0.0415858518
-0.0754041812
0.0506010724
-0.0588122154
-0.0114912019
0.0315160786
0.0912295009
-0.0222474392
-0.0387910978
-0.0878001415
0.0458886874
0.0939725788
-0.082614661
-0.030358099
0.0634872206
0.0628008234
0.0880009382
-0.0110863913
-0.0585146812
-0.0192463895
0.0343981172
0.0396718257
0.00618034603
-0.0652812457
0.0296479319
-0.0204119341
0.0657669733
0.0511238204
0.0022447131
0.0550395226
-0.0814268991
-0.0444794575
0.0882063886
-0.011070775
-0.074839641
0.0153911425
0.0548151122
-0.0256461602
-0.0333022591
0.0176077468
-0.0492973812
-0.0495066941
-0.0371394912
0.0371073225
0.102352383
0.0182867723
0.0338515593
0.0504678905
-0.0923475082
0.0647581505
-0.0330445102
0.0626461176
-0.0884709784
-0.0151594396
-0.0997030327
0.0848433524
0.0261038638
-0.0827636459
0.0963474374
-0.0703476055
-0.00584101554
-0.0844609103
0.103561584
-0.0983034723
0.0832934405
0.030106943
0.0301007266
0.0984686587
-0.00580235617
0.0356537267
0.0407260607
-0.0575015
0.0541276742
-0.076835014
-0.0631439545
0.0631078222
-0.0529097169
-0.0330156451
-0.0733659024
-0.0353540245
-0.0203949587
-0.0947027235
-0.0229748809
0.00514990079
-0.0370445203
-0.0285009217
-0.0959612018
0.0361454251
0.00772395439
-0.033332963
-0.104488385
-0.0215224592
0.101325569
0.0732002227
-0.0877004075
0.0195440335
0.0491175849
0.0315317225
0.00838491551
-0.100779779
0.105631314
0.0804607049
0.018046346
-0.0913601926
0.0687036562
-0.0365634823
-0.0504095109
-0.0786114765
0.0219810723
0.0324900996
-0.0099852655
0.0751553911
-0.0267589598
0.0112627997
0.074786646
-0.00510785646
-0.00187472308
-0.0886427883
0.0623154323
0.0277924652
0.00132366347
-0.103691531
0.0264962117
-0.0694693176
0.0323363492
-0.0104853552
0.0246971997
-0.0415574111
0.0604178804
0.00561401351
-0.0211480961
0.0434803592
-0.0138764027
-0.0416905921
-0.0319870487
0.0681895068
-0.104310231
0.0792484852
-0.00681407564
-0.0600521302
0.0145717315
0.105829874
0.00419312098
0.0668469983
-0.0185110747
0.0429960584
-0.101577579
0.068689622
0.102077802
0.00605988673
-0.0439162548
0.0689741321
0.00812473671
0.0705874168
-0.0632805673
-0.0937894197
-0.0974975137
-0.0873488009
-0.0056960708
0.0401844976
0.00710521275
-0.00134606834
-0.065439473
-0.0400925028
-0.0998351112
-0.0831643265
0.0352389935
0.0563027794
-0.046252078
0.104027396
-0.0761366021
0.0902548333
0.045869645
0.0378442514
-0.0260013929
-0.084093631
-0.0230282237
0.0999324934
-0.052859434
-0.0583307869
