-0.00879012325
0.0332369121
0.0346783294
-0.036239991
-0.035650847
-0.0519743182
0.00316397568
0.0434594976
3.35757522e-05
0.0419075358
0.0544084252
0.0539701768
0.0480398286
-0.0550463611
0.0165462325
-0.021500134
-0.0534435736
-0.0386157948
0.0618420374
0.02007862
-0.0100084743
-0.0532154747
-0.030556868
0.0617314657
-0.0606476753
-0.0204387875
0.019528231
0.0318961981
0.00453258786
-0.0249112326
0.0612443711
0.0339525877
0.0624363498
-0.00111375819
0.0164386493
0.00326164065
-0.0561844564
-0.0478612595
0.00595568899
0.0214012823
0.031624706
-0.0235092282
0.0452297883
0.0578673493
0.0488179697
-0.0533130683
0.0291173861
-0.0541274705
0.0233433538
0.0529689464
-0.0075959954
-0.0365509421
-0.0303382789
-0.01468428
-0.0164359984
0.0186656375
-0.0380165251
-0.00142637882
0.0215242943
-0.033909354
-0.00997094555
-0.0510797039
-0.0465163964
0.0439889351
0.0105858626
-0.0448592764
-0.0522092581
0.018086501
-0.032693154
-0.0316798974
-0.0412873777
0.0508841881
-0.0299745685
-0.0614333274
-0.0558143299
-0.0305183398
0.0229981182
0.0336497955
-0.00404792948
0.030905195
-0.0408683478
-0.0181398888
-0.00675308281
-0.0231865949
0.018595124
0.00622288843
0.0432268912
-0.00069133021
-0.0458183216
-0.0590671957
-0.0105562249
0.0288078336
-0.0390065677
0.0421521607
0.014576934
0.0611589099
-0.023432839
0.00482715585
0.0392087454
-0.0254646034
-0.0380874767
-0.00712472187
-0.00283354901
-0.0562636726
0.0425098643
-0.0604374534
-0.0227803706
0.0343068013
-0.0139328317
0.0253297215
-0.0134648636
-0.0115667316
0.0212111739
0.0513368905
0.0301389492
-0.0472077354
-0.0470019281
0.03345097
0.0316283026
-0.0595107729
-0.0300095413
-0.0471285746
0.0639720001
0.0225755018
-0.043208643
-0.0464291843
-0.0112276248
-0.0214802933
-0.0161532342
0.0630309067
-0.0559828979
-0.00230920568
0.00824509152
0.0148825397
-0.0367768464
-0.0108998418
-0.0458920214
-0.0461023734
-0.038132437
-0.0572158927
0.0196741438
-0.000145734104
0.00889053617
0.00753138259
-0.0330190484
-0.0461557443
-0.022549274
-0.00604262088
0.0349362665
-0.0458611561
-0.0402452967
0.0284999161
-0.0238387869
-0.0134580067
-0.0497304795
-0.0466988626
0.0283547829
0.050789777
0.0574491489
-0.0213818912
0.0250058967
0.0292490922
0.0260405836
0.0351504446
-0.00793925453
0.000731342508
-0.0327084898
0.0589041794
0.0406160808
0.0634783441
-0.0413278894
0.0450772578
-0.0171298296
0.034285411
-0.0135737795
0.0459086878
-0.00438624019
0.0086976265
-0.044524823
0.057152831
-0.0509400557
-0.0474426576
-0.0296449043
-0.00161954362
0.00728067166
0.049728098
-0.00905845331
0.0151283323
-0.0138345341
0.00728709057
-0.00137666333
-0.00747928867
-0.0568222309
0.0304005224
-0.00477184089
0.0196167953
0.0152882096
-0.0363987875
-0.0345107882
-0.044766569
0.0113214097
-0.0330977107
0.0415626414
0.0450450846
-0.0400892291
0.0545236663
0.0396773559
-0.0183902352
-0.045012755
0.0375502774
0.0412023964
-0.0394993588
0.0544189974
0.0499658576
0.0421187661
0.0599592881
-0.0402449239
0.0467255645
0.0403100622
0.0132060545
0.0258251452
0.0635004049
0.0300310862
-0.0485247774
0.0321227745
-0.0224426306
0.0339024566
-0.0253183511
0.0581036255
0.0617759258
0.0535566668
-0.00526822177
0.0405944981
-0.0597205407
-0.0413657141
-0.062053902
0.0229240895
-0.00733102867
-0.0392673622
0.05291494
0.0356927597
-0.0571528107
-0.0135984022
0.0180770016
-0.0131270144
-0.0373233816
0.0398168011
0.0101789312
-0.00198056403
-0.0564486947
0.0375340669
-0.0179710253
0.0579291797
0.0609676734
-0.0287878972
-0.0205553011
-0.0388004867
-0.0573058569
-0.0321902874
-0.052982214
0.0363586924
-0.056917184
0.00488860471
0.00204784904
0.0580221892
0.000388206036
-0.00280037706
0.0557835246
0.0603919483
-0.0253911007
-0.0389465007
0.0226473827
-0.0304210994
-0.03273511
0.0369839167
0.0136400976
0.0418308713
-0.0348170841
-0.0236252513
0.0564286768
0.0484362651
-0.0314471697
0.0362407623
-0.027791903
-0.032150649
-0.000650792486
0.039450781
0.0407206542
-0.0218006338
0.0492246357
0.0100012166
0.00390729055
-0.0502007741
-0.0370097395
-0.0405244945
-0.00847512626
-0.0531622075
0.0169907803
-0.0546768992
0.0503244563
0.0445052765
0.0202256157
-0.0244234503
0.0323454269
-0.00687446896
0.0503765986
-0.0476483804
0.048248015
-0.0229859007
0.0608876564
-0.0316812436
0.0548825951
-0.0460351287
-0.0520521887
0.0042344986
-0.0109652365
0.0197294204
0.00634665958
0.0256357912
-0.0585686299
0.0394041826
0.061075571
-0.0626796285
-0.0547213419
0.0467835419
-0.0253515893
0.0640007943
-0.0339265402
0.0340532935
-0.0184882249
0.0360806953
0.0528062724
-0.0104728911
-0.0381281413
0.0602441758
-0.0267597943
0.0448178895
0.0618871489
0.0449935388
0.0189373733
-0.0579381014
-0.0210875007
-0.0509829583
-0.0085690765
0.0303022848
0.00546199396
-0.0375539163
-0.0105932735
-0.0490712831
0.0315948814
-0.047043656
-0.0544305267
0.0496629461
-0.0320114011
-0.0286032064
0.0185665933
-0.0154812727
-0.0381484966
-0.0616826097
0.00823934482
0.0571659533
0.0135677842
-0.0596569186
-0.0394574302
0.0125389805
-0.0545880836
0.0556952041
-0.00882527622
-0.0448352854
0.0378290622
0.0281149739
-0.042185147
-0.0123504514
0.0173522969
0.0155545402
0.0598907218
0.0455257826
0.0327996323
-0.0602800566
-0.0184816177
0.0583571802
0.0513079332
0.0254451456
0.0101675015
-0.00198001927
-0.0323026599
0.0362944309
-0.0553336069
-0.0140783895
-0.0435234375
0.0242864581
-0.0367697789
-0.0518064702
0.0358073175
-0.0124913917
0.0222580297
0.038988068
0.0161456562
0.0640262757
-0.0312605791
-0.0437937321
0.0379530236
-0.0417308408
-0.0428352883
-0.0456355016
0.00519187835
0.0629640925
0.0599058812
-0.060245779
0.03709893
-0.0347578922
-0.0482274818
0.0415264087
0.0618637245
0.0595077323
-0.0163511218
0.00875918615
-0.0449430135
-0.0295341036
0.0176806344
-0.0579074378
0.0386857321
0.0491524001
0.0366970993
0.0588872691
-0.0266014345
0.0089008899
-0.0203760543
-0.0145284577
0.0181372927
-0.00175600494
0.0470184129
-0.0455355966
0.0325811294
-0.000767859119
0.0610969777
0.0457275321
0.0543745002
0.0155906816
0.0394485391
-0.0175089471
-0.000447606018
0.0233441607
0.000263858735
0.0177925376
0.0243099054
0.02856341
0.0324694651
0.0421132994
0.0329453113
0.0433239615
0.00663370823
0.0453607998
0.0481187835
0.0101828929
0.0209018923
0.0291521703
-0.000946883798
-0.0420276091
-0.0317421413
-0.0248268152
0.0172142247
0.0582596678
0.0237025216
-0.0485509491
0.0294072791
-0.00490412686
-0.0237161288
0.0150062776
0.0402563678
0.0458568114
-0.00704415591
0.0622144986
0.0319875575
0.000239106008
0.0617343668
0.013992206
0.0367646202
0.0552255162
-0.0516189561
0.0128607908
0.0615175981
-0.034480137
0.0165049433
-0.00544643545
-0.055912481
0.0334462135
-0.026243335
-0.0603745414
0.0204406963
-0.0422109915
-0.0557218287
0.06053234
-0.0441634116
-0.00236423183
0.053777928
-0.0525744058
0.0641244837
0.0177653698
-0.0440792207
-0.0252468918
-0.0579977785
-0.0604636828
0.0248771694
0.0468907647
-0.0549139289
-0.0434862968
-0.0614071459
0.0221087019
-0.0192097899
0.00976840151
0.0280269589
0.0369498123
0.0495745371
0.0552313431
-0.0237902911
0.0527683911
-0.0556022754
-0.00682220231
-0.00535721313
0.0393405113
-0.0422898939
0.0525237706
-0.00224129395
-0.045036835
0.00149374148
-0.0396143118
-0.0290970531
0.0253071521
-0.0308690117
-0.00156783688
-0.00856664362
-0.056594778
-0.0232590766
0.0349868133
0.00994499604
0.0154979373
-0.0259593607
0.0287136361
0.0223209297
0.0069005504
0.04655386
-0.0305188979
-0.0567578761
0.032869619
-0.049123668
0.0562911741
-0.00138253785
-0.0217686046
0.0573517938
-0.0567234996
0.00419226561
-0.00388524248
-0.0382117285
-0.0158575045
-0.0317766247
-0.044169008
-0.0458137528
0.0415357356
-0.0201100837
0.0604686495
-0.0266770554
0.0129102647
-0.0492811849
0.000157223245
-0.0161707877
-0.0186959435
0.0405122155
-0.0153367998
-0.038215385
0.0633467255
-0.00771289522
-0.0630119369
0.0504565111
0.00699274465
0.0469020599
-0.0602208894
-0.0479278899
-0.0184849453
-0.0118105071
0.00674400079
0.0166342776
0.00642848791
-0.0607270107
-0.0235712996
0.00702877826
-0.0152691317
-0.0118470364
0.0370966726
-0.0634004103
0.0171502384
-0.000966859085
-0.0526919415
-0.0322077035
-0.0638961303
0.0107459668
-0.0180155936
0.0273782122
0.0546784476
0.0640069326
-0.0240090141
0.0581805749
0.0388363345
-0.0476335403
0.0202366416
-0.00902575036
-0.0586356515
-0.00794235716
-0.0073207974
0.0224400329
-0.0493062399
-0.00414714309
0.0541912557
-0.0527073068
-0.0622552937
-0.0226891954
-0.0571208566
-0.0121940095
0.0166258792
0.0588150059
-0.0382949121
0.0397976207
0.00627236277
-0.0467383952
0.0385854894
-0.0464773968
0.0181716347
0.0252299334
0.0515294759
0.0295342209
0.0181468082
-0.0566105803
0.0194876516
-0.00486096861
0.0116167847
0.0447487019
0.0372934027
-0.0567263368
-0.0236956492
-0.0529235282
0.0461669136
-0.0510546306
0.0310096395
0.0431041789
0.00422563881
0.0443485514
-0.0361975389
-0.00806225132
-0.0411728102
0.0102219633
0.0530495013
-0.00570690238
0.0276610621
0.0274727529
0.00867181245
-0.0414350421
-0.0226084826
0.0316056146
-0.0340523323
-0.0133835117
-0.00885157055
0.0552271494
-0.0269700427
0.052998006
-0.00655139874
-0.0282812673
0.0413289107
-0.0264690715
-0.0593248676
-0.0145697112
-0.0316698312
0.00660765091
0.0215410227
-0.000357492431
0.0357003747
0.0151230462
-0.0517042936
-0.0499026864
-0.00357159392
-0.0493085576
0.0561885781
-0.0322770552
0.0293643126
-0.0260137753
-0.0263340799
0.0633234047
-0.0317503247
0.0375480291
0.00887287372
-0.0119638335
0.0331875389
0.0174274755
0.043192367
-0.00949340419
-0.0451683085
0.0571303433
-0.0560576197
0.0577665805
-0.0357933838
-0.0497188822
0.0596807933
0.0499685983
0.0242020387
0.0114131944
0.0308112608
-0.0117215726
0.0253486799
-0.042849741
0.000972659217
-0.0254456177
0.0533455094
-0.0641808596
-0.0393227911
-0.0563542198
-0.0590094881
0.0149646256
-0.0281789255
0.0619867835
-0.000543374802
-0.0155530648
0.0172023082
0.0289086692
-0.0160177569
-0.00662488078
0.0202751699
-0.0409963563
-0.0404080404
-0.0513867026
-0.00871121648
-0.038961633
-0.0530552537
0.0105654786
-0.0358629019
-0.0474501457
0.0129890575
-0.0631109076
-0.0397122727
0.0624795524
0.058388099
0.0157952885
-0.00953954534
-0.0642349939
0.00520396639
0.0245328982
0.0106809086
-0.0542577307
-0.0200530038
0.0247098209
-0.0158193506
0.0614891804
-0.0356827392
-0.057519514
-0.0612016842
0.0297253341
-0.0575733726
0.00755339399
-0.0274572383
0.0138685068
-0.0371599857
0.0137508917
0.0412930529
0.0521659086
-0.0438126031
0.0629253875
-0.0213692157
0.0291300127
-0.0116782721
-0.00292359113
0.0356907205
-0.0544183997
-0.0220856206
0.0123720587
0.037258005
-0.0596713692
-0.027016378
-0.00363963131
0.0214714987
0.0269492014
-0.0420937497
-0.0623930385
0.0163067393
0.0179809427
-0.0452891393
0.0170369328
-0.000155106251
0.049522887
-0.0511931533
-0.00595717968
0.0226430171
0.0356551647
-0.0100372129
0.062919234
-0.021252381
-0.0147568387
0.0464474084
0.0619836345
-0.0416393874
-0.0531982927
-0.0025440581
-0.00504276298
-0.0282974298
-0.0397117893
0.0147381294
-0.0626407243
-0.00719050838
0.0513544977
-0.0157090311
-0.054944357
-0.0522255532
0.00861856815
0.0375857871
-0.00169969472
0.0599550676
0.052489822
0.0323787254
-0.000489324374
-0.0180064265
-0.0484578228
-0.00611983644
0.044750937
-0.0308357073
-0.012132606
0.0515818721
-0.0499485726
-0.0111910941
-0.0167494303
0.00646971609
0.0207105311
0.0215295603
-0.05114373
-0.0391611956
0.0249692356
-0.0264336237
-0.0249497094
-0.0595152281
-0.0474280241
0.0524053504
-0.0206325856
0.0464500591
-0.0195457289
0.0181903039
0.0451161654
0.0150315565
-0.0201432493
-0.0202079047
-0.0395104015
0.0452736004
0.0509923727
-0.0454447425
-0.00964109191
0.0220985291
0.0293859174
0.0123301684
-0.00440865757
-0.0585615309
-0.0338312893
0.0444076195
0.00182422899
-0.0555735212
0.0520131839
-0.0206686103
-0.0521814909
-0.057950797
0.00485995266
-0.0229445654
-0.0420083323
-0.00969602793
-0.0401617748
-0.012342305
-0.0238823046
0.0470313466
-0.0251668858
0.0132529161
0.00479934832
0.035897888
0.0149090764
0.0546470145
-0.035312031
0.0527806934
0.0372788188
-0.0297860264
-0.00936935434
0.00425253346
0.0485422858
0.0637806165
-0.0636785372
0.00372886892
0.0062583144
0.0380158463
0.00798851302
-0.0620784369
-0.0181171192
-0.0123427715
0.023117154
-0.00498849186
-0.0528303121
0.0242384719
0.0267113562
-0.0405778703
-0.0403064488
-0.042071643
-0.0126854023
-0.010791784
-0.0264729754
-0.0128083136
-0.0218082826
0.0633039992
0.0200458053
-0.00133882179
0.0206242113
-0.00236177377
-0.0264698313
-0.00343877912
-0.0416484965
-0.0555295241
0.0359114491
0.0387289991
0.0135363382
-0.000870337872
-0.0469997957
0.0546190157
0.00745758349
0.0151054961
-0.0453265603
-0.0622139058
-0.0594887394
-0.0164883439
0.00849397109
-0.0319242578
-0.013638773
-0.0429160119
-0.0381675113
0.0410447845
-0.0162200479
-0.0518075485
0.00361374855
-0.0261932894
0.0349548808
0.056100507
-0.0372065945
-0.0318023723
0.0489863906
-0.0602992853
-0.0061223971
0.0291491289
0.0308759082
-0.0287359405
-0.0490100571
0.0374805565
-0.0577937662
-0.0413795113
-0.0193710841
-0.0412889277
-0.0296484016
-0.00825188281
-0.0621937968
0.0102713055
0.0547104508
-0.0577549217
-0.048434455
0.0292096337
-0.0453557652
-0.0318922819
-0.0210302297
0.0101683913
-0.0326415044
0.00734958606
-0.0155559491
0.0235209821
0.0492465732
-0.0362159846
0.0182160838
0.05599088
0.0180915917
-0.0379385063
0.00624233288
-0.0151573339
0.00787729123
0.0463248206
0.0279350633
0.0355151482
0.0389603775
-0.0334639428
0.0196811659
0.00248062229
0.0315508108
-0.0572902411
0.0282114757
-0.00278729108
0.0399867569
0.000203636186
0.033446513
-0.0101451616
0.060944032
-0.0449817246
-0.0493442045
0.0564245512
-0.021948063
0.0581788669
0.0165469598
-0.00435286446
0.0251074717
0.0479132668
0.0426040036
-0.0253880058
0.00480875964
0.0348916585
0.0137913482
0.00350082767
-0.0222337855
-0.0153280063
0.0145241118
-0.0500734682
0.041548207
0.0105562655
0.00635951529
0.0126925106
-0.032619122
0.0215234473
-0.0292518955
0.0187136568
0.0293391003
-0.0105990864
0.0252091335
0.0284018461
-0.0102328186
-0.0198060336
-0.0639069222
0.0196972008
-0.00429268081
-0.0265765156
0.0109716283
0.0445410439
0.0500065212
-0.0190081692
0.0557362823
-0.0485681952
0.0274181646
0.00538897468
0.0156897777
0.00870323089
0.0322009794
0.00741404269
-0.0310719939
-0.0411920598
-0.0621812147
0.0154674923
-0.0562491437
0.0429748394
0.0592408754
0.0491207896
-0.0239726154
0.052945977
0.055011509
-0.0401414027
0.00598462485
0.0598628901
0.0501604895
0.012769424
-0.0472158256
0.0620407359
0.0620062797
0.0318307903
0.0424465855
-0.0246397172
0.0491088813
0.00297207707
-0.00381447768
-0.0424095708
-0.04710783
-0.0117132271
0.00856669393
-0.0556121537
0.0551845806
-0.00862690928
0.0243193033
0.0101231974
0.00975409929
0.0259952474
0.0237974513
-0.053225744
-0.0158713714
0.0200774291
0.0278480159
-0.0272504926
0.0516621597
-0.0184216334
0.0376952213
0.0540728621
-0.0625992314
-0.0309855575
-0.00186269492
0.00138296429
-0.0197496583
0.0597220945
-0.0167262925
-0.000325708569
0.00339208273
-0.0594341077
0.0490356826
0.0533663262
0.0490066275
-0.0140156141
0.0103059097
-0.0461132213
0.0452539043
-0.0636541457
0.0453235078
-0.0594588616
0.00625276504
0.00396866232
0.00795159861
0.0585336737
0.0215647354
0.0426875359
0.0572991791
0.0506645616
-0.00393495449
0.0273713072
0.0153479826
-0.0175693502
0.00795358454
0.0360000223
0.0341814482
0.0249527583
-0.0146486962
-0.0183210183
-0.022676061
-0.00308336222
0.0413562651
0.0116386507
-0.0172499139
0.0103445442
-0.0410669093
0.0281971058
0.0488979407
0.0493480655
0.0262760505
-0.0103870891
0.00278645771
0.0575972622
0.0384885238
-0.000246544701
-0.0532421027
0.0616171874
-0.00683081954
0.0374717692
-0.00314548875
-0.00551171261
0.0637055177
-0.0571719877
0.0192408965
-0.00339233863
-0.0213829965
-0.0640587442
-0.0211439162
0.00478623137
-0.0146067301
0.0307577004
0.0476220461
-0.0480650204
-0.0403876686
0.0549040762
0.0140417073
0.0607538844
0.0272181574
0.0253141543
-0.055187324
-0.0109682161
-0.0391432711
0.0493576276
0.0448668801
-0.0228575151
0.0088385547
0.0216871859
0.00266109511
-0.0154496056
0.0536876239
0.0281984132
-0.0322890023
-0.0481559063
0.0227442483
0.00284671073
0.0615253621
0.0570070009
0.0643404508
0.0168307602
-0.0530359539
0.0562339141
-0.00782605158
0.0315826662
0.000460470174
0.0168383522
-0.039111912
-0.0516427751
0.0179661197
0.0513614802
0.0188309936
-0.0162064402
-0.0236171003
0.015749169
-0.0247177851
0.0572741619
0.0314477289
0.0469154133
0.01371121
-0.042647169
-0.0164098523
0.0456653279
0.0101239224
0.0119968673
6.78877421e-05
-0.0631716191
-0.0227341948
0.0447034024
-0.0585122045
-0.0519308286
0.0426841234
0.0465510014
-0.0187328711
0.00749134083
-0.00314102036
0.0433986099
-0.00952773384
0.00260402936
-0.0536200909
0.0421001779
-0.0309090947
-0.0124997259
-0.0322167085
-0.0275272295
0.0285527654
-0.0547462506
-0.00407613294
-0.0544660922
-0.0304026464
0.00714508884
0.0194902926
0.0623027775
0.00471487099
-0.053038512
-0.0458521058
-0.013062752
-0.0132786716
0.0249151256
-0.0483377943
-0.0475654178
-0.00839780491
-0.00522773783
-0.0452980729
0.0602579072
0.00941372442
0.0203312017
0.0368543633
0.0556500767
0.016697285
0.0523989146
0.0617358258
-0.0128397114
0.0118974609
-0.031632146
-0.0466859942
0.0400010541
0.060337668
0.0598550614
-0.0179506088
-0.014508748
-0.0343892257
-0.0363694212
0.0300608051
-0.0124998624
0.0119104265
-0.0198694269
0.0499200358
-0.0384345192
0.00819560728
0.0135096911
-0.0117974729
0.00789141501
-0.0263386857
0.0441803723
-0.0372955868
0.0117594127
-0.0547061686
-0.04165471
0.0109779232
-0.033248829
-0.0179395598
0.0137336317
0.0419890972
0.0400022311
-0.0347761837
-0.049055124
-0.0146374836
-0.0517137287
-0.052317854
0.0216859635
0.041627922
-0.0186255753
-0.0122444159
0.0434574715
-0.0184605465
-0.0275065919
0.0618354871
0.0501174531
0.0179212141
0.0151273109
-0.00682519603
0.0269444466
-0.0282520109
-0.0270855901
-0.057049729
-0.0111207068
-0.0490425289
0.0409011636
0.0171296903
0.0181671992
0.0250117414
0.00856267456
0.062566174
0.00198380918
0.0186508877
0.0397110972
-0.0021929581
-0.0453456765
0.0290077074
-0.0476035883
0.00982925266
0.0505934117
-0.0452346324
0.0601866809
0.00912159162
0.00998093072
-0.036519415
0.0353531093
0.0364745848
-0.0542826925
-0.0430641444
-0.0425019107
0.0552186045
-0.0544080567
-0.0632966335
-0.0459171171
-0.0598094628
-0.0537836311
-0.0158270809
-0.00887105478
-0.00621400775
-0.0358139494
0.0346288265
-0.0268204807
0.0526734455
-0.0577734367
0.0407171584
-0.0380601863
-0.0393028654
0.0277546325
-0.00943867353
0.0135171551
-0.0197553
0.00590441817
-0.0261261869
0.0122945467
-0.0448896852
0.0457227986
-0.0245152501
-0.00416047408
0.00826465484
-0.0184008987
-0.00375352698
-0.0606104288
-0.0059717899
0.0635340041
0.00708281492
-0.0338719469
-0.0200511792
0.0606072732
-0.0389780691
-0.000708763036
-0.0309995612
0.0427276035
0.0580862919
-0.031931439
-0.0161457946
-0.0480034736
-0.0247148416
-0.0316233269
0.0625703165
-0.026607144
-0.00742147442
0.0147004991
0.0453709404
-0.0117017901
0.0137686775
-0.00723872052
-0.032080008
-0.0482422141
-0.0311600654
-0.0348680418
-0.0471947066
0.0590909574
-0.0165497167
0.0297152366
0.0288537293
0.0588927743
0.0427881662
0.0499745417
0.0263569895
0.0300687678
-0.0478734526
0.0345181286
0.00460280458
0.0186224448
0.0595133997
-0.0177074995
0.0360721494
0.0403290069
0.020455588
-0.0300384974
0.0482729177
-0.0627856747
-0.0558007848
-0.0319625993
-0.0608036527
0.0128648529
0.0572933625
0.0462823065
-0.0425748211
0.0498692481
0.0102845542
0.0612111163
0.00621927358
-0.00211932303
-0.0473355133
0.0186340048
-0.0219591826
-0.00122742773
0.0196663982
0.00130487921
0.00448051017
0.0188558477
0.00757850595
0.00907140238
0.0108906792
-0.0483100825
0.038966035
-0.0627777083
-0.0279269441
0.0377753796
-0.00548373006
0.0472918677
-0.0193949387
-0.0579118699
-0.058647962
0.0401087692
-0.0239746566
-0.00902562949
-0.0366922929
-0.0242850852
-0.021403209
-0.0278649365
0.0252678335
0.0245756569
0.0146454127
0.0529446835
0.0268164431
0.00168609639
-0.0190355008
0.0213893972
-0.0121219359
-0.0143874191
-0.0533775266
-0.043167848
-0.0133235331
-0.01715712
-0.0103607738
0.0510891084
0.0254494999
-0.0554244196
0.0590838482
0.0111638774
0.0474151163
-0.0307274452
-0.0179980942
0.0560848057
0.0396777708
-0.0489186505
-0.038334467
0.0373560297
0.013900147
-0.0582089767
0.0292936324
0.0355554061
-0.0540351841
-0.0618790845
0.0540234782
-0.0401611503
0.0114442367
-0.0573536903
0.0537923227
0.0244159246
0.0225068801
-0.0603779633
0.0242697728
-0.00931009593
0.0319785596
-0.0278284502
0.0038020113
-0.053871814
0.0244544677
-0.0141279126
0.0307505275
-0.0449366155
-0.0517926525
0.0134949763
0.0395515342
-0.0242254553
-0.0633030232
0.0487207347
0.0400249203
-0.0397380299
-0.0486514158
-0.0465275865
-0.0278627121
-0.000676827594
-0.0532985987
-0.0527169134
0.0390082255
0.026006636
-0.0279297414
0.0353968804
0.018980701
-0.0584897804
-0.0163997566
0.0390057962
0.0582721206
-0.0346811927
0.0253253539
0.0371673313
-0.0190383139
0.0270397203
-0.00653291513
-0.00603066892
0.0152088944
-0.00308941003
-0.000653446458
-0.0365847742
-0.0554499152
-0.0195897387
-0.0522440398
0.053627117
0.0642720536
0.00915131871
0.0558175173
-0.0362051749
-0.0290755398
-0.0117173849
-0.0206792781
0.061430257
-0.000184058758
0.0305572925
0.0532669339
0.0162803634
-0.00379808767
0.0290325061
-0.000136871824
0.021811869
-0.0284714848
-0.0127435457
0.0433085039
0.00990695618
-0.0433205181
0.0501495813
0.0570391947
0.0141724742
0.011896978
0.0287724797
0.0212914925
0.0595005935
0.0423055924
0.0276520143
0.0507284056
0.0253640368
-0.0568827298
-0.0612856455
-0.0194142513
0.0585120311
-0.027340228
0.0595343129
0.0535208475
-0.0189285118
-0.0262443101
-0.0180732123
0.0514311483
-0.0317807537
0.0443623236
-0.041254479
-0.0570451035
-0.0615870715
0.0308915109
-0.0425704836
0.0462966276
-0.00748750386
0.0115964893
0.0493759857
-0.0608401052
-0.0149506029
-0.0376077144
0.0235058508
-0.058430955
0.0561142691
0.00136467689
-0.0181181572
0.0495782568
-0.052339306
-0.0383491567
-0.0452187523
0.0586711879
0.00790682399
0.0631194104
0.0263032382
-0.0169761308
0.0379449872
-0.0152881252
-0.0140345988
0.0140426083
0.0385874207
-0.0371220812
0.0334602265
0.0509055566
-0.0615462303
-0.0604286015
-0.0246069227
0.0458349854
0.0247094141
-0.00486963526
0.043120148
0.038930226
0.0555606277
0.00796554489
-0.0188488566
0.0398962443
0.0401941546
-0.0301007256
0.021242409
0.0467351891
0.036125378
0.00868399031
0.00320015551
-0.0371919499
-0.0252063047
0.0171498148
-0.0258499487
-0.000254591687
0.054241053
-0.0639116641
0.044144904
0.0115947571
-0.0199726377
0.02828817
-0.0552924365
-0.00429695878
0.0270829807
0.031121761
-0.0195897512
-0.0523609875
-0.0226273042
0.00823020683
0.0307208724
0.0616381471
-0.052185142
0.0408289055
0.0597051288
0.0184553422
0.0464284772
-0.0435689413
0.0370680401
-0.0147119351
-0.0232066703
-0.0314006971
0.0176348125
-0.0334074223
-0.0234587941
0.0418021754
-0.0153606541
-0.0258234481
-0.00133766012
-0.0258295606
0.0505817748
-0.00210336341
-0.00360967233
-0.0176390091
-0.0606156268
-0.0508029841
0.00428994538
-0.0155223596
-0.0558836619
0.0509586474
-0.014319675
0.018072917
-0.0457739424
-0.0149812125
0.0443001046
-0.0359274509
-0.0550918977
0.0414528392
-0.0510592802
-0.00345366843
-0.0479592968
-0.0471765966
0.0170520077
-0.0333114612
-0.0211805856
-0.0441388637
-0.0331961881
-0.0383972996
-0.0617278005
0.0297517461
0.0404629396
-0.0241311999
0.0158122854
-0.0569359601
-0.0353000597
-0.0180524909
-0.00656174735
-0.0179204008
0.0458110894
-0.0394599829
0.0163818472
-0.00983364428
-0.0319217394
-0.0390569635
0.01505657
0.0299791805
-0.0125314478
-0.0139441078
-0.0543784155
0.0514892415
-0.0307039519
-0.0103710034
-0.0470880269
-0.0541981852
0.00673998325
-0.0263886289
-0.0227796802
0.0540144285
0.00277305987
-0.0442785155
0.0469008244
-0.0254349151
0.0409102225
-0.0166815222
-0.0546770723
-0.00930684287
0.0279269129
0.0627946205
0.0242499041
-0.0175698972
0.00363813282
-0.0367480345
0.0262760793
0.0325864095
0.0464393051
0.0545244027
0.0452419431
-0.0492297428
-0.0549432782
0.0415188501
-0.0146597168
-0.00801868157
-0.0574639386
0.0375962144
0.0526847773
0.045950688
-0.0255825973
-0.0437454685
0.04167551
-0.0345521554
-0.0225296394
-0.05899935
0.0199391412
0.0140531115
0.0223580394
-0.0511916985
-0.020068375
-0.0517776369
-0.0582950815
-0.00681867656
0.0429178581
-0.0473238176
-0.0045600987
-0.0332731117
-0.0524877383
-0.0592848707
-0.0562616847
-0.0100576403
-0.0501682305
-0.0454259201
0.00614132292
-0.0358790515
0.0229898872
0.00972387371
0.0083353109
-0.0395546758
-0.0356623721
0.00781424903
0.0541319931
0.05994736
0.0621096279
-0.0225339026
0.0590298732
-0.0172918072
-0.0195702173
-0.0122757422
0.0504828709
-0.0372314333
-0.049201959
-0.0568347025
0.0242125433
-0.0492859315
0.00666988691
-0.0386328989
0.0488331171
-0.0308413775
0.00680379238
-0.0543486717
-0.0496933479
-0.0369380101
0.0165321079
-0.0386451136
0.00618704501
0.0507582019
0.0334312867
-0.0131742828
-0.0610862809
0.0508151838
0.0215655422
0.0209763643
0.0440831575
0.0394558317
-0.063672956
0.0551091135
-0.0416510075
0.0559028511
-0.0538445685
0.017739205
-0.0344632507
0.0508190127
-0.0543262935
0.024154755
-0.041887433
-0.00581627594
-0.0243405775
0.00148039725
0.0529357253
0.0548935556
0.0358762044
-0.019089285
-0.0481141866
-0.0506932183
-0.0270370794
-0.00529000061
-0.0362151125
0.0421915859
0.0460001887
0.0224716551
0.0543693699
0.0263329541
0.0153765838
-0.0554371856
0.0516464984
0.0173686822
-0.0435898385
-0.0612415146
0.0064542163
0.0535256182
-0.0551580807
-0.00879307019
-0.0569566627
0.0431428493
-0.0341666364
0.032238127
0.0424495459
0.0346320247
0.0415682106
0.025876739
-0.0553946526
-0.0330868279
0.0334682254
-0.00462990362
0.03868517
-0.0121744163
-0.0344030332
-0.0121026867
0.0284228244
-0.0210487492
-0.0151122547
0.0348729452
-0.0391130657
-0.00352747537
0.0200744648
0.0193127256
-0.0425631628
-0.0262949779
0.0539501242
-0.0340400181
0.0208615518
0.00880120094
0.0250568896
-0.00176831382
0.0287580572
-0.0563389021
0.0611730451
-0.032386347
0.0371395222
0.0201140593
-0.026830142
0.0324989031
-0.0564909879
-0.0377151077
-0.0616879527
-0.0512517587
0.0439903565
0.0319883678
-0.00929516251
0.00252313318
-0.0245891862
0.00361101136
0.0459885319
0.0574555454
0.0053279551
0.001933808
0.00530716913
-0.0365156065
0.0240709852
0.00715022094
-0.0472413791
0.0425739035
-0.0111753819
-0.0491468332
0.0380490085
0.0399598776
-0.0565169802
-0.00871053617
0.0113997079
0.0258670412
-0.0607964646
0.0579708239
-0.0154637314
-0.044012191
0.00380012464
0.0386828782
-0.017339595
-0.00911545865
-0.0400237081
0.0148410739
-0.010148971
-0.0497299591
-0.0608055109
0.0385603873
-0.024461602
0.00715411031
-0.00104919169
0.0542390391
-0.0242187164
-0.0286850196
0.0557977425
-0.0354900114
0.0121678181
0.0236759345
0.0134352492
0.0343989976
-0.00513941743
-0.0485411154
-0.0633450659
0.0124616807
0.00992296764
0.033053274
-0.0553785363
0.0509287394
0.0129017653
-0.0542286837
-0.0240086198
0.0255691979
-0.0233314336
-0.0351224601
0.0131581504
-0.0470529249
-0.0270721188
-0.0639987015
0.0479438383
0.0190024087
0.0310600836
-0.0265154968
0.017911028
-0.0194296631
0.0269017209
-0.000679615519
-0.00382524328
-0.0355132414
0.0355231603
-0.0591927902
-0.0383082274
0.0441252532
0.0606878105
0.0035268588
-0.00318781635
0.0177102897
0.00924604472
-0.0106245465
0.0308386208
-0.00378639133
0.0200061385
-0.0515055828
-0.0282017974
0.0338320618
-0.0614251917
-0.0465207558
-0.00114767861
-0.0189196686
0.054901646
-0.037386433
0.0536690888
0.0050358721
-0.0277224984
-0.0403986487
0.0593438711
0.0465690025
-0.0477704037
-0.00346916715
0.0523425635
0.00588819439
-0.0433804905
0.0627176771
-0.0429558649
0.0641979312
0.0540072118
0.030136638
0.0344447961
-0.0485133156
-0.0521688747
-0.0436777083
0.0382487285
0.0532483949
-0.0598533594
0.0196249115
-0.00621746393
-0.00393715076
0.0223267354
-0.0550847859
0.04887495
0.0127529913
0.0466195926
0.0207983769
-0.0378240857
0.0298731912
0.0375854435
0.00241150075
-0.0464027522
-0.0468105768
-0.00268613195
0.0620426354
-0.0149715855
-0.0101868222
0.0322592409
0.0430943279
0.0187479318
0.0189755403
0.0512177293
0.0022475185
0.0362977998
0.0138808797
-0.0462641612
-0.0573890945
0.0111165483
-0.0464791213
0.0312283712
0.0391105473
-0.00197050455
0.00257524637
0.050209799
-0.0379721348
-0.00220722797
0.0386607142
-0.0317322654
0.0212608197
0.0192028942
0.0534347807
0.0155842675
0.00131767238
-0.0268974602
0.0630231315
0.0184532277
-0.0134318997
-0.0258961242
-0.0066197444
-0.0572527975
-0.0438467656
0.0571659618
-0.0414421424
0.024034764
0.0157451547
-0.00681027784
-0.0539127332
0.0402707587
0.0640300653
-0.0315759791
-0.00425473221
0.00619635337
-0.0352513195
0.043092469
0.0566892075
-0.0280251575
0.057399022
0.00783123229
-0.0163840595
0.0182453793
0.059144675
0.0375196743
-0.0280121812
-0.0330185046
0.036836616
-0.00191722904
-0.0486630174
0.0554017613
0.0412727716
-0.00866800391
0.0625504075
-0.024870492
0.0455418517
0.00948961471
-0.0302654688
0.0612659969
-0.00643403443
0.0441066548
0.00185005138
0.0384305753
-0.013621476
0.0420933654
-0.0199768245
0.0284013172
0.0369487374
-0.0614641403
-0.0435586394
0.0122939188
0.0461856699
-0.0300025844
0.00762852681
0.00345583969
-0.00543995316
0.0489265476
0.0110212143
0.00926288341
0.0214754403
0.0636792995
-0.0596005788
-0.0587144624
0.0581466616
0.0333802495
0.0588374884
-0.0345704786
-0.0395456331
-0.0593987663
0.0600735979
0.0586701934
-0.0363545597
0.00151127265
-0.0600856449
0.00124424501
-0.0137662167
-0.0635560366
0.0110187571
-0.0260627957
0.0424429026
-0.0508683756
-0.034489733
0.0434018128
-0.0477085085
-0.0363729063
-0.0342089315
-0.0552162522
0.0219563591
0.00450031054
0.0597006998
0.0145801186
0.0286804394
0.0130908234
0.0580407523
-0.0564631073
0.00943065579
0.0609800805
0.0529213268
-0.0295354281
0.0236182788
-0.00811831039
0.0291608655
0.0424104534
0.0589655679
-0.0133646326
-0.0375215964
0.0311221339
-0.014240057
0.0111061866
-0.00802888986
0.0114675202
0.0326442865
0.0622475999
0.00566816648
-0.0295178711
0.0527207648
0.0468793775
-0.038137819
0.0346349037
-0.0603122479
0.00083224772
-0.0320697471
0.00371960901
0.024453771
-0.0455477724
0.0527038231
0.0310703563
0.0524477971
0.0152304228
0.0382786612
0.0142208766
-0.0297765214
0.040558087
-0.0498806559
-0.00723050819
-0.00485657878
-0.0376613847
0.0635537277
0.0432576678
0.0256443643
-0.0182078176
0.0404943
0.0480335251
0.0607620307
-0.060129238
-0.0616069751
-0.0138194382
-0.0321618121
-0.0256226173
-0.0486483858
-0.00355178427
-0.00183659573
0.055312
0.0149839844
0.0400834535
0.0175765604
0.004196752
-0.0245842285
0.0488571577
0.0325678409
-0.0213948289
-0.0410948043
0.0440052649
-0.0116804845
0.0344091569
-0.0282763033
-0.0212534698
-0.0527113578
0.000700754587
-0.0116609789
-0.028773425
-0.0448392575
-0.0317971302
-0.0351035387
0.0389431331
-0.0605672551
0.0447648974
0.0233552245
-0.0526615679
-0.0606159969
0.0586420083
-0.0314378933
-0.00891292827
-0.0062593418
-0.00285907291
-0.0353257214
-0.0621290992
0.0566920821
-0.0249620022
-0.00750076433
0.00846738054
0.00926194717
-0.0347832621
-0.0584941591
0.0190255073
0.0495732346
-0.00128789777
0.00292671756
0.00861805963
0.000191887377
0.0299909639
-0.0631104343
0.00514275531
-0.0472443165
-0.00150739811
0.035315338
0.054567654
0.0402779642
0.051670478
-0.0617906018
-0.00977041423
0.0212964883
0.0332410156
0.0458995475
-0.00923628494
-0.0465235162
0.0134136488
0.0227637402
-0.0482885805
-0.000129944386
0.0437345859
-0.0258970325
-0.00125252407
0.0507428495
0.0229672234
-0.0629186503
-0.0470723885
-0.0334650902
0.0100666913
-0.0444300254
-0.0599728625
0.0374049807
0.0413466536
-0.000680219395
-0.0260845782
-0.0296141483
0.0366488371
-0.0255363902
-0.0470052168
0.0309676993
-0.00465486966
-0.0295828373
0.0342158901
-0.0282048313
0.00515621641
-0.0229564641
0.0211359533
0.0529716308
0.0527264246
-0.00785022676
0.0212390832
0.0542791669
-0.0458215116
-0.0435190297
0.0377048945
-0.0179523372
-0.000789932864
0.0277548265
-0.0105710168
0.0114920287
0.0112720164
0.0062401856
-0.019709288
-0.0593560375
-0.0571217285
-0.0631378056
0.0633919518
0.0564688806
0.0351868461
0.0190770516
0.0537170655
-0.0153510993
-0.0399685374
-0.0157033597
-0.0577858388
-0.00106232655
0.0456510447
-0.0178076118
0.0240680047
-0.0117925233
0.000939973776
0.0447634157
-0.0165252494
-0.0259567389
-0.0210146119
-0.00161282167
-0.0471109075
0.0617349172
-0.0576060795
-0.0614604042
0.0168444461
-0.0106951967
0.0588110942
-0.00837165971
0.00725582525
-0.0175372793
0.0211276414
-0.0292082494
-0.00967486786
0.0643225563
0.0202689771
0.00913065346
-0.027692264
-0.0159130253
0.017197102
0.013212407
0.0294799476
-0.0307049122
-0.0469454703
-0.0496127014
0.0173865033
-0.0342431582
-0.00412987727
-0.0106237497
0.00453684799
-0.0347707288
0.00967340931
-0.0600605121
0.0255421046
-0.0103299652
0.0282609035
-0.0120689708
-0.015891285
-0.0402749988
-0.035656486
-0.0504590786
-0.0555811249
-0.00228445557
0.00196825049
0.0418520108
0.00140421607
0.0258402508
0.0638896298
0.0547782947
-0.0141997267
-0.0390174216
0.0454518408
-0.0175176255
-0.0393313638
0.0271209558
0.0514467437
-0.0212798517
0.0135786577
-0.0365464892
0.0179440879
0.0172908436
0.0571668196
0.00648316015
-0.0361676412
-0.0268001888
-0.0579866921
-0.0333425598
0.0421793403
0.00117076008
-0.0516019031
-0.0475209284
0.0127382678
-0.0179177617
-0.0140189307
0.0596010663
-0.0600992408
0.026934338
0.0627093164
-0.0236440769
0.0590208097
-0.0248608853
0.0362724301
-0.0365194606
0.02254268
-0.0610827306
-0.00780805521
0.0017790115
-0.00951390564
-0.0540395358
-0.0454983414
0.0535263355
-0.0295497827
0.0524933089
0.0223118385
0.0108798757
-0.00920101768
0.0414398645
0.0320503976
-0.052976283
-0.0170632994
0.0124908946
-0.00583099173
-0.0188164592
-0.0621060002
0.0623932227
-0.0613206934
0.0160717881
0.00352752055
0.0408813712
0.0546319226
0.0106073266
-0.0606916106
-0.0241604327
0.0206469953
-0.0252465706
-0.0070380981
0.0612746594
0.000320256493
-0.0607816311
-0.0619765983
0.0274516223
0.0358031688
0.0369197337
0.0377132332
-0.0221009874
-0.0446591408
0.0291923548
0.0120972143
-0.0595184803
0.030246833
-0.00874685146
0.0337103378
0.0159771813
0.037903053
0.0104072831
0.0144326638
-0.0083263206
0.0230355946
0.0343658214
0.0149798971
0.0536691463
0.00804246731
0.0278451055
-0.0588314862
0.0611687672
0.0531721105
0.0353472867
0.0345310768
0.0441785873
-0.00690937576
-0.0491170959
0.0270677469
0.0151568519
0.0478342038
-0.0364923292
-0.00387666974
-0.0537138901
0.0162822152
-0.00755475551
-0.0102698789
0.0433771673
0.0240998698
0.0602445959
0.0126619359
-0.0297445174
0.0154503896
-0.053438329
0.0558014313
0.045101902
-0.0106776218
-0.0445267325
0.0386561771
0.0503567225
0.0616989669
0.0286719255
0.0343479862
0.0258522388
0.0458661507
-0.0141373127
0.0581310202
-0.0496546711
0.00583753528
0.0133591118
-0.0129144157
0.0528874243
-0.0200642998
0.0217628885
0.0519177119
0.0631024231
-0.00403005239
0.0426469227
0.0215632517
0.0210601037
-0.0138388863
-0.0184032623
0.0118483036
0.0101539576
-0.0395053719
-0.0281063054
-0.0121506599
0.0440973087
0.0524138593
0.0585880822
-0.00891520042
0.033539796
-0.00118546061
-0.0206638943
-0.0200863526
-0.0405965155
-0.0465311113
-0.0613738492
0.00924103867
-0.0117775862
-0.00551917603
-0.000373638953
0.0186866486
0.0333264061
0.0176476863
-0.020299169
0.0116986601
-0.0542227263
-0.0289960495
0.0414597076
-0.0524590136
0.0360700362
-0.0190064202
0.0433289832
-0.0331889572
0.00817659456
-0.0615796908
-0.0534442949
0.00825024293
-0.0540386491
-0.0521125785
-0.0582479333
0.0164525487
0.0396341343
0.0382043148
-0.0594136731
0.0470999405
0.0392082816
0.0500774895
0.0209446287
-0.0482055143
0.0347426759
-0.0163742949
0.00802075794
0.0524237549
-0.0345164812
-0.0277954044
0.0625778624
-0.00792613552
-0.017026446
0.0537814854
0.0349835984
-0.000167384685
0.0126892815
0.0169090797
0.0296771008
0.0440390224
-0.0362394936
-0.0123843927
-0.015678146
-0.00587402229
-0.00669185962
-0.0256578125
0.0236338845
-0.0493662904
0.0218243612
0.0145924482
-0.020037418
-0.00609028779
0.0161983649
-0.05050955
-0.00936301994
-0.058446302
0.0416393063
-0.0289367585
-0.0630249793
0.0267273023
-0.0436699641
-0.00183403417
0.0201992861
0.0108818147
-0.0215579019
0.0337172413
-0.0150921598
-0.0273855909
0.0111099779
0.0168077406
0.0264801064
0.0247427154
-0.00924689702
-0.0180194347
-0.0477225516
-0.00973727287
-0.0502811344
0.000440872904
0.0413872786
0.00610023294
0.0373362984
0.0102474374
-0.0364674843
-0.0252860327
0.0546337483
-0.0202282742
-0.0183413777
-0.00596903267
-0.0128828502
-0.022376662
-0.0249843682
-0.0402355484
-0.0507161421
-0.0222282073
0.0551708387
-9.41947525e-05
-0.0602767582
-0.00753411668
-0.0519488336
-0.0258343556
-0.0093674797
-0.06201365
-0.0303005981
-0.0505415144
-0.0334987062
0.0391849275
-0.0399529916
-0.0366750518
0.0216521995
-0.0552652989
0.0277140894
-0.0626542405
-0.0276666697
0.0184967971
0.0397489265
0.0566350726
0.00845192623
-0.0192361755
-0.0162233335
0.0333611319
-0.0599756271
-0.042374136
0.054624159
-0.00552304171
0.00643496511
0.0350368189
-0.0521622451
-0.0410199222
-0.0361735311
0.0540617866
-0.039114055
0.0608986851
0.00026605839
-0.038484955
-0.0521595406
0.0196460828
-0.0108445349
0.0643046852
-0.0102713982
0.0569933782
0.0211612326
0.021979727
0.0389403896
0.00709336257
0.0497400418
0.0095422822
-0.0301413824
0.010606798
3.54859785e-05
-0.0129883393
-0.0423426488
-0.0480021165
-0.00877895272
-0.0158940074
0.027628554
-0.00632245649
-0.00156598451
-0.00646756235
0.0591273584
0.0372934921
0.00922312565
-0.00522559122
-0.00441941671
0.0564504108
-0.0515686287
0.06273138
-0.0140123261
0.0453329159
0.0171631976
0.0246656413
0.0125326711
0.00840864585
0.0379357593
-0.00215513499
-0.00131041372
0.0457267781
-0.0433399801
-0.0270778508
-0.0349560771
-0.0213417586
0.0260957639
-0.0319581387
-0.0445060596
0.0469554409
0.0582318591
-0.0292298353
0.042685322
-0.0145417355
0.0450249957
0.0597377389
-0.00803907054
0.0484583529
-0.0132453508
-0.0383758202
0.011956449
-0.0176955239
-0.0549938929
0.0333511832
0.00694026225
-0.033128005
0.000287737332
-0.0497926859
0.000194228371
0.0625101431
-0.0180523375
-0.0101489191
-0.038162562
0.051784986
-0.0560630746
-0.0527318176
-0.0127203664
-0.0230408853
-0.0481527208
-0.000270206629
-0.0463100071
0.042714698
-0.00263057646
-0.0633071274
0.0267058492
0.0558730712
0.0431125297
0.056335649
0.0624828476
0.00504953633
-0.012687576
0.0214103262
0.0352066756
0.0375163693
0.0549484378
0.050184846
-0.0241686097
-0.0410053468
-0.018119145
-0.0197002001
-0.0406649696
0.0166851174
-0.0620668138
0.021825793
0.0464862111
0.0497817375
-0.0462310331
0.0275536327
-0.0411853706
0.000810857469
0.018071932
-0.0381565954
0.0110880252
0.0418074682
-0.0443711418
-0.0370228665
-0.0641696274
-0.0459442629
0.0541402012
-0.0585591238
-0.0432472981
0.024818737
0.018374398
0.0332170169
-0.0258633599
0.00123411829
0.031017124
0.0108324691
0.013578078
-0.00727023684
0.062053194
0.00828536455
0.0271936848
0.0534541082
0.0397519797
0.000461527573
-0.0454028617
-0.0583715274
0.0031461806
0.00570617828
0.0549953396
0.047462358
-0.042683274
0.00480394354
-0.0318962855
0.00159850006
-0.0166326938
0.0208445066
-0.0584509576
-0.0120784534
0.0345556744
0.0481793403
0.0304631713
-0.06181466
0.0104945635
0.0338192964
0.0110237889
0.0627127994
0.0203254273
0.0475726993
0.0381541452
0.0388061288
-0.054976164
-0.00700811936
0.0264105888
-0.00107895422
0.00838723692
0.0262808467
0.00475268492
-0.00964664926
0.000251872111
0.050492215
0.0377153921
-0.0639048059
-0.00276796539
0.0507681571
0.0426483261
0.00135169361
-0.0517565133
-0.0279120591
-0.0586757642
-0.0503950166
-0.0591238726
0.0170000086
0.0599960782
0.0269080922
0.0113866234
0.04596425
0.00486071072
0.0117769065
-0.0520744116
-0.0138457417
-0.055300884
-0.0310350499
0.0152195708
0.0279096231
0.051800743
-0.011651703
0.051700989
0.00984052254
-0.000759939457
-0.0335534198
-0.0132878228
0.00630471675
-0.0277543865
0.0354606967
-0.0406335621
-0.0258139171
0.00374074976
-0.0532784164
-0.0364578504
0.0414045507
-0.0230200521
-0.0519673778
-0.0463733733
-0.0266993242
-0.00905174176
-0.0226167739
0.0331078386
0.029909795
0.00368064895
-0.00810056212
-0.0254557293
0.046559265
-0.0561716505
-0.0339415913
-0.0168305716
0.0171051947
0.019725196
-0.0537304157
0.00253278327
0.0232760236
-0.0328313305
0.0115396436
0.0130799083
-0.057113461
0.0279400685
-0.0126098848
-0.0139813907
0.0454745805
-0.013422135
-0.0141284324
0.00592042025
0.0522652457
0.0125463897
-0.047382617
0.00634191241
-0.0489396808
-0.0252684827
-0.00518013229
0.0419055158
0.0598520845
-0.0369729895
0.0240443055
-0.0340008312
0.0436179409
-0.0254872731
-0.0585183057
-0.019709541
0.0392798592
0.0344139231
-0.0346412053
-0.0615646748
-0.0360731603
0.0455812199
-0.0574510598
-0.0348340826
-0.047712948
-0.0409267145
-0.0311475179
-0.0347060928
0.0161424255
0.0182268
0.0124898856
-0.0296031812
0.0347714131
-0.00425887258
-0.0101295288
0.0336652775
-0.0574638739
-0.0321112917
-0.0419124221
-0.0345163858
-0.016824689
-0.0277043798
0.00405799247
-0.0613058118
-0.0102320563
-0.0400205797
0.0433590914
-0.0299446142
-0.0394151965
-0.0382219774
-0.0410818773
0.0479779176
0.0597517883
-0.0372893023
-0.012593636
0.0446174399
0.0232396379
-0.03293267
0.00119011641
-0.030073061
-0.0196306829
0.0485758841
-0.0504770744
-0.018532599
0.0192822132
-0.0579062883
0.000353649523
-0.00261692124
0.0158295827
-0.0500643232
0.0626227173
-0.0562365794
0.0135611329
0.00278863112
-0.0276295168
-0.00357983555
-0.014090293
-0.0033211464
0.0598145214
0.0378790215
-0.036433059
0.0481107034
-0.0490832109
-0.0242062576
0.0245024052
0.0532781884
0.0482171498
-0.0155012589
0.0135569476
0.0138362341
0.0471188236
0.0265828563
-0.0203144237
-0.019398167
-0.0011044794
0.0337277473
0.0478900711
-0.0243971948
-0.0615897847
-0.00770665595
-0.0499784514
-0.0484289075
-0.00972120768
0.058906694
0.0618822427
0.0121110722
0.04610695
0.00618452135
-0.0428129802
-0.0482498324
0.05491979
0.0208140891
-0.0223368887
-0.0614239023
0.0474085733
-0.0520632727
0.0235477118
0.0643459482
0.0183858898
0.00787990253
-0.0170401317
-0.0189182319
-0.0109482469
0.046138105
-0.00319155296
-0.0536729464
0.0122533013
-0.0403019854
-0.00396302902
-0.0414301911
-0.0572499481
0.0353230069
0.0235973052
0.017336121
-0.058432861
0.0359925249
0.015262346
-0.00345997988
-0.0592809006
-0.0449333692
0.0353994024
0.0315128556
0.0131161442
0.0486224033
-0.0244417962
0.024473465
-0.00280512453
-0.0352018293
0.0207323936
0.0637178428
0.0289555735
0.0163080286
0.0468235642
0.00775174593
0.0539060641
0.0418844465
-0.0276680727
-0.0225579055
0.046298882
0.0484917135
0.0496947722
0.0473986956
-0.0628789827
-0.0159162692
0.0340359055
0.0206168319
0.0107609184
0.0520858705
-0.0247144061
-0.0520558774
-0.0434219195
0.0141138166
0.0159856419
0.0606758981
-0.0413319605
0.035450872
0.0374817021
0.0361069
0.052277123
-0.0619353473
-0.0582311567
0.0282423938
-0.0053570868
0.058956561
-0.0183433634
0.0453423904
-0.018268743
-0.0279156858
0.0300135345
-0.0551703454
-0.00421245856
0.00636244164
0.0298783645
-0.0577413171
0.00268225296
0.0202784339
-0.000760319343
0.0121291803
0.0524353486
0.0496683404
0.0327190282
0.0397753764
-0.0623123941
0.028377698
-0.0460969454
0.0335104986
-0.0377560542
0.037869345
-0.0144860112
-0.0257582197
-0.0584446704
-0.00676123292
-0.0302023699
0.0121748372
0.0500705513
0.0267883381
0.0525830972
-0.0354532884
0.00395952888
0.0324453501
-0.0414746465
-0.0517956284
-0.0626549398
-0.0287393622
0.042938825
-0.0160479503
0.036963314
-0.04793522
0.0416992273
-0.0642057255
-0.0412484525
-0.0171820348
-0.0441816477
0.038337229
0.0493324836
0.0250720952
0.0343065743
0.0429882386
-0.0377127965
0.034600505
0.00856714225
-0.0217002309
-0.0582930732
0.0629026364
-0.0571068025
0.0225584718
0.0320857359
-0.0621812574
0.0314961867
0.0542002697
0.0424188086
-0.00206502041
-0.0360720953
0.0241850604
0.02378833
0.0219511236
-0.0104515777
-0.0113206145
0.00644045165
0.0267082096
0.0484591003
0.0172605402
0.0561433849
-0.0292692035
0.0309540137
-0.0604660885
-0.00628009196
0.00165938191
-0.0374357099
0.0235859155
0.042617669
-0.0104688837
-0.0259040808
0.0074495069
-0.0455111436
-0.0529782453
0.0285897313
0.021615244
0.0239585647
-0.0288147902
0.00630685631
0.0445450032
0.0201821926
-0.0411967731
0.0324706166
-0.0444587055
0.0585506314
0.0208312584
0.0133092971
0.033980092
0.00777197297
-0.0125807258
-0.00840850578
0.0423433002
0.00121576547
0.0461215641
-0.00229754559
0.0111676495
0.035692766
0.0362350421
0.0434078897
0.0496986022
0.0351767233
-0.0586238382
-0.046325212
0.056390211
0.0200970684
-0.0519478913
-0.0286185197
-0.0437614003
-0.0179811859
0.0542341395
0.0246693204
0.0320514979
-0.0167303757
-0.00447974208
-0.00164950437
0.056912471
-0.00349772364
-0.0218942719
-0.0112715189
0.0290664356
-0.0528648892
-0.0162697922
-0.0239790421
-0.0566798071
-0.0236718245
-0.0573931309
-0.00664651761
-0.0381087911
-0.0414667325
0.0512397312
-0.0309122132
0.0401599592
-0.00838675398
0.0409858014
0.0268353903
0.00205199839
0.0541963131
-0.0413931153
0.0403696089
-0.0590772392
-0.0146932328
0.062493845
-0.0249502289
-0.059125574
-0.0492838923
0.0633153605
0.0352710643
-0.0385627797
-0.0242029331
-0.041588905
0.0587104559
0.0292292663
-0.00755188167
-0.0547234354
-0.0487390903
0.000469153488
0.0195475611
0.0635522741
-0.0185363566
0.0596026635
-0.0278917147
0.0299031505
-0.00524977483
-0.019554165
0.00940615319
-0.0469458401
0.0290847488
0.0255072215
0.0472715111
0.0199724151
0.00844784216
0.056578838
-0.0509603475
-0.0377203524
-0.0276929401
0.0316934832
-0.0252364566
-0.0163048975
-0.0208165382
-0.0455275824
-0.00930865162
-0.0274937734
-0.048299357
-0.0618017287
-0.0590903252
0.00389674865
-0.0610262403
0.0355275405
0.0538325963
-0.0279501841
-0.027197976
-0.0530807471
0.0632326122
-0.0397166233
0.0161482089
0.0291428591
-0.00964752318
0.0257692
-0.0047986271
-0.047125135
0.0511906812
-0.00373747528
-0.0100106256
-0.0542504651
-0.052525722
-0.0193136201
-0.00283835618
0.033132865
0.0173018784
0.0279794227
-0.0506327187
0.0191364318
0.000858531296
0.0170742305
-0.00329565303
-0.0461260122
0.0228820329
0.0224836468
-0.0113265664
-0.00717093083
-0.0552031808
-0.0608066363
0.0116272188
0.0296821792
-0.0399720912
0.033094703
0.0161939217
-0.0264000184
-0.0463968018
-0.0271706702
0.0538231483
0.0525486871
0.0122365168
0.0180179189
0.061052583
0.0577201923
0.0391138474
-0.00224955211
0.0633393149
-0.0642438956
0.0616382324
0.00824367237
0.0287613696
-0.0223728467
0.000530721721
-0.0120944218
-0.0308349711
-0.0335215624
0.0425159415
0.0587522861
-0.0454320203
-0.0483556423
0.00818585385
0.021003618
0.00317698747
-0.00621468956
-0.0590407826
0.00380536737
0.0154903469
0.0587674437
-0.0574474146
0.0256794235
-0.0322139636
0.00842373717
0.0184085439
-0.029733166
0.0259559555
-0.00211884819
0.0180776819
-0.0172229843
-0.0341507619
-0.0587562233
-0.00167894502
0.0608697384
0.0367524122
0.023897983
0.0123394363
0.0414265036
-0.0477462781
0.0114115193
0.045890694
0.0570470728
-0.0116481422
0.0238650872
0.0283646764
-0.0131595926
0.0363571461
-0.0254214585
-0.0158475689
-0.0339840452
0.0261237375
-0.048593041
-0.00511164064
0.0641068244
-0.0300394259
-0.0378404381
0.0577620922
0.054653741
-0.0439162654
-0.0111966891
0.0319808642
-0.0626859871
0.0547143917
0.0632901965
0.00914775007
0.0576613847
0.0610652378
-0.0611820363
-0.0241483079
0.0245429068
0.0486466489
0.0569966714
-0.0510163899
0.0418744212
0.0275365495
0.0431269936
-0.0423993078
0.0510890024
-0.0468003665
0.00413356015
-0.0278715076
0.0273086607
-0.0408287297
-0.0187102809
-0.0244110103
0.0162997041
0.0365869912
-0.0337495197
-0.00654378978
0.00942444984
-0.0480169704
-0.00840404161
-0.0432120563
-0.022895759
0.0513708012
-0.0239473889
-0.00602896258
-0.0575492594
0.00754441657
0.0122277615
-0.0104730187
-0.0505724965
0.016107518
0.00377176436
-0.0130183115
0.0212703484
-0.0255949226
-0.0515513133
-0.055555055
0.0178268674
-0.0427086867
-0.0321441562
-0.0450768004
0.0606488634
-0.0328516231
0.0256906732
-0.00581449572
-0.0457294903
0.0218240535
-0.0124778778
-0.0108391381
-0.00662431672
-0.0499750362
0.0282682072
0.000940734088
0.0464142188
-0.0609448569
0.0229902634
0.0337941285
-0.0111845148
0.0553886001
-0.00214348852
-0.0589676302
-0.0243130121
0.00300570806
0.0494484279
0.0135554899
-0.0447792373
0.0521753473
-0.0613834159
0.020750921
0.0456256763
-0.0359676604
0.0480468914
0.049092566
0.0615398046
-0.0465615287
-0.00922974169
-0.0596778192
0.0522227225
-0.0393070471
0.00816134509
-0.0120238646
-0.00719749903
0.00726960797
-0.0224638434
-0.048748107
-0.00828248716
0.031722421
-0.0098251712
0.0634919768
0.0580425968
0.0120414244
-0.0121015863
0.0626210319
-0.0209723083
0.0263578401
0.0525327482
0.0164419377
-0.00252690019
-0.0188696413
0.0528435141
0.00961499383
-0.0450732298
0.0115598887
0.000124131671
0.0241002477
0.0391677569
0.056969909
0.00819685559
0.0442650663
0.0554770913
-0.0286374479
-0.0133806791
0.03805518
-0.0184739923
-0.0526927121
0.00107533637
0.0195702364
0.0266830823
0.00207881948
0.0169507696
-0.0185146528
-0.0492760704
-0.0065149141
-0.0217837688
0.0621893519
0.0359252963
0.00896732952
-0.0529700536
-0.00123944419
-0.0150882997
-0.0565477108
-0.0233982195
0.0109172227
0.0364007495
0.0632081625
0.0264519743
0.00136192847
-0.0396176703
-0.0318405951
-0.0613476553
-0.0560624187
0.0505069015
0.0329128956
-0.0615749329
-0.035132723
0.0567585605
0.0287246611
0.0160539779
0.0634052029
0.0212124724
-0.0590642051
-0.0633615958
0.0462054192
0.0555583705
0.0596991071
-0.00115704376
-0.0210359866
0.00941839858
0.00849642317
-0.00156861465
-0.0382259898
0.0236555782
-0.0459492107
0.0244034425
-0.0435256914
0.0527918387
0.0389695026
-0.0355696436
0.0349229006
0.0468977853
-0.036663707
-0.0171247764
0.0443330015
0.0473409784
-0.0483881658
0.0297557549
-0.0401415842
-0.0447003663
0.0285287988
0.0185453383
0.0489848706
-0.0548542742
-0.0592546773
0.0245615882
-0.0166245184
0.0137227639
-0.0129515011
0.0481900955
0.0289399821
-0.0361107554
0.0294369444
0.0508774277
0.0550278552
-0.0195145926
-0.0305764329
0.0629861705
0.0344480197
0.0045793905
-0.00975817857
-0.052364785
-0.0256450073
0.00284246088
0.0406314762
0.0554217536
-0.0029869216
-0.0574148301
-0.0352064011
-0.0602451206
-0.00803549595
0.0137135102
-0.0203722551
-0.0117367623
0.00274294939
0.00752769307
0.0579692884
0.0073417865
0.0502891433
-0.0244838391
-0.0537872793
0.0302152876
-0.0376741393
-0.0184160993
0.014698699
0.00334837486
0.0417627038
0.0621502496
0.0515761639
0.0232502376
-0.0249062704
0.0319858643
0.0146944864
0.00228932078
-0.022767035
0.00978383286
0.018365054
0.0350601157
-0.043058677
-0.00577316314
-0.0120183485
-0.0464321461
0.0225465082
-0.0193135913
-0.00116351719
0.0232066712
0.0370440395
-0.0134611386
0.0343995667
0.048010653
-0.0474426178
0.0139376962
0.0316586988
-0.0404839072
0.0164870437
-0.0385385386
-0.0557704696
-0.0391417046
-0.00850303418
0.0118572753
0.00774136385
-0.0211746081
0.0317171458
-0.0012051182
-0.0157468285
-0.0374970485
0.0505764487
-0.0403142044
0.0107092303
0.0599990931
0.00701624385
0.0336863722
-0.0388634546
-0.0107625985
-0.0339224468
-0.0145888603
0.0159919732
-0.0237335559
0.061815312
0.0419879949
-0.0127486997
0.0340673249
-0.0182506416
0.00277487491
0.0181970526
0.0289684909
-0.0457484453
-0.017395717
-0.025596374
0.0346061346
0.045463042
0.0114701168
-0.0208969385
-0.0472672022
0.0194049293
-0.0526594635
-0.0197344197
-0.00358059075
0.000752834672
-0.0274349032
0.00989284692
-0.0403177291
-0.0245696591
0.0216801281
-0.044372896
-0.0620487124
0.0321418213
0.0569885814
0.0162554346
-0.00685025761
-0.0493103468
-0.0108087296
-0.0134497832
0.0327924699
-0.036076612
0.0351747048
0.0129298301
-0.0235602633
-0.0510832147
0.0136872258
-0.0233058907
-0.0333810335
0.00156621725
0.0385687501
-0.0588376613
0.058594706
0.0609036329
-0.0453861968
0.0243727089
0.046599206
0.0109955657
-0.0461129385
-0.0348597804
0.0235423125
0.0588762724
0.00368490381
-0.0152287795
0.0474049547
-0.0515866383
0.0419943995
0.0512882138
0.0192741112
0.000355474595
-0.00442916825
-0.0320480048
-0.023513083
-0.00689513313
-0.0499775142
-0.0192917149
0.0145498856
-0.0375023809
0.0223649221
0.00532470594
0.0377534934
-0.00844793783
0.0327210546
0.0112418393
-0.0325677759
0.00939853005
0.050728737
-0.0191163116
0.0421980043
-0.0438035675
-0.01822334
0.0535832589
-0.0261425402
0.0484135197
0.0211957416
0.00385275425
-0.00217381721
-0.011955021
-0.000324938304
0.0295512317
-0.00947478524
-0.0363009271
0.00849037558
-0.0590390269
-0.0399229294
-0.00720721348
0.0183118077
0.0374364788
0.058475937
0.0626346074
0.0453448171
0.0411904886
-0.0314349538
-0.0353534069
-0.00161323482
-0.0599161446
-0.0535238551
-0.0520873061
-0.0248128068
0.0222771436
-0.0487165672
-0.0383666868
0.0339778037
-0.0241895099
0.0571489091
-0.0499845497
0.0382877299
0.0326017215
-0.00211309457
-0.0453555422
0.0450729957
-0.0586379302
0.0496113304
0.00736498782
0.0440848656
-0.018057047
0.0386523908
-0.0478663582
0.0368991823
0.0456104892
-0.0456867034
0.00317721865
-0.0468590066
0.0152914441
0.055440439
0.0273829617
0.0183933585
-0.00346860988
-0.044848891
-0.0200741928
-0.0609720328
-0.0510406945
-0.0511675597
0.0268035801
0.0172606446
0.0437575882
-0.0180897779
-0.0352651028
0.0407322077
0.0329762657
0.0269306089
-0.0217627983
0.0292193853
0.0642251417
0.0424329906
-0.034870163
-0.0608033645
-0.0642570443
0.0596649369
-0.0278326881
-0.0595277902
0.000589700512
-0.0222552243
-0.0501883112
0.0600670439
0.00519352682
0.0473963949
0.0183328283
-0.0485233311
-0.0340136744
-0.0241072044
0.0402241599
0.0357930437
-0.0548465109
-0.00571313449
-0.0543219677
-0.0466665945
-0.0197230979
0.0296761272
0.0353957352
0.0448723273
0.0573817471
-0.044702289
-0.0332054484
-0.0326918092
-0.0186674174
-0.0313820617
-0.0473478553
0.039295659
-0.0275264846
-0.0172728701
0.0392464087
0.0183409384
0.0227572545
0.00627622977
-0.0367107583
0.0465865217
-0.049002951
-0.00488810917
-0.0177498849
-0.0544304934
0.0567967447
0.0151339912
0.0181771029
0.0297415354
0.0134150868
0.0492338848
-0.0429835407
-0.058833223
-0.0352521687
-0.0121729588
-0.0518934279
-0.0355723767
-0.0483739477
0.0195442668
0.0540925317
0.0538669149
-0.0117773539
-0.0323853956
0.0251882915
-0.0374573012
0.0640935064
0.0412770059
-0.0302293964
-0.0120653935
0.0193517985
0.0473921651
0.0617857322
-0.0473599795
-0.0426552271
0.0604879051
-0.051220117
0.0634300358
0.0436449139
-0.0641142014
-0.00281310752
0.0134588257
-0.0605276304
-0.0453682218
0.0335403037
-0.0402083127
0.00905386627
-0.00380347495
0.027277376
0.00269636336
0.0295116762
-0.0486071409
0.0476103652
0.0621862805
-0.0493579644
-0.0510120501
-0.0317980027
0.0456986274
0.0359030134
-0.0544116062
-0.0557878194
0.0116559045
-0.00323950165
-0.0463838001
0.0102908609
0.0209390936
0.0467701519
-0.0142316372
0.00210980652
0.015661568
-0.0377073289
-0.0123909082
0.0544309171
0.0634146779
-0.0388326969
0.0576892592
0.0523013157
-0.0556495677
-0.0102021272
-0.0581128681
-0.0134602577
-0.0193910427
-0.0310100248
-0.0379747804
0.0497161985
0.0482773746
0.0364161646
-0.0585543029
0.0255672852
-0.0508451084
-0.0210457999
-0.0388548961
-0.0114312597
0.020718906
0.0130497985
0.00963365804
0.0508976062
0.0506029351
-0.0124888544
0.00473724016
0.0078948127
0.0633645555
-0.0472746761
0.00915385163
0.0639387664
-0.00202891316
0.0464185527
0.0343314332
-0.00199097426
0.0541476149
-0.0195625709
0.00893446194
-0.0571213818
0.0283551768
0.0123491897
-0.0291927637
0.0473160661
-0.0460704574
-0.0113199153
-0.0165126945
0.00485153892
-0.0545567062
0.0517144793
-0.00877626391
-0.0262650911
-0.0276119263
-0.0590069546
-0.0497548854
0.0237601093
-0.0354644903
-0.0549584628
0.00181243112
0.0603960059
-0.0402605211
-0.00527298156
-0.0261423272
-0.00173858341
0.0216232136
0.00910598957
-0.0594410403
0.0577186691
-0.00743216258
0.0454213806
-0.0104629149
0.0497992755
0.0489840111
-0.000933444996
0.0628865464
-0.00656310615
-0.0511760543
-0.0496846482
0.010904912
0.0517897367
0.00693170287
-0.0369260987
0.0381605187
0.0139998601
0.0601794087
0.0352440992
0.00462947922
0.0425480242
-0.0565087886
-0.0124279838
0.00406520793
-0.0541667221
0.0391451929
0.0547305342
-0.0341442299
-0.0572886294
-0.0532474475
-0.00845067108
0.0434576905
0.0161345194
-0.0313500172
-0.0496639573
0.0209081713
0.0420385556
-0.0195365097
-0.0333527908
-0.0357552936
0.0526660908
-0.049200015
-0.0451300446
0.0159766912
0.0347933099
-0.0136690573
0.0347792238
-0.0625682934
-0.023315763
0.0461274235
0.0116619086
0.0338885919
-0.0504610832
0.0284773458
0.0291336372
0.0090649747
0.0405346078
0.0596458704
-0.0470593542
0.054176781
0.00284740373
0.00444227497
-0.0205722536
-0.0163536714
-0.0632154953
-0.00529530395
-0.0265627096
-0.0129020833
0.0456690156
0.0291616007
0.0485415607
0.0630233246
-0.0619508107
0.0594465486
-0.0401658345
-0.037017652
-0.0542843372
0.0265535617
-0.0210777311
-0.0077195437
-0.0384555956
0.0206236683
0.0194892394
-0.00445552953
-0.037749501
0.0188615339
0.0378039307
0.0565673522
0.0537904462
-0.005661123
0.0259532852
0.0583818296
-0.00481240206
-0.0440573807
0.0633016102
-0.0389814355
-0.0609308546
-0.029418672
-0.036847115
0.00149784913
-0.00695129305
0.017057272
-0.0477849
-0.0290672445
-0.0535516922
-0.0266979748
0.0173374406
-0.0284629314
-0.0507290308
-0.0101863611
0.0156791874
-0.0462481464
-0.0152308144
0.042463485
0.0477018612
0.01205312
0.0319604019
0.0174587768
0.0167184562
0.0626016626
0.0189268041
0.0236367307
0.015442616
0.0145237648
-0.0581526403
-0.0463808015
-0.0348768556
-0.0306336863
0.0617985809
-0.0245232521
-0.0172228211
0.0058305654
-0.021090034
0.028119265
0.00723623331
0.0430442098
0.0131737722
0.0115693919
0.0249049677
-0.026527878
0.0546669608
0.0640424068
0.0134801802
-0.0337812154
-0.0281982266
0.0248230551
0.0459741737
0.0254757454
0.0400411868
-0.0641805278
0.0431711838
-0.0383313889
0.0518045168
0.00614549997
0.0294144255
0.059643273
-0.0590905613
-0.0618543587
0.0384728159
-0.00110849787
-0.0312673374
0.0133493241
0.0485003491
-0.00136568511
0.0267104891
-0.0352816931
-0.0213641579
-0.00489391061
0.0169799735
-0.00120963436
0.00728709875
-0.0637382407
0.0317445843
-0.0601373966
0.0416039413
-0.0387409563
-0.0139193748
0.00978594056
0.0429656965
-0.00960789183
-0.033585991
0.0367994921
-0.0168732257
-0.0441292823
0.00928092161
0.0636585937
0.0257862336
0.0307348588
-0.00761952716
0.0156580277
0.0223571555
-0.0632456764
0.022289502
-0.0430319209
0.0152513418
-0.0110692349
-0.0343547728
-0.063813442
0.0379207078
-0.00215542977
-0.0514556508
-0.0238581205
-0.0530380709
0.0131656641
-0.0152939386
-0.0145244846
0.0105441586
-0.00718820346
-0.0634756902
0.0599923524
0.0568282732
-0.0604379281
-0.0151232708
0.0462295478
0.00635177321
-0.063590403
0.0154329391
-0.00317272039
-0.0196273396
0.0549242498
-0.0503252395
-0.026003189
0.027487714
0.01291919
-0.00959811526
-0.0292365286
0.0100817184
-0.062912779
0.0046766736
-0.0205333207
-0.00358961679
0.0561748437
0.0362749974
-0.0613279327
0.0322926604
0.0052251158
0.0195192504
0.0091456041
0.00966912542
-0.051924759
-0.0632414809
0.0506870803
-0.0631037668
-0.0161475911
0.00297285126
-0.0187399923
-0.0207541987
0.028746597
0.00520847661
-0.0280676381
0.0345503265
-0.01026026
-0.0060442736
-0.000712495209
0.00146061473
-0.0372471881
-0.0135819799
-0.0258192584
0.00378377445
0.0539129031
-0.0110303958
-0.00982637969
-0.0303005099
0.0246376108
0.0626030908
0.0549470007
0.0358142726
-0.00341376513
-0.0524504937
0.0581508739
0.0618217007
-0.055792229
0.0174409456
0.0121198638
-0.0311994113
-0.0225178363
-0.00180819984
-0.0234199421
0.0498098029
0.00365473915
-0.0277375405
-0.00556735701
-0.0297169888
-0.0281263216
0.0226743536
-0.0247453253
0.041820985
-0.0109351914
0.0594650943
-0.00437868066
-0.0145273684
-0.0058611447
0.0311210095
0.00782070558
0.0287305539
-0.0514779602
-0.0311923499
0.0161672382
-0.0615382601
-0.0562068134
-0.0192207949
0.054924826
-0.049543065
0.0184280916
-0.0182813979
0.0193346284
0.00528439975
0.0293821146
-0.0103933354
-0.0622275647
0.0623066414
-0.0308679869
-0.0459626305
-0.0376441118
0.0354315565
0.0313463104
-0.0583942064
0.0619028186
-0.0459871731
0.0101083113
0.04882814
-0.0161431145
-0.0321154648
0.0246516429
0.0169514796
-0.0147688647
-0.042308706
0.057906736
0.0385650705
-0.00928206792
-0.0590655726
-0.00670555419
-0.0243923026
0.0323804414
-0.0271651666
-0.0362963341
0.016963441
0.0169613534
0.0484966895
0.020334191
0.0427860415
0.0455408052
-0.016377413
-0.0342727794
0.0467192719
0.0531061217
0.0474385363
0.0119439635
-0.0179289644
0.0306387943
0.0586876314
-0.0623406639
0.0320028965
0.00352457068
-0.0481516214
-0.0586523638
0.0624198651
0.0241109602
0.0445995716
0.0277511758
-0.0237275699
0.0280862032
0.0247834922
0.0208352037
0.0422892887
0.0400222399
-0.040918245
-0.0270841316
-0.0565927909
0.00402449015
-0.0390516478
0.0543782939
-0.028597426
-0.0346985952
-0.0354183457
-0.00239471355
0.0568922171
0.0507946158
-0.0598872113
0.062160618
0.0579552782
0.0442314592
-0.0265631517
-0.0512509317
-0.0471287078
-0.0536949752
0.00570275458
-0.053313098
-0.0382187317
0.00298905233
0.0157849376
0.0240219573
-0.0274593315
-0.0516651967
0.00957492358
0.0322465067
0.0372456164
0.0608349815
0.0173421009
-0.0241522571
0.00356205019
0.0284491464
0.0584065519
0.0106424687
0.0260046781
-0.0290409359
0.0257301083
0.0193984684
0.0159497459
-0.0550522518
-0.057553611
-0.027070357
-0.0465659891
0.0415010689
-0.028411032
0.050365635
-0.0130292656
0.00444148262
0.00842584359
0.0236030799
0.0258360048
0.00247131374
-0.00911002971
0.011200463
-0.0147990746
-0.000532955083
-0.0369787345
-0.0261227041
0.0267199232
0.0336778571
-0.00539405452
-0.0535890079
-0.0266484314
0.0582888391
0.0206887655
0.0442011744
0.0295016188
-0.0328168287
0.0206266993
-0.0559279959
0.0217653537
-0.0398240293
-0.0371258065
0.0251682689
-0.0510449665
0.0273609409
-0.00245724859
-0.0207583806
0.0638740882
-0.0275904139
-0.0628306613
-0.0223089218
0.0459338647
-0.0548293713
0.0385925629
-0.0108096925
0.0633835802
0.00129507967
0.0402814884
-0.00649029597
-0.0260225786
0.0107297445
0.0269816594
-0.041148669
-0.0465487021
-0.0636749087
-0.0303754408
0.0317591766
-0.00211519022
0.0123490081
-0.044280247
0.0529808623
-0.0066006257
-0.054561609
-0.0114950988
0.00454423817
-0.0423913718
-0.0268260525
0.00645162606
-0.031692329
-0.00952614039
0.0522793566
0.0360767457
-0.00783903735
-0.0341586521
0.00746183457
0.0254829703
-0.0540566838
-0.0138115985
-0.0519844606
-0.032708009
0.0352029082
-0.029631387
0.0599419915
0.0148604691
-0.00401340936
0.037177972
-0.0490569266
-0.0100451452
-0.0343565449
-0.0244309678
0.0363858461
-0.0598475883
0.00463718876
-0.0349099611
-0.0174817951
-0.0588144493
0.0356112338
0.0251239184
-0.0102282943
0.0171889811
0.0288238119
0.0584565254
0.0047717583
-0.0339359395
-0.0596201437
0.0379855426
-0.0385808809
-0.00836631673
-0.031315721
-0.0249515637
-0.0495707064
0.0201599574
-0.0283318093
0.0414377454
-0.0103046166
0.030578136
-0.0254388753
-0.0452289273
-0.0502778167
0.0276854005
0.0198886963
-0.0100272935
0.004122307
0.0346515178
-0.0365664943
0.0571237834
0.0537263393
0.0194133426
0.0173989125
0.0311820544
0.0341720145
-0.00470623224
-0.0544049747
-0.0306334013
0.0605963405
0.0569389479
0.026422504
-0.00715573777
-0.0586224667
-0.0172627902
0.0635414008
-0.0574899358
-0.0604084759
-0.0329603984
-0.0125786936
0.0211088958
0.0569499893
-0.0614142302
-0.00852710803
0.0156355708
0.00198652991
-0.0536022218
0.0620814214
-0.0116770801
-0.0400523247
0.0112367043
-0.00121232747
-0.00427529503
-0.0102914736
0.019233504
-0.0372366711
0.0372807398
-0.0489072813
0.0626069997
-0.0227778114
0.0456317403
0.00854285802
-0.0287378417
-0.0521232925
0.0248094172
-0.0180537964
-0.0623114681
-0.0532324979
0.0455255486
-0.00473876009
0.00605780078
0.0331533188
-0.0585333712
-0.0327008329
0.0189347962
-0.0640813339
0.0369543635
0.0399413844
0.00421723392
0.00355581855
0.00646331364
-0.0312492346
-0.0166933297
-0.0354900885
-0.0612093004
0.00264008203
-0.0354543563
0.0343924396
0.0442763976
-0.062895033
0.054648945
-0.0568354737
0.0574820148
0.0082686484
0.0634894158
0.0390507431
-0.00543637335
0.0106910253
-0.0224993457
0.0426359189
-0.00120830545
-0.00713816866
-0.0173355369
-0.017993675
0.0548084159
0.0389504722
0.0208340225
-0.0443246302
-0.0195558876
-0.00947667947
0.00834356673
0.0115034566
-0.0332884751
-0.0431406904
0.0157788344
0.0286991924
0.000359697078
0.0128002008
0.0354842696
0.0410817546
-0.0467648712
0.0120107211
0.0251781145
-0.01272359
-0.0231561753
-0.0259347547
-0.0225555955
-0.0607844397
0.00445813443
-0.054008454
0.0274804355
0.0503513291
-0.0236154019
0.0604950632
-0.0511856011
-0.0549175082
-0.0593951561
-0.0633220698
0.0153619016
0.0520875197
0.0307412798
0.0169183097
-0.011539127
-0.0344627975
-0.0571806523
-0.0456692488
-0.00971568676
0.0170324014
0.0375611235
0.0362541569
0.0578360352
0.0533534943
0.036574928
0.0155782258
0.00349009995
0.0191213941
-0.0222382789
-0.0143727458
0.0320552721
0.00667969549
0.0540452765
0.007358179
-0.0537360495
0.0196750684
0.0600084977
-0.0473086906
-0.016773121
-0.00273014897
-0.0138281655
-0.0200123343
-0.0502610511
0.0103840531
-0.0186669375
-0.0131334177
0.0266027501
-0.0464339982
-0.00678532072
-0.0630678267
0.0424374053
0.0541104521
-0.0279593569
0.0129636551
0.0278058282
0.0213957131
-0.00816955437
-0.0489900685
-0.0593340282
-0.0162837432
0.0226607287
0.0240224153
0.0625628891
-0.00625683775
0.0550804979
-0.0140647708
-0.0487576486
-0.0324536539
-0.0296077659
0.0143842998
-0.0382393726
-0.0501212324
0.051500197
-0.0629847188
-0.050944824
-0.0179866529
-0.015274061
-0.0127369344
-0.0242409613
-0.0236918066
-0.0395239122
0.0163686807
-0.0275050371
0.0134061961
0.0423519916
-0.0529402285
-0.00176317889
0.040657645
0.0191661424
0.0440999413
0.0293409656
-0.0614454336
0.0299936398
0.0121988624
0.00949379679
-0.0412137522
0.0197285497
-0.0430196856
0.0593450207
-0.0216105451
0.0395294575
0.0209219624
0.049888423
0.00894495704
-0.0409249054
0.0575357373
-0.0184914517
0.0596129639
0.023214473
0.0481782195
-0.0440491357
0.0135460042
0.00336452096
-0.00871410183
0.021340519
0.053813559
0.0109350361
-0.00374990255
-0.0322610906
0.0264342713
-0.0618540209
0.0131512021
-0.0636514396
0.0159804259
-0.0199434878
-0.0123114226
0.0589925441
-0.0132861898
-0.0593838582
0.0552714663
-0.00580106966
-0.0493817081
-0.0227630034
-0.0226819347
-0.011756044
-0.0271939113
-0.0332254906
0.0401108605
-0.0593353868
-0.0331427909
-0.017049815
0.043688918
-0.0186275126
-0.0600613158
0.0242096583
0.0525072082
-0.0637453581
-0.0068418025
0.0164810357
-0.00393942559
-0.0380596773
-0.0101356203
0.0609144092
-0.0520444445
0.0641026188
-0.0106379072
-0.00653285236
-0.0302430396
0.00590702812
-0.026336329
-0.0261788296
0.0158036313
-0.0539422059
-0.0273147086
0.0310069159
0.0111141501
0.0356451048
0.0199369514
-0.053558715
-0.058068581
0.0240130524
-0.0568076828
-0.00699125438
-0.0115249012
0.058187373
0.0158087567
0.0401987088
0.0482207087
-0.0614501813
-0.0573376099
-0.0111168503
0.0633519233
-0.0561274505
-0.0207168526
-0.0303629468
0.0426141835
0.0272597402
0.0210505271
0.0526758613
0.0221264173
-0.0585677391
-0.031605708
0.0143528194
0.0364649458
0.0611466035
-0.0291339391
-0.00370275312
0.017711277
-0.011603517
-0.011710132
0.0376929052
-0.00391172318
-0.0508448794
-0.0147385953
-0.0436216787
-0.0357246123
-0.0562542634
-0.0345715021
-0.0128373282
-0.0161176504
-0.0224375219
0.0156652181
0.0486830407
-0.0445771019
0.0283375158
0.046356448
-0.0602053814
0.00984054694
0.0106042718
-0.0605809237
0.0637218226
-0.0146080921
0.0373356434
0.0188454624
0.0533009504
-0.0360122882
0.0264615576
-0.0193765509
0.0498719305
0.0483915127
0.0465719648
-0.040954701
0.0382877117
0.0307483693
0.0560174471
-0.0251299987
-0.0277840596
-0.0636842981
0.0405323823
0.0386342577
0.0243620505
-0.0445558263
0.0281762747
-0.0323896638
-0.0232699042
-0.0268073254
0.0123348827
-0.0635810845
-0.0132006414
-0.0381682978
0.0245536461
0.0396497499
0.0429481585
-0.0011043404
0.00700745438
0.0449499261
-0.0590230397
-0.0336846921
0.012095347
0.0328352465
0.0563217509
0.0318075959
0.0095824521
0.0178083923
0.0487941987
0.0542362083
0.00630208348
-0.0198113115
-0.039043774
0.0566904616
-0.0243647041
0.00362225532
-0.0146184534
0.0523486225
0.0215362477
-0.0269128331
0.0395552441
0.0223465223
-0.020937304
-0.0252955529
-0.0473577468
-0.0273996489
0.0242627423
0.0105657049
-0.00589941248
0.0232298536
0.0313698403
0.0439015176
0.0622243023
0.0341759335
-0.00912891564
0.0134532769
0.0189149153
0.0625955818
0.0329116803
-0.000124088432
-0.0546863585
0.0237728761
-0.0382855793
-0.0387013059
0.00400291709
0.0551266424
-0.0141664606
0.0179909456
-0.0595101629
-0.050617472
-0.0493509605
0.046093852
0.0165621584
0.000745160975
0.0143807498
0.0251314824
0.0349173848
-0.0108277107
0.0383265471
0.0594130171
0.0297840164
-0.0605326472
0.0373471683
-0.0309928025
-0.0226460212
0.00772191919
-0.0597851425
0.0279599291
-0.0222152371
-0.0355811465
-0.0362475207
-0.0145934768
0.0599982049
0.019755783
0.042071408
0.0441549945
0.0542579782
-0.0159740487
0.0209902817
-0.0608887503
0.0267006097
-0.0287978302
-0.0314887535
-0.0501460486
0.0508405236
0.0121589385
-0.0366892521
0.064346982
0.0369636766
-0.00587121044
-0.0139161726
0.0183959108
0.0165083388
0.0439220643
-0.0450936152
0.0356495507
0.021876394
-0.0035286987
-0.051181476
0.0303275531
-0.0360561218
-0.0457050031
-0.00335853857
-0.0371211466
-0.0113280483
0.0186851905
-0.0501959118
-0.0381381121
0.0536222042
-0.0141976222
0.0595769177
0.059445271
-0.00805913621
0.0423676568
0.036929818
0.0581369477
-0.00662984251
-0.0074375476
0.0363636519
0.0376403714
0.0340885934
-0.00342817464
-0.0200143554
0.0341076936
0.00402222263
0.0122911782
-0.0402334632
0.0141076217
0.000989456473
-0.0450845919
0.00921704933
0.0326561484
0.0472125884
0.0275625403
-0.0154123836
0.00132509343
-0.036834522
0.0092441477
-0.00897009566
-0.00266641984
0.0400062358
0.0223795692
0.00876436915
0.0311574731
0.0446012833
-0.0617592399
-0.0167457553
0.00248932467
0.0462884433
-0.054239079
-0.050797967
-0.0410603285
0.00382338193
0.0374327559
-0.00310044586
0.0268809553
-0.0394138648
0.0544041182
-0.0482793
-0.0454856765
0.0188687541
0.0238858535
-0.0549013298
-0.055037947
-0.0435505809
0.0345696961
0.054631014
-0.0516319169
-0.0426335797
0.0575753295
0.037361408
0.0446952007
-0.0428750638
-0.00153460556
0.0417572977
-0.0463638616
0.0544159878
0.00587461275
0.0229556275
-0.0140043138
-0.031392804
-0.0398567435
0.0104555629
0.0629914415
-0.0489904054
0.0300379642
-0.0176353146
0.0354219294
0.0338488234
-0.00279879158
-0.0360131728
0.0238119513
0.0217631565
-0.0632725606
-0.0153783641
-0.053589783
-0.0461180142
-0.0284872194
0.041374165
-0.0262335084
0.0382584979
0.00929566631
-0.0284102302
-0.00589989788
0.0263468075
0.0536738317
-0.0237333052
0.0185085384
0.0442176349
-0.0010518647
-0.0560382262
-0.040687643
0.0173326834
-0.0421869428
-0.047381634
-0.0451209473
-0.051283579
-0.0219382375
-0.0120519854
-0.0192664164
-0.0445161492
-0.043013819
-0.0526816699
-0.0323035871
0.00841210744
-0.00830108374
-0.0184032252
0.0353522792
0.055909126
-0.0427704849
-0.0390318487
0.047159538
0.00228000044
0.0143307361
0.0397901435
0.0257639799
0.0442123795
-0.0222278063
-0.0433845645
0.0282302571
-0.0324242566
0.0158101686
-0.0493619675
-0.00613890373
-0.0466286578
-0.0480862241
0.0142016363
0.00392944292
0.0211794188
0.0372426282
-0.0329721766
-0.0159717635
0.00290558035
0.00666157844
0.0220216324
-0.00959695022
0.0640248927
0.0426562779
-0.0464127305
-0.00857079133
0.0287562277
-0.0242418662
0.0481779405
0.00703187608
0.0186384697
-0.0552959011
0.0458993705
0.000793164748
-0.0514325613
-0.0591633011
-0.0534783984
-0.0550808525
0.0180088001
-0.0188466054
-0.0461331018
-0.0206957658
0.0120171469
-0.0591714682
-0.00679641831
0.0225423432
0.0195070099
-0.0499639264
-0.0162431237
0.00344209735
0.0203923391
-0.0270495724
0.034048526
0.0339082122
-0.010261036
-0.0486893055
0.0488374115
0.00189769442
0.0507689342
0.00300118067
0.0570089877
-0.0123026002
-0.00777606217
-0.019017577
0.0441717705
0.0343639206
-0.0313497305
0.0375617095
0.0160497718
-0.0463656928
0.06071086
-0.0257354716
0.0231594611
0.0144822787
-0.00601892956
0.0124653966
-0.0558704305
-0.0415434416
0.0216665672
-0.0412110179
0.00824936094
-0.0422723155
-0.0247328743
-0.0148343587
-0.0339748505
0.0558206468
-0.043841635
0.0498350777
-0.0233319358
-0.0520087922
0.0164839116
0.00860018841
0.0289422338
0.0150956812
0.00441273428
0.020249474
-0.0515465144
0.0227135285
-0.0242189192
-0.00264900114
-0.00152285417
-0.0247662617
-0.0406591818
-0.025347942
-0.0489439409
0.062219886
-0.0441098533
0.0513498215
-0.00432399135
0.0293617422
0.0188282054
-0.0159712422
-0.0406996709
0.0445291903
0.059853357
-0.0466611308
-0.0455895393
-0.0107733083
-0.00516929093
-0.0224139611
0.0238484833
0.0482097909
-0.0526266208
-0.00155188247
-0.00667421263
-0.0164732441
-0.00654754879
-0.0361414806
-0.0402503464
-0.0623411337
-0.011907431
0.031739614
0.0250303393
0.0395583133
0.0244992651
0.0198478614
-0.0459372599
0.0147500282
-0.0589296723
0.00613847232
0.0197859155
-0.0555915044
-0.0478905525
0.050276533
0.0275201941
-0.00457359038
-0.0235867499
-0.0594292511
-0.0607441313
-0.0312615891
0.0216306248
-0.0320149758
0.0332209848
0.0252225628
-0.0251814491
-0.0382952434
-0.0130776937
-0.0167183274
-0.0499105248
0.00624516242
0.0330556384
-0.0347690106
0.0161833064
0.00998637617
0.0523033342
0.0143589605
-0.0549195782
0.0188819269
-0.0532316973
0.0266368677
0.0258415766
0.0547573524
0.0423270103
0.0603186419
-0.0566149633
-0.0356343435
0.0393664921
0.0365846498
0.0140558311
-0.0128164259
0.0535885301
0.0625779307
0.030169389
-0.0127321602
-0.0339669103
0.00964810498
0.00182528005
0.0502698854
0.00218596267
0.0418466072
0.00910918317
0.0209638861
0.0575686939
0.0129499197
-0.0586429958
0.0620683473
-0.00959096876
0.00841161933
-0.0198230199
-0.00322461804
-0.0398863704
0.0182654448
0.0148571357
0.0286864406
-0.00709280225
-0.0469925489
-0.0177901418
-0.0594050451
-0.0556848623
0.0185243709
0.040988795
0.0533152149
-0.00592731689
-0.0300313125
0.0352236928
0.0418927776
-0.0430023308
-0.0503816436
-0.00526288331
0.00396607504
-0.0425358799
-0.0281483418
0.0388385503
0.0525731165
0.0263251188
-0.00858284065
0.0558281253
0.0379761384
0.0423802462
-0.000645349228
0.00743042827
-0.0497646127
0.0565966335
-0.020302964
0.0474488059
0.0262804334
0.0513716251
0.0540418473
-0.042196596
-0.0277156435
-0.0258491058
-0.0369373431
0.0027858563
0.0625789145
0.0011022666
0.0344015175
-0.0198638174
0.0517830738
0.0618151458
0.0298459156
0.0476894251
-0.0168909762
0.023761723
0.0334314775
0.0174427122
-0.0583812117
-0.0478672607
0.0605308732
-0.00787920878
0.0212261025
0.0337536443
-0.0411276725
-0.0360415651
-0.0421692149
0.0106855925
-0.0239590092
0.0310585735
-0.0315955807
-0.0605295646
0.0470113651
0.011301538
0.038845681
0.0138960856
0.0101414775
0.00184310581
-0.0509858162
0.0200817707
0.0551969219
-0.0281839206
0.0453956574
-0.00876176334
-0.0245668841
0.0367330575
0.0157320746
-0.0503166345
-0.0288304667
-0.0473907571
0.0189498857
-0.0392178149
-0.0536739988
0.0246872247
-0.0219990605
-0.0134022811
0.011449906
0.000836459433
0.0274338948
-0.0449203444
-0.00757749734
-0.0303691953
-0.0180472933
-0.034320216
-0.0604888293
0.0189767155
-0.0542283231
-0.0417316583
0.0443940585
0.0402460919
0.024603264
0.0401009304
-0.0215644464
-0.00267437729
-0.0553298749
-0.0336019055
0.0440802779
-0.0601978588
-0.0215008887
0.0496870372
-0.00391129043
0.0262011602
-0.0620936551
0.00103003855
0.0292128632
-0.0517376219
-0.0360300515
-0.0636890816
0.0115909633
0.049473579
-0.0458217175
0.0633990908
0.0600031195
-0.062869978
0.0366350139
0.0103156816
0.0074929551
-0.0115506547
-0.05073041
-0.0289678631
-0.00372798626
0.0320232159
-0.0153369535
-0.0356647718
-0.036912587
0.0414283656
0.00274444129
-0.0296482642
0.0597775509
-0.0105555847
-0.0201816333
-0.0548840181
-0.0113489397
-0.0298077003
0.027758172
0.0321977941
0.0488278763
0.0355998648
0.0216975449
0.0340079293
-0.0149624865
-0.0435785335
-0.0121541732
0.000510639152
-0.0093233761
-0.0612579317
-0.0266213624
-0.0287221389
0.0468328747
-0.0441578719
0.00791792898
-0.063826113
-0.060109688
0.0267807357
-0.0303662664
-0.0275457565
0.0416120346
0.0143125826
-0.0102263937
0.00757275536
0.0189525051
0.0368322121
-0.0175865066
0.0573353007
0.0495309638
-0.0319584175
0.056238534
-0.0131758721
-0.0457265665
-0.00346231149
0.0366109475
0.00438676229
-0.0322316818
-0.00240651322
-0.00704331421
0.0440993194
-0.0186004446
0.0561862097
-0.00730368505
0.00138894756
-0.040511483
0.0575714333
0.0499471139
-0.03777625
0.0618112904
0.0270545894
-0.00748577043
0.0636826835
0.00153992393
0.0384801438
0.0473399955
-0.0553386295
0.0196546795
-0.0210081614
0.0586737642
-0.0555069426
0.00597660446
-0.019217682
0.0100582174
-0.0301745883
-0.0549571931
0.0358104391
-0.0289750676
0.0233910803
-0.0547615974
0.00525040523
0.0600850177
0.0533564478
-0.0170748564
0.025697009
0.061866909
-0.0210276447
-0.0292843213
0.0428799698
0.0462819083
-0.0510809821
-0.0235504347
-0.0209276435
0.0227338109
0.00039037942
0.0155180324
-0.0576623912
-0.0324843189
-0.051432981
-0.0243827716
-0.0494440416
0.0232368541
-0.0279199201
-0.0458581095
0.0638723511
-0.0490559299
-0.0623928258
-0.0275873619
0.0227830569
-0.0241927961
-0.0220790182
-0.0182591393
-0.0434717184
0.0389357322
0.0301122606
0.056414243
0.0254736322
-0.0221772375
-0.0112045407
0.0328868066
-0.0415805955
-0.0549012488
0.0393913444
-0.053113741
0.05954718
0.0132757151
-0.0466195163
0.00769782255
-0.0573282605
0.0594420438
-0.0425698369
-0.0299254694
-0.0408102014
0.0175719836
0.0628524164
-0.0507993019
0.0614401053
-0.0266649239
-0.0622136947
-0.00251941285
-0.000275123445
-0.024666761
0.00998187552
0.0231777113
0.0109324328
-0.028111908
-0.0130809113
0.0392659128
0.00447488039
0.031074747
0.0562216412
0.0376824415
-0.029377097
-0.00141848014
-0.0573227136
0.0120241189
-0.000840421775
-0.00414405633
-0.00877942039
0.0410970573
-0.0146293468
-0.0127802359
0.0353203592
0.0130484353
-0.0378620097
-0.00233774922
0.048162119
0.0434983801
-0.0600299363
0.0260547938
-0.0567479958
-0.00018157338
0.0577856765
0.0141105016
-0.0325489702
0.0440959223
0.0366313997
-0.0233388689
-0.0347167216
0.00226570458
0.0241048
0.0279985397
0.0398957606
0.0539013247
0.00832605479
-0.0206804203
0.0610950373
-0.0451287853
0.0455173834
-0.0631405496
0.0587823656
0.0563804895
-0.00242913158
0.0563551738
0.0140177162
-0.0420906064
0.0537976982
-0.0582487913
-0.0358602611
-0.0614156295
-0.0393454935
-0.0352602739
0.0467136492
0.045025966
-0.0195640583
0.0535278087
0.0412787542
0.0106108416
-0.037469423
-0.011555369
-0.0182492427
-0.0451486997
0.0387911198
0.0299880292
0.0109135731
0.0245359074
-0.0112983275
-0.0401398829
0.0365850833
0.0511658423
-0.0371535053
-0.0172850232
0.0127854408
-0.00910217032
0.0493132786
-0.0643354875
-0.00600608803
-0.0629352205
0.0628393132
0.0111362687
0.0301151856
-0.0250067083
0.0593327882
0.0563589606
-0.0488019914
-0.00380671729
-0.0332063588
0.0028001556
0.0332118354
-0.0539543924
-0.0270116806
0.0275225165
-0.0550488418
-0.0130789451
0.0129532876
-0.056162271
-0.0309741079
0.00418367361
-0.00528815657
0.0484415813
0.022869795
-0.0352064776
0.0153965224
-0.047250895
-0.0466106299
0.055655933
0.0211119185
-0.00234267504
0.0191029126
0.00700202286
0.0388137165
-0.0357312276
0.0408122037
0.00254618296
0.0199201117
0.0286097808
0.0476800557
0.0301728652
-0.0387126395
0.0635897582
-0.0480304888
-0.0600305761
-0.0215678136
-0.0010859006
0.00717986358
-0.00629473575
0.0501593847
-0.0637011712
0.00473738669
-0.0546891728
-0.0197197321
0.0412448576
-0.0493369473
0.0216015766
-0.0614223493
-0.00533585808
0.00744564745
0.0507797472
-0.0492471804
0.0576732957
0.0597891918
0.0274678524
-0.0291541633
0.00140766383
0.0347496526
-0.0331171309
0.00998805092
-0.000832356808
0.00525621113
0.0107833544
-0.0433807154
0.0193804548
-0.0129721033
-0.0642806377
0.00175931601
0.0475624683
-0.0426817511
-0.0420213162
0.0487171448
-0.0191428923
-0.0143567083
-0.0081157923
0.0532700619
-0.0529665971
0.0181347607
0.00353026344
-0.000597452148
-0.0392756246
-0.0168071544
0.0544665236
-0.00334850456
0.0069168803
-0.0434473083
0.0259414587
0.00330361234
-0.00807729383
-0.0367291422
0.054962316
0.0193801013
-0.0293276928
-0.052956439
-0.00581596058
-0.0222766659
-0.0400775359
0.0570645413
-0.00511078554
0.059560026
-0.0310789648
-0.0574966434
-0.0500937542
0.046120646
-0.00875123316
0.0514311592
-0.0434750241
-0.0252129376
-0.0203295984
0.00507636455
0.0179665348
-0.00607664666
0.0606750072
-0.0630087131
-0.0144348492
0.0216470685
-0.0246279293
0.0367861356
0.0227031017
0.058474696
-0.0388145149
0.0551055916
0.0570962395
0.0287743569
0.00668673157
0.0144137499
-0.0592761672
-0.0419511926
-0.031346043
0.00364261635
-0.0341203524
0.0491476519
0.0140339258
0.0407220424
-0.0502739131
-0.0475605889
0.00621395992
-0.00949019937
-0.0148996307
0.0245183979
0.0557194743
0.0280716683
0.057551956
0.0239817187
0.0510226782
0.0260862369
0.0290564164
0.0213424982
-0.0157388241
7.60204124e-05
-0.0244255636
-0.0435737966
-0.00274762554
0.0561432006
0.0597470077
-0.054053228
0.0588350043
0.0206549104
-0.0322064606
-0.0172824957
-0.0195863278
0.0562312943
0.057147061
-0.0366733796
0.0329538643
0.0255748821
-0.0599589334
0.0167163106
-0.0434119145
0.0381350285
0.0621000066
0.0113249451
-0.0505139594
-0.0583841949
-0.0365985013
0.00052892357
0.058408225
0.00436678474
0.00545324392
0.039798858
-0.0396067971
-0.0240004606
0.0576633823
0.0607294433
0.0473027536
-0.0230670719
0.0539011906
0.0334970946
-0.0497209013
0.0530892229
0.0126550499
-0.0251605727
-0.0371561648
-0.0378226601
-0.0018613734
0.0380103976
-0.00884231513
-0.0314703492
-0.0620465779
-0.0329305415
-0.0618605388
-0.0217114093
-0.00497251842
-0.0372917617
0.00509454476
-0.0532922091
-0.0262775638
0.0174774974
0.0288265233
0.0591383382
0.0076263972
0.0461917417
-0.0311159965
0.0443626434
0.0368217167
0.0357928064
0.0436921485
-0.0503259913
0.0350274498
0.011538297
0.00835105436
0.00748099342
-0.0560929856
-0.00365988031
-0.0516234776
-0.0624513726
-0.0459603001
-0.0222421631
0.0412269209
-0.0573193262
-0.037895378
-0.0230468452
0.0477205812
0.0591941083
0.0627185114
-0.0091015684
0.0521557563
0.0409760885
-0.0041773279
-0.0549850849
-0.0428943914
0.0166595766
0.0337325127
0.0391605121
-0.0318687157
0.0321338462
0.0544188558
-0.0289372726
0.035347911
0.00463064969
-0.0178559712
-0.0130091919
-0.0568122843
0.0620554983
-0.0130720517
-0.0640725662
-0.0626653115
0.0122095393
-0.0252568192
-0.0196894683
0.0192293106
-0.042134722
0.00644725522
-0.0385127785
-0.00733672784
-0.0558269637
-0.0222415163
-0.00434529614
-0.0216589173
-0.037196858
-0.0350222754
-0.0501504709
-0.0151384293
0.0373575764
-0.0104149667
-0.0105602701
0.00533987269
-0.00474872027
-0.0235138557
0.0248318265
0.0217713278
-0.0573718374
0.044510769
-0.0131808467
0.0174694749
-0.0381122035
0.0312515254
-0.00174911507
-0.0415398965
0.0450880277
-0.0474232084
0.0281403689
0.0257932061
0.00965537836
-0.0192908069
0.0305786419
0.0382238933
-0.020179712
-0.0584883707
0.0524743132
0.0374246031
0.0303190192
0.0336593862
-0.0408410856
-0.0379703322
-0.0510827265
0.0303238218
-0.0498327824
0.0433699626
-0.00235528657
-0.0102985682
0.049637386
-0.0471695783
-0.0128921791
-0.00885567915
-0.0207585051
-0.0616675555
0.000942627046
-0.0251597276
-0.00462362007
-0.0200981202
0.0351170909
-0.0233838218
0.0243390793
0.0358600755
-0.0355618937
0.0402649318
-0.00398634525
-0.050884385
-0.0146974995
0.0088376088
-0.0501934407
0.00288229
-0.000308173165
0.0382151795
-0.00862915209
-0.0277066205
0.02466503
0.0585061953
-0.0243073053
0.00933430203
0.00355202274
0.000937568437
0.00916434233
0.0516822068
-0.0183201975
-0.0614507673
-0.030033756
0.0352475043
0.0343483072
0.0275414723
0.0525151567
-0.0039493631
-0.0465344564
0.0633324093
-0.0295786074
-0.0612685841
-0.0462076535
-0.0528815557
-0.00043035502
0.00960072579
-0.0207673359
0.0355481951
0.0602295745
-0.0313408542
0.0348772133
0.0338877866
0.0522555427
-0.0102381743
0.0588628111
-0.0619031048
-0.0577099368
-0.0374063877
0.0511064851
-0.0484518989
0.0220199909
-0.0360112754
-0.0432152071
-0.0548032233
-0.0573497217
-0.0120798042
0.0456845559
0.0449651184
0.0637332256
0.0047373262
-0.050408817
0.0323210495
0.0329667727
0.02796633
0.0289905672
0.00399405439
0.0448053827
-0.022874463
-0.00839503898
-0.0340171332
-0.0121245519
0.00770631394
-0.0468105293
-0.0135509
-0.032875134
0.0376218162
0.0222841873
-0.00325034762
0.0390995859
0.0374089009
0.0503731045
0.0435950045
-0.0342963354
0.062942925
0.0329620441
-0.0573991055
-0.00670988808
0.0309285664
-0.0360910273
0.0238893942
0.0328878113
0.00620814343
-0.0527912572
-0.0582000059
-0.0501765735
-0.0233461912
0.0266494756
0.00665402907
0.0116129978
0.00333031553
0.00370833695
0.0385107231
0.0164917459
-0.0151859145
-0.0348823415
0.0587677908
-0.0448079954
-0.0596251219
0.0108459344
-0.0480247862
-0.0226962885
-0.00420628301
0.0133449635
0.0466002897
0.00949052957
-0.0491082943
-0.0412810472
-0.0015320883
-0.0442705737
-0.0201580494
-0.0500737255
-0.0199916652
0.00905120963
0.02883621
-0.0159611622
0.0557237567
0.0310837938
0.0141095367
-0.0125597672
0.0173592106
0.00927230185
-0.0264592168
0.018348308
0.035965159
-0.0285459225
-0.00305388524
0.0584225024
-0.0448994572
-0.0620422992
-0.00971847289
0.0588806986
-0.0575768923
-0.0637611673
-0.0438451305
-0.000489742248
-0.0493370725
0.0147490281
-0.0552489436
0.0120186038
0.0531176318
0.0147013803
-0.0265395595
-0.0521173217
0.0273737805
-0.0478882652
-0.025639964
-0.0493159845
0.0331352254
-0.00360583931
-0.0198320555
0.0132042978
-0.0548303219
-0.0209568963
0.0573414492
0.00118152752
-0.028796843
0.00944173143
0.015550524
-0.0335766327
0.0470451648
-0.0273488702
0.0449736851
-0.00563534016
0.00687334331
-0.0176253431
0.0264799585
0.0431854148
0.0588531164
0.0126767362
-0.0509573274
0.00579737961
-0.0496911031
0.0296242117
-0.0256828049
-0.0169623796
0.0610930948
0.0257531043
0.0358957647
-0.0158651099
0.018969368
-0.00763275064
-0.0321056931
0.0172970578
0.0283200044
-0.0125138108
-0.0348315474
-0.0124601157
-0.0514531967
0.0138318028
-0.0013115678
-0.028768107
-0.00340282678
0.00752887575
-0.0368384122
-0.00665286904
-0.012839959
0.0339281499
-0.00100570527
0.0520515209
-0.0298206477
-0.032347571
0.0243739952
0.0360562783
-0.0294827124
0.0434070504
-0.0641730473
0.0530471971
0.0302081752
-0.0537793999
-0.0110502466
0.0570203382
-0.0132264496
-0.00396233577
0.0258208069
0.0496341979
0.0270635357
-0.0403519794
0.0511242527
0.0344697082
-0.0303941109
-0.0487220866
0.0312846884
0.056179042
-0.0493967917
0.0425863942
-0.0491713062
0.00865127721
-0.0183732339
-0.00904632499
0.0352134771
-0.0348142869
-0.00564466806
0.0491052151
0.0132611383
-0.0240459576
0.0453892345
0.0200698813
-0.0014641675
0.0409631428
0.000444941336
0.00219657323
0.036745008
-0.0104042082
0.0373419179
-0.060697934
-0.0521067541
0.0172041999
-0.0595575027
-0.0258981111
0.0166666984
-0.0314644605
0.0440762452
0.0177423078
0.0441746356
-0.0542403809
-0.0493972425
0.00376298224
0.0218005638
0.0587025693
-0.0469183231
0.0331862328
-0.0287865819
0.026213061
-0.0236207666
0.0328270994
-0.00713385313
-3.5865431e-05
-0.00771564212
-0.00780789203
0.0610484598
-0.0363654598
-0.0503372595
0.0129584701
-0.0286373611
0.0502424474
-0.0398173254
-0.0338603458
-0.053752316
0.0441162586
0.00304574532
0.019628393
-0.0248971143
0.00144370576
-0.0105888296
-0.0534090113
-0.0444354044
-0.0521478377
0.0384207055
-0.0185051976
-0.0319223434
0.0368761769
0.0563176247
0.0612381714
-0.0280510817
-0.0433140075
-0.0316907297
-0.00251168136
-0.0457524325
0.0225222338
-0.0599569839
-0.0152162493
0.0226711235
-0.0353571893
-0.0454841433
0.0620153024
-0.00410779799
-0.0138039937
-0.0452082206
0.0252454403
-0.023296249
0.00612978253
-0.00938585547
0.0177142387
-0.00283892901
-0.0437647598
0.045351169
-0.032553211
0.00810873318
-0.0506295247
-0.0375234054
-0.0518870046
-0.0417196082
-0.0604989448
-0.037394886
0.0217861111
0.0139678397
0.0212877725
-0.0396989892
-0.0357726187
0.0598053772
0.0137965135
0.0045058944
-0.0027755768
-0.0254378617
0.0187730641
0.0476549056
-0.0534271307
-0.0361210595
0.0193460278
-0.0640850373
-0.0406312278
-0.0380394185
-0.048021643
0.0299545144
-0.0220278404
0.0336411706
0.0475937322
0.00685148596
0.0540080959
-0.007248477
0.0230513802
-0.0214222184
-0.0412456279
0.0168698761
-0.0510765388
0.0331721887
-0.0503325629
0.0427351463
0.015525993
-0.0637512037
-0.0482034446
0.0308310476
-0.0267010193
-0.0418475659
0.0363470455
0.0328461166
-0.0445634163
-0.0335273014
-0.0306783634
-0.0275534015
0.0280357634
0.0209612806
-0.0420649096
-0.000824718879
0.0639811706
-0.0454794587
0.023361083
-0.0463681867
-0.0470208766
0.0300212206
0.0557180902
0.0615500276
0.0128731148
0.014556419
-0.0010796417
0.00274906411
0.0530464446
-0.0271327942
-0.04174268
-0.0296361986
0.0398048588
-0.0461820729
0.0110413557
0.0448327444
-0.0267287663
-0.0592190749
0.011682002
0.0595082131
-0.0522439554
0.0110112133
-0.0260884027
-0.00339190674
-0.0214200773
0.0630751543
-0.0107610224
-0.0530457529
-0.023998837
0.0485767852
0.00523158643
-0.0246730761
0.0605437471
0.00633304207
0.0532120391
-0.0106035106
-0.0096042962
0.0148726407
0.00343075298
0.0240454654
0.021705602
-0.00369177789
-0.00375700488
-0.0263478579
0.0312469901
-0.0270461263
-0.0262295838
-0.0204232801
-0.0369657381
-0.0147389614
0.0296419482
-0.0601641733
-0.0400209927
0.0387072486
0.0357245526
-0.0484110278
0.0217486672
0.0612931606
0.00854743354
-0.0157018264
-0.0337250954
-0.0303042333
0.048461938
-0.00195972335
0.0449132078
0.0502978055
0.00805230637
0.0635308274
-0.0197282382
-0.0199838014
-0.0578242668
-0.0122105914
0.0588108731
-0.0066432506
-0.0105631499
0.0158298143
0.0151328934
0.0520554373
-0.0445083493
0.0590757744
-0.0316876541
0.000327414392
-0.0177209421
0.0156264833
-0.0576910041
0.0366111834
-0.0479160351
0.0120836197
0.0307790593
-0.0327237351
0.0563529211
0.0368901624
0.00083581752
-0.0298064335
0.05840581
0.0385368756
0.0214221599
-0.0471753701
0.0337007693
-0.0351102851
0.0204628602
-0.0287077309
0.0487644799
-0.0587178378
-0.0558737711
-0.0485741167
0.0594916314
0.046308918
-0.0263410678
0.0111606577
0.0104223518
-0.0210920174
-0.00137540444
0.0317449139
-0.0427355599
-0.0275856477
0.0209841329
0.0129408331
-0.0272323394
0.00442705254
-0.0612408722
0.0463842451
-0.0445538011
-0.0258634872
0.0481138409
0.0191473574
0.0473926937
-0.0371137636
-0.0166017675
-0.0470630365
-0.0398319606
0.0130220488
-0.0226448474
0.0573493577
-0.0542993663
0.00537273235
-0.0441988126
0.010833631
-0.00995820609
0.0385044388
-0.0261244454
-0.00452794182
-0.0516561904
-0.0285548681
0.0264840058
0.0225313982
-0.0430554796
0.0131424402
-0.0232126399
0.0200970925
-0.0184710186
0.0122960257
0.0641992414
-0.00956098348
-0.0389055998
-0.0371031072
0.0165960783
0.0346867862
-0.024205202
-0.00321154831
-0.0445888612
0.0514759448
0.0238147094
-0.0137175718
0.0282861898
0.0561565208
0.0477436718
0.0128267099
0.0286646155
0.0391648401
-0.0608879035
0.0472206686
0.0353027884
0.00561451435
0.00513702275
0.0131082143
-0.0533885912
0.0563408479
-0.0597555551
-0.0548798363
-0.0516943186
0.00373454308
0.0262190415
-0.0395380896
0.0324442259
-0.0199417613
-0.0482257139
0.0106476341
0.0186304807
-0.00127755667
0.0539120877
-0.0329283703
0.0504084306
0.0209898479
0.0186384183
0.000453640766
0.0264053482
-0.0456546182
-0.00938370498
0.0251451404
-0.0475161124
-0.050129464
-0.0284117109
-0.0373300424
0.0477191908
-0.0124220852
0.0168010717
-0.0233966789
-0.0307946302
0.00464889637
-0.0302062451
0.0571469962
-0.0329734601
0.0214158462
0.0426726857
0.0548755609
0.0553417769
0.0256868393
0.0266667743
0.0629964592
-0.0302408208
0.0602437748
0.0249404064
-0.0175376501
0.0496898089
-0.0371385981
0.0578793035
0.0132616347
0.0231590215
-0.0412737501
-0.0192800102
-0.0387502827
-0.0449070202
0.0192195314
-0.0432208324
-0.0601048037
-0.0364108458
-0.048095012
0.0318533139
-0.00888003056
-0.0407387283
0.00656607674
0.00395812189
0.029939693
0.0414840577
0.0585086672
-0.0103444801
0.0556927211
-0.0150459796
-0.0215402299
0.0260704445
-0.00291952939
-0.00843750798
0.0610667537
-0.0169204404
-0.0571888884
0.0610603293
-0.0126541377
-0.039654428
-0.0329907922
-0.0399915085
-0.0301138523
-0.0153899887
0.03060309
0.0333659737
0.0596736803
-0.0315224006
0.0534045933
0.0595718663
-0.00804964988
0.0379976326
0.0109736954
0.0412920595
-0.0263261151
0.0571170783
0.02808751
0.058570935
0.0301165287
0.0172558529
0.0371058516
-0.00708903329
-0.0205271401
0.0104161435
-0.0560496462
-0.0513226907
-0.0181340745
-0.0191659428
-0.00898911547
-0.0136449199
-0.0139991114
-0.00524239601
-0.0121027172
0.0493376063
0.00574134449
0.0111300968
0.0380268982
-0.0437442393
0.0317932729
-0.0543547615
-0.0188175452
0.0624443206
0.0489818909
-0.0591426187
-0.0396782251
-0.0121939921
0.00719889264
0.0211136779
-0.0219711423
0.0507726196
0.0378132906
0.0587151623
-0.0204446497
0.0152167625
0.0613404226
-0.0333007701
0.0547547454
0.00180492713
0.0638829868
-0.00812119692
-0.0269117966
-0.0266389442
-0.0194622151
0.00469598795
-0.00186817758
0.0223379402
0.0333726335
-0.0225139483
0.0242049864
-0.0469802811
-0.0148190645
-0.0450449259
0.0236277767
-0.00243531618
-0.0215763746
0.0452427956
0.00707583936
0.0121476729
0.0541627432
-0.0412694878
-0.0640837758
0.0290145745
0.00504349281
0.0116182766
-0.0323247935
-0.0432962126
-0.00101132086
-0.0342733113
-0.0268484827
0.00623654982
0.0575035621
-0.0383441499
-0.0592575749
-0.0208508221
0.0296342037
-0.0187455322
0.0540411944
-0.0482452804
0.0247687689
0.0461784659
0.0436891199
0.0629651197
0.0157493907
-0.0289785543
0.0121986267
-0.0428365294
0.0552338419
-0.00222019893
-0.0162293761
0.0467150054
-0.0603799318
0.0439296164
0.0517608565
-0.0167123912
0.038441856
0.0173478645
-0.0575761852
0.00885702143
0.0220785282
-0.0031793408
0.0161229777
-0.061366829
0.0469098796
0.0332127137
-0.0504091019
-0.0131964005
0.0636263765
0.0487889383
0.0518113285
0.0184050867
0.00386683223
0.0491757561
-0.0522755876
-0.0392487715
-0.0377164128
0.0578738054
0.0359195859
0.0281457684
-0.0585701443
0.0285681434
0.0475836177
0.0496142327
0.00468856276
-0.039772697
0.0266824311
-0.0383399961
0.0124451728
-0.00833764084
-0.0117799626
0.0179321756
0.0624391733
0.0623728046
-0.0130072033
-0.0474056584
0.0210741025
-0.0365498038
0.0340720857
0.0404724644
0.0285314023
0.0526817254
0.0421704386
0.0433180159
-0.0307164644
0.0265873265
-0.00723302308
0.00244104287
0.0295641177
-0.0191328682
-0.0237287962
-0.0424990701
0.0236901062
-0.0214206711
-0.018190821
0.0286298096
-0.0096363945
-0.0116377592
0.0146070215
0.0134750702
0.0540123451
0.00342506534
-0.0248222471
0.0508956536
-0.0505356588
0.0605127224
0.0308051659
0.00775830821
0.0393641783
0.0396351062
0.0460919915
0.0630498911
0.0585505861
0.00126101755
0.0522306944
0.00553433593
-0.0376122986
0.0195700188
-0.0467168375
0.031224472
-0.00552564597
-0.0388659476
-0.0453936365
-0.0287601069
0.0312130161
0.0240105284
-0.00423171341
-0.0130308869
0.0323008448
-0.019416333
-0.0325936783
0.0278996304
-0.0230065679
-0.0572386577
0.0325007557
0.0444108341
0.0431311873
0.0363998065
-0.0374337958
0.0555010976
-0.00392460861
0.00626937314
0.039825458
-0.0331877688
-0.0313807693
0.0414576715
-0.0135073523
-0.0162707296
-0.00060306516
-0.0171372546
-0.0385648428
-0.0457710808
0.0104372243
-0.016848228
0.0191974862
0.00884390591
-0.0119056319
0.0436507202
-0.0452547111
-0.0472963328
0.01734242
0.0365202418
0.0501499034
0.0485745691
-0.0222000676
-0.0504675411
-0.0331692548
0.0184145241
0.0189528767
-0.0565535745
0.0198550032
0.0261496534
-0.0513819195
-0.0554275212
-0.0295882515
0.0285632981
-0.00958168499
-0.0408899994
-0.0599186526
0.0612391445
-0.0475374783
-0.0395850877
-0.0490524673
-0.0618902106
-0.0196531529
0.018643473
-0.0320219732
-0.0447118567
-0.00257498597
-0.0456610152
-0.000709929561
0.0264432334
-0.0286911547
-0.0397119799
0.0361922315
0.0147551215
-0.0141851163
-0.0528836973
-0.0643020279
0.0285503202
0.00212450486
-0.0437246384
0.0392753744
-0.0161941234
-0.0139304113
-0.0318573483
-0.00752297791
0.0207824299
-0.0514481985
-0.0472703768
-0.0190431434
-0.0606312568
-0.0397811128
0.0338737798
-0.0328808897
0.0111837117
-0.0530101949
0.00515269923
-0.0205320063
0.038964781
0.0409010118
0.056402733
-0.00147618469
-0.036042665
0.00355535453
0.00801943501
0.0222543575
0.054231968
0.0315726341
-0.0455009361
0.00993475631
-0.0411094688
0.0151836467
0.0590761646
0.0158823332
0.0517776375
-0.00561485583
0.0334881697
-0.00800707788
-0.0150112752
0.0351462252
-0.0578588652
0.0523636033
-0.0418605585
-0.0443367414
0.0134632518
-0.00237888865
0.0535154703
-0.0219457924
0.0151009613
0.0532916167
-0.0355600626
-0.0541804594
-0.0131577413
-0.0200395938
-0.0351336352
-0.0324696322
0.012975704
-0.0501763001
0.00247121198
-0.0236384889
0.00501692804
0.0145299619
-0.0328263407
0.00139271314
0.0341360319
0.0395975266
0.0205733742
0.00981158746
-0.0584684361
0.049520936
-0.0611995513
-0.0566633221
-0.0162925841
0.0032480673
0.0271336714
-0.0292730754
-0.0490182663
0.0325060698
0.0373670033
0.00290894947
0.0174759701
0.00828833583
-0.0591395351
-0.054463574
0.0500921676
-0.00443968108
-0.0637341088
0.0351765859
-0.00932174418
-0.0624931459
-0.00471181139
-0.0119293506
0.0245063505
-0.0581370603
0.00654012195
0.0416065049
0.0238610679
-0.0234196426
0.0256199369
0.0380644338
-0.0335150805
-0.00781896864
0.0167478429
-0.0449074368
0.0173164625
0.0140739088
0.0488027917
0.00573426046
0.0308563185
0.0490920403
-0.059943354
-0.00615880604
-0.0226381259
0.0508921891
0.038060234
0.03487797
0.0606882592
0.0324781031
-0.00776273837
-0.00503728165
-0.000362732938
-0.0214424426
-0.00856804931
0.0348911738
-0.052954684
0.00420073192
-0.00800258351
-0.0192452614
-0.0109554466
-0.0123585116
-0.0453517199
0.0415383211
0.0364562059
-0.0519182334
-0.0201578008
0.00249980121
0.0629188544
0.0476061738
-0.0395501938
-0.0272375898
0.0371946195
0.0319545843
-0.0306228555
-0.0107010692
-0.0563147475
-0.0237694695
-0.0600822911
-0.0205411129
-0.00612797755
0.0316607631
-0.0125127714
-0.062870526
0.00818745213
-0.0493208706
0.0208345856
0.0586759459
0.041352074
0.0563141664
0.0613220903
0.0620090988
0.0474266447
0.011253466
-0.0138492095
0.0642667655
0.0565321695
0.0411457227
0.0286454587
-0.0574404575
-0.00795878781
-0.0469188985
0.0499413907
-0.0389507851
0.0131923293
-0.0125582448
0.0510562286
-0.0288913852
-0.049917483
-0.0150902092
0.0188037127
-0.0508774098
0.0581424199
-0.0343830353
-0.0526780399
0.0579871828
0.0167369089
0.0637248303
-0.0457082076
-0.0382557136
-0.0410503254
-0.00877215603
0.00541107389
0.0227506236
0.0258803755
-0.0135705113
0.0532993691
0.031179669
-0.0449982062
-0.038167269
-0.0402838113
0.021175611
-0.0100572843
-0.0614619959
0.0292688187
0.035120322
-0.0389327186
-0.0376141957
-0.0608501476
-0.0120864864
0.00287076294
0.0590783594
0.0453506297
-0.0500712982
0.00173479331
-0.00695203522
0.0412297514
0.0482976549
-0.0293389629
0.0460302805
-0.00780622923
0.0504813025
-0.0254473114
-0.0459023964
0.0556116708
0.0195753125
0.03802671
-0.0492516567
0.0607626637
0.0290488385
-0.000715300901
0.00900081579
-0.0332934921
0.0545563151
0.0208997765
-0.0235605269
0.0326955233
-0.0125759623
-0.0492680977
-0.0444356119
-0.0313550036
0.00417705886
0.0335328679
0.0592760304
0.0201553889
0.0623746679
0.0352988433
-0.0148225753
0.0568987411
0.0153916275
0.028009866
-0.0143903414
0.0305754357
-0.0622480045
0.0532537782
-0.0146959583
0.00167438326
0.0354111532
-0.055673877
0.056692067
-0.0489633191
0.0165934354
0.0337767834
-0.0316392095
-0.0142346855
-0.0316902556
0.0455120109
-0.00644567256
-0.0193612157
0.00322119512
0.0602893906
0.00366829157
0.0559229676
-0.0404367903
0.0334880169
-0.0576658697
0.00721604419
-0.0101990939
-0.0170319996
-0.0594082701
0.0387032384
-0.0430734016
0.0247282424
-0.0218914832
0.0396926713
0.00052565566
-0.0344161137
-0.0329678872
0.0567263597
0.00531198441
0.0320483599
0.0270977907
0.0226397546
0.0421410034
-0.034233187
0.0541890318
-0.0236715029
-0.0462950387
0.0534957328
-0.0253631314
-0.0133091555
0.0600187534
-0.0328320054
-0.05371772
0.0128957598
0.0165855597
0.00187213873
-0.00944484807
-0.0516348979
0.0301777355
-0.010608467
-0.00693099002
0.0452059214
-0.0330520417
0.0613931666
-0.0521249046
-0.0567480491
0.0422953572
-0.0394605435
0.0607923011
0.0358392431
0.00875905415
0.0603694532
0.024893403
-0.0432715372
0.031048278
-0.0285348425
0.0641558699
-0.0263595653
-0.0578952424
0.0356979671
-0.0383600293
-0.0253230079
-0.0250237771
-0.0125310759
-0.0375532998
-0.045774757
0.0470410953
-0.00382890891
-0.00413330622
-0.0501587695
-0.046378781
-0.0314886867
-0.0286165318
0.0601978506
0.0557429748
-0.0495957356
0.00763019487
-0.0629337361
0.00562658854
0.0552331956
0.0239339158
0.0152118804
-0.049858856
0.0159112358
0.0022107193
0.0114092277
-0.0144953127
0.0228021551
-0.0249140575
-0.0279651939
0.0249700445
-0.00559742582
-0.0400982758
-0.0200692257
0.0367526767
0.0288304961
-0.0341362642
0.00621344318
-0.0478083897
0.0627707288
0.0231965451
-0.000943137031
-0.0186102209
0.029153413
0.029669609
0.0389730729
-0.0161884018
0.0238822811
0.0550232624
-0.0191405049
0.0580076122
-0.0352321089
0.0103004377
0.0381885699
0.0466120004
0.0571294813
-0.00389061741
0.0359362147
0.010948131
-0.0263869946
0.0610771876
0.0414224562
-0.0485374283
-0.00274519256
-0.0563565367
-0.0188696341
-0.0215067787
-0.000713707927
-0.0200881982
-0.0315551445
-0.0015597533
0.024980065
-0.00631652253
0.0463285879
-0.0254291994
0.0272000699
0.0239253972
0.0147203966
-0.0575045986
0.04359893
-0.0431366125
-0.0507089423
-0.0150582986
-0.0509016686
-0.0230534246
-0.0516340396
-0.0218190204
-0.00652486888
0.0520611335
0.0423301491
0.00356137706
-0.0599529514
0.00225042447
-0.0217989884
-0.0632105019
0.0194745285
-0.0167495386
-0.0123754387
-0.0284378313
0.0626220821
0.0146628633
-0.0340727002
-0.0289875573
0.0105766162
-0.0382247886
0.0571904029
-0.0465362344
-0.0342603268
0.0421903622
0.0590190978
0.063678627
0.0038651299
0.0500574165
0.0459222593
-0.0191867369
0.00338081417
-0.0554187326
-0.0164032597
-0.0576144278
-0.0487642228
-0.0378566324
-0.0565628391
-0.00732881531
0.00928649729
0.0504279663
-0.0391558442
-0.000719905499
0.0409620172
0.0323982182
0.0284099291
-0.0464541717
0.00675770708
-0.0437450447
-0.0362366894
-0.0305046148
-0.0360376039
-0.00190902662
0.0556189782
-0.00991036248
0.0170946875
0.00903296578
0.00161250988
0.0640707956
-0.0641798352
0.0197906735
0.0507415784
-0.0261674032
0.012250808
-0.0479541314
0.058562764
-0.0122911602
-0.0519885307
0.0339520039
0.00593364081
0.0559366918
-0.0409129926
-0.0316229894
-0.0372551726
-0.0495506381
0.0432524566
0.0464402817
0.00282191504
-0.0175519162
0.0146597105
0.0616668881
-0.0366505067
0.00458925862
0.0243748444
0.0515650741
0.0287203038
0.0246347313
0.00325273455
-0.063826959
-0.0296676145
0.0312543543
0.00419135134
0.00900384613
-0.00450724045
0.0420650935
-0.042315421
0.0211698212
0.0332778288
-0.0262389248
0.0534223107
0.0270385342
0.00478493155
0.0461016026
0.0297736158
0.00315108284
-0.0238122784
0.0183590898
-0.0255582658
0.013446751
0.0637889353
-0.0425162392
-0.00586616812
-0.026187622
0.0604301829
-0.0395581377
0.0286125821
-0.00984434754
-0.00793433586
0.0612133113
0.00887057414
-0.0518100748
0.0365039066
0.0553844002
0.00631877687
0.0324654035
-0.0543495484
-0.00236620289
0.0453275644
-0.00685690423
-0.0478259446
-0.0499463293
0.00159952667
-0.0247830355
0.0560624559
0.063158193
-0.0540470812
-0.0614993736
0.0134774341
0.0637399938
0.0459568131
0.00760994635
-0.0204093684
0.0560403802
-0.03124924
0.000810125605
-0.0159482418
-0.0533634047
0.0257361849
0.00625417014
-0.0248755731
-0.0183233078
0.0175514417
-0.0227583723
-0.0328027961
-0.0128383588
-0.0412894742
0.0510749036
-0.0356956246
0.0305810854
-0.0513607475
0.0563001053
0.0361389166
0.0578176282
0.0558924694
-0.00864356274
0.0286731472
0.0292436504
0.0299295999
-0.0232229062
-0.0147726575
-0.0448615134
-0.030316046
-0.0427824381
-0.0403641205
0.0539363896
0.0381344984
-0.00515882056
-0.0470791701
0.0447136791
0.048997654
0.0342459022
-0.0262795869
-0.0179767581
0.0364600211
-0.0449950204
-0.0146058272
-0.0331542246
0.0468295888
0.0189982175
0.0559203234
0.0487823724
-0.0633129654
0.0543744694
0.056456239
0.0257214923
0.028553994
-0.0455014287
-0.016895371
0.0072550428
0.0152432451
0.0431905491
0.0546655412
-0.0448498146
0.016556288
0.00314594782
-0.0249984811
0.00179763081
-0.062345191
0.0197268332
-0.00368646307
0.053749249
0.0620931928
0.00148344839
0.00145535067
-0.0607934547
-0.0327190905
-0.0468674118
-0.0233254721
-0.0156793852
0.00176419004
-0.00928705682
-0.0282955442
-0.0488023483
-0.0173758778
-0.0298089721
0.04072364
0.0629397955
-0.0373793204
-0.00700325331
0.0346600005
-0.016133777
-0.0127209233
0.0403567381
0.0519021826
0.0272170616
0.0411851166
-0.00269845756
-6.03846366e-05
-0.0517327306
-0.0313069925
-0.0480241485
-0.0359680093
-0.0581003559
-0.0273706502
-0.0214358106
-0.034820175
-0.0511184028
0.0114642022
-0.00641833938
0.0234170485
0.0600949916
-0.0520653023
-0.0107286057
0.0347148247
-0.0475215753
-0.0303398853
0.00735922778
-0.0412425266
0.0104289923
-0.0532915068
-0.0528796228
-0.0169547968
0.0086323628
-0.0458156293
0.043401297
0.0528753548
0.0556362224
0.00703672154
-0.0460801255
0.00744696184
-0.0268761713
0.0178189848
-0.0489141789
0.0427941028
0.0581930577
-0.0247163952
0.0461282309
-0.0527248546
-0.0476331881
-0.0515105056
-0.0174669093
-0.00299601711
0.0531615417
-0.00486700345
0.0441396189
-0.0323154496
-0.0169396812
-0.0465832087
-0.014557654
0.017172295
-0.0268916887
-0.0630550697
-0.0428297158
-0.0485833019
0.0430431517
0.00298866335
0.0190272168
-0.0266835773
-0.0593669601
0.0641803326
0.0235025389
0.0462306857
0.00948583753
-0.0388392811
-0.0552545759
0.00936436974
-0.02330444
0.0353105744
-0.0330670296
0.00618136096
-0.0432623127
-0.0544641392
0.00901295263
0.0614691852
0.00695803141
-0.0136821902
0.00818403802
0.020812834
0.0582508235
0.0148433747
-0.00627620676
0.0621630452
-0.00533411323
-0.0630562979
-0.0167762563
0.0287983242
-0.0433042271
0.0317706227
-0.0515934694
-0.0316776002
0.00642587551
-0.0640936787
-0.0408439004
0.0313323059
0.0310562405
-0.0480549396
-0.0617581274
-0.0192801343
-0.0151259656
-0.0336448399
0.026894107
0.0563660007
-0.0140305948
0.0404482312
-0.0507622687
-0.00417579422
-0.0529909224
0.0336510507
-0.0596705195
-0.00653673656
0.0390715953
-0.00524995256
-0.0188641801
-0.0137598208
-0.033907202
-0.0609692783
0.0125841146
0.0537463945
-0.0620244842
0.0290373768
0.0540363634
-0.0258797712
-0.0177055854
-0.0621182439
-0.0294076866
-0.0113392533
-0.0484954904
-0.049972775
0.0576747957
0.000987861943
-0.00706352914
0.0518169969
0.0100935112
7.88141957e-05
0.0166140981
-0.0371237882
0.00209396908
0.0442463423
-0.0432766896
0.0384401778
0.027041048
-0.00596746982
-0.00714202113
-0.0171575248
0.00593770924
0.0321042144
0.0195516629
-0.0130732779
0.0442522031
0.0158203402
-0.0545375918
0.0377562014
0.000359554599
0.0206569645
-0.0568201878
0.027769534
-0.0020920863
-0.0353720774
-0.0578286457
-0.0265340297
-0.047126681
0.0276783348
0.0580365504
-0.0198205536
0.0202048649
0.021517232
0.0237984786
0.0608620086
-0.0301110522
0.02389551
-0.0549791342
-0.0458924399
0.0385086013
-0.0527253509
0.0431271202
0.0163345514
-0.0459092756
-0.0110997265
-0.0534054943
0.0388837212
0.046877708
0.0301390962
0.0513959146
-0.0134268707
-0.0261334904
0.0573824541
0.0551046502
0.0218570074
0.00889452983
-0.0583668082
-0.00531090801
0.031951888
0.0240609566
0.0246614813
-0.0620492148
-0.0357512952
-0.0411656521
0.00328478755
0.0459973287
0.0232081999
-0.0410872136
-0.0587656946
-0.0153129267
-0.063837353
-0.0259864207
-0.0483074956
0.0198153281
0.0309799725
-0.0586905703
-0.00367966172
0.0450698151
0.0389584351
0.00402038151
0.0389212395
-0.011138984
0.00751554944
0.0606391478
0.0320150387
0.0552966213
-0.0336709002
-0.00747554767
-0.00396484257
-0.0203284615
0.0313340444
0.0326728745
0.0142438464
-0.0589208647
-0.0420407908
-0.026522223
0.0352775574
0.0110543299
0.00750889287
-0.0112937432
-0.0262964691
-0.059021687
-0.0229987333
0.0124761877
0.0541522224
-0.0635256334
-0.0619138045
-0.0402688146
-0.0583165831
-0.0276163643
0.00471978234
-0.0209123835
-0.00438687288
-0.0493009726
0.0531851361
0.0247405042
-0.0520027689
-0.0585310956
-0.0204904176
-0.0190804445
-0.00717105611
-0.0125360372
8.96747781e-05
0.0545087502
0.00903007065
-0.0245893711
0.0190866743
0.016740076
0.0505951731
-0.0407700095
-0.0455474619
-0.0119889319
0.0477010134
-0.0169288529
0.0194650295
-0.0371192586
0.00142546281
0.0466694455
-0.0424241436
0.0438243479
-0.00120554787
-0.0607837557
-0.0433498773
-0.00257966134
-0.0173006223
0.0279648261
-0.0378156129
0.0121075407
-0.047315231
-0.0218662908
-0.0578118375
-0.0284890221
0.0253806463
-0.0151369919
-0.0386267161
0.0151991931
-0.0057386377
0.0575162027
-0.00178600291
-0.0575479704
0.00299480111
0.0166886273
0.0168250181
0.000414755109
-0.0271574171
0.058461829
-0.0413434407
-0.0362796294
0.0516024086
-0.0281833864
0.0155254845
-0.00733154752
0.0433580351
0.0331873305
0.0292359565
-0.0548066686
-0.0316765662
0.0461949534
-0.0200838237
-0.00588559184
0.0384028701
0.048050916
-0.0476712541
0.0304843796
-0.0572231697
-0.0118500731
0.0597102121
-0.024968317
0.0496798455
0.0565623427
-0.0255987791
0.0272480775
0.00834960153
0.00351890833
0.0282847983
0.0318641487
0.0453679646
-0.0317071658
-0.0158324834
-0.0430393729
0.0611709601
-0.0208124047
-0.0568929053
0.0243173811
0.0358109927
0.0032400623
0.0115436988
-0.0170674269
-0.010984447
-0.0410561439
-0.0092648401
-0.00255381595
-0.0372916969
-0.00191584043
-0.0235080308
0.0608521657
-0.0417321466
0.0236985849
0.00114886606
0.0257274551
-0.0466557051
0.0469025446
-0.0589568832
-0.0513246264
0.0452708229
-0.0615494303
0.0068185621
-0.00145121682
0.0549044534
0.0291838632
-0.043308023
0.0498161833
0.0594400134
0.0435856415
-0.00747026598
0.0303476957
0.0490153593
0.060667022
-0.057904499
0.0373618106
-0.0126908977
-0.0533294421
-0.0469805917
0.000344149407
-0.0471242934
0.0642570183
-0.0528858436
0.0378643275
-0.0364054399
-0.00110183552
-0.0611921674
0.0399272681
-0.0516589126
0.0182862659
0.016308547
-0.0364202801
0.0138351722
-0.00906848752
0.0150169532
-0.0112810151
0.022223098
0.0597394018
0.00249929186
-0.0267959517
-0.0252016528
0.010201229
-0.00308116939
0.0196778602
-0.0501679476
-0.0416001832
0.0239051027
0.0344653581
-0.0457734478
0.00591472681
-0.00291156638
0.0196610731
0.000132834114
-0.0315308871
0.0501013398
-0.0384910905
0.0635740693
0.0185384255
-0.00799714863
0.0448091278
0.00850261709
-0.0607756679
0.017520031
-0.0583856744
-0.0602237225
-0.0639725556
-0.0114243903
-0.0227637498
0.0412009327
-0.00871635835
-0.0177606195
0.000815326438
-0.00269711995
0.020862957
-0.0562352379
0.0094562237
-0.0143070508
-0.060905139
0.0614518478
-0.0333881592
-0.0255183659
0.0160506582
0.000938497208
-0.00713064996
0.0488147978
0.0102548389
-0.0635600344
-0.0253537867
-0.00721281484
-0.0569304182
0.0480226716
0.0219979061
-0.00931319397
-0.00114215673
0.0178170546
0.0577661643
0.0293449508
0.025061454
0.0575003696
-0.00574180493
-0.0499409244
-0.0454426143
-0.0172508017
-0.0198851345
-0.0128733396
-0.0516040047
0.0284907926
0.00060183561
0.00308890163
-0.0381947118
0.024161433
-0.000677433325
0.0211348148
-0.0153379957
-0.0554878522
-0.0366318051
0.0409896326
-0.0125862532
-0.0246189867
0.0478545303
0.0536017182
-0.0431240795
0.000631673022
-0.0258060827
-0.0478268816
0.0400351313
0.0563937004
-0.026871663
0.0327066028
0.0219680367
0.0378847876
0.0290150013
0.00777594391
0.0406095388
0.0139100795
0.0557137651
-0.0596165626
0.0314172576
-0.0588203611
0.058323856
0.0504320703
-0.0316108942
-0.0301825835
0.00935558789
0.0413581117
0.057792081
-0.0591386144
-0.0594607627
0.0306144295
-0.0442820088
0.029958157
0.0354602104
0.0514013308
0.00498319259
-0.0221563795
0.0284389878
0.0219275155
0.0398190349
-0.0485831153
-0.0362300649
0.0336531901
-0.058908022
0.054192035
0.0188459836
0.00732880508
0.0136005721
0.000360836066
0.00588041917
0.0110967487
0.0120895325
-0.0358709904
-0.0159298074
0.0319898002
-0.0250162871
-0.00906889304
0.0480128975
0.0165444583
0.00594092244
-0.0532476151
-0.0628906488
0.0252875739
-0.0525259126
0.0517638684
0.0253548427
0.0395378403
-0.0468786969
-0.0553427391
-0.0208735814
0.00994412363
-0.0102384641
0.00537028201
0.0314536879
-0.0610347274
-0.0225607841
0.025134043
-0.027840059
-0.0227817401
-0.034923491
-0.00982354598
0.032461774
-0.00775240584
0.00539575794
0.0578442727
-0.0146927316
-0.000438223126
-0.0486114506
-0.0517579257
0.0261336658
-0.0534800921
-0.0133867172
-0.00316209802
-0.00247884019
-0.0462508749
-0.0217895525
0.0570279387
-0.0328876469
-0.00300951605
0.0267514109
0.0532015114
-0.049313439
-0.062685818
-0.00941357559
0.0258210863
-0.0439614654
-0.00890865024
-0.000325790932
0.0348560336
-0.0150152271
0.0459870234
0.0413890669
0.0344524593
-0.0158078454
0.0564209337
0.0520595002
-0.0586394893
-0.00644147025
-0.0404970541
0.0123334914
-0.00741283924
-0.0324068463
0.0368888871
-0.0490597384
0.0204498652
-0.053285189
0.00148194154
-0.0127277812
0.0386049731
0.0317671277
-0.0219030215
0.0143249841
-0.0431947017
0.0468843273
-0.0160794293
-0.0180048667
0.0179191796
0.0207272941
-0.0155945416
-0.00259300768
0.00201531909
0.0484601689
0.0374807082
-0.0443640391
0.0336909699
-0.052679899
-0.0285478215
-0.0410739126
-0.0380316284
0.0429611356
0.0125629618
-0.0293344942
0.0471004947
0.0250470255
-0.0107828238
-0.0607114844
0.0412853438
-0.0615584858
-0.000127753738
-0.0604443282
0.0111867848
0.000206785363
0.0185772282
-0.000595539297
0.00140706443
0.00553269446
-0.0437614441
0.0152205189
-0.00555375217
0.0239175749
0.0470314142
0.0525941035
0.0540415699
0.0635337019
-0.0347559111
-0.00358012234
-0.00688480742
-0.0165795643
0.0392240275
0.0559264773
0.0524809039
-0.00977724609
-0.00973487893
-0.0242798906
-0.0378167891
0.0560333311
-0.0373874936
0.0588234666
0.00646296182
-0.0284300974
0.0574435148
0.00722592259
0.000115228793
0.0326280631
-0.0191845924
0.0266119411
0.0529243801
-0.0337166389
0.0326096339
0.0159899412
0.0640035639
0.0395689041
0.0616270611
-0.0298654636
-0.0167567183
-0.0637145794
-0.0173776098
-0.0237162012
0.0139969219
-0.00169600802
-0.0148317269
-0.0154929218
-0.0466116167
-0.0521024215
0.022660501
-0.00143575727
0.0642094302
-0.00534109213
-0.0345972882
-0.0151141718
0.037468394
-0.0600222159
0.0405278141
-0.00342784817
-0.0182355142
-0.0186503899
-0.0112137941
0.0232102455
-0.00337568248
-0.0435859045
0.0158671628
-0.00549944114
0.0601736277
0.0142539837
-0.0247668086
-0.060414175
-0.0181976798
0.0285900111
0.0105188923
-0.00152573039
0.0324142587
-0.0117264433
-0.0508856523
0.0550829876
0.00270956923
0.0526021096
-0.0211803231
-0.0612832907
0.0272655235
0.0152683721
-0.0392735564
0.0600579152
-0.0216995416
-0.00591379055
-0.0570410785
-0.0413663359
-0.00439071495
-0.00214402254
-0.0173546602
-0.00705998556
-0.0632524008
0.0531574495
0.014944246
-0.0457948548
-0.0441952437
0.040891054
0.015188566
0.0469647513
-0.042659566
0.0159200915
0.0504159106
0.0375384474
0.0500049384
0.0173846037
0.0498029561
-0.0458178058
-0.0220133632
-0.0320519893
0.00340539316
0.00120892099
0.0561382702
-0.0484899618
0.0612224184
0.0469611933
0.0590645075
0.0533503547
-0.0273294333
-0.0484277702
0.0229551088
0.0246190492
0.0178266297
-0.0210115514
-0.0350134717
0.0258963047
0.0310087932
-0.0305017357
-0.0195921841
0.0366766571
-0.0277451766
0.0306156618
-0.00893841508
-0.0318288796
0.0146499143
-0.0168648278
0.0296729373
0.0281601271
-0.0530402978
-0.000766139526
0.00264056565
-0.0197446718
0.00238270907
-0.0626911462
-0.0244231087
0.054723324
-0.0608032969
-0.00907857936
-0.0460039348
-0.0210273174
0.0446941123
0.0166472574
-0.0286997373
0.0141639107
-0.0161070346
-0.0495789713
0.050013603
-0.0410495832
-0.00780758607
0.0596664506
0.063912697
0.0550528733
-0.0130596619
-0.00777383962
0.0261226091
0.0289434195
-0.0440427071
-0.00964378857
0.0281075427
0.0297044093
0.0385586842
0.0583714677
0.060194551
0.0523778336
0.0452163565
-0.0639747858
-0.0380425286
0.0506181381
-0.0410697682
-0.0297915136
-0.0135605484
-0.00509205451
0.0557322715
-0.0152818649
-0.0198007474
-0.00256670517
0.0208083426
0.0315445458
0.00817226388
0.0550163533
-0.0338101687
0.0233697084
0.0493153745
0.0575689379
0.0202728673
0.0611289802
-0.0555785823
0.0568304869
-0.0597961868
0.00648946761
-0.0125309776
-0.0205819013
-0.0239298635
0.0258602834
0.0435445293
0.0233149037
-0.0111853523
-0.0309534912
-0.0261162746
0.0260956297
0.0427599277
-0.01248618
0.0523153372
0.0640451731
-0.0440210989
0.0133911486
0.0206604294
-0.0305081177
0.00751337629
-0.0312006376
-0.0278331111
0.0330264445
-0.0340029735
-0.00208233005
-0.00357175162
-0.0284100827
0.0157904279
-0.0602183085
-0.00408942549
0.0390244617
0.0328188124
-0.022936077
0.00403390959
0.00781932303
-0.0390782839
-0.047254841
0.0335775772
-0.0614710852
0.0148660415
-0.0238772142
-0.0347629271
0.0504085605
-0.0508278961
0.0419553594
0.0294175649
0.0532086657
-0.00689978118
-0.0321206981
-0.0350266431
-0.0023304229
-0.00220237395
0.048051143
-0.00495401156
-0.0251107106
0.0124128863
0.0484602262
-0.0231765879
0.0228313338
-0.0400289021
-0.0333498252
-0.0111925186
0.0481665021
-0.0512643037
0.0256361987
-0.0241237354
-0.0386971923
0.024145035
0.060848161
-0.0415771021
0.0552966339
-0.0338544289
0.0227749784
0.0243495651
-0.0292525715
0.0389300794
-0.0201828367
0.00418404573
0.0297972078
-0.000299855243
-0.0138723745
-0.000917614712
0.00196705451
-0.0495756427
0.0171650133
0.0620029344
0.063195098
0.0254413661
-0.0157584318
-0.0596740412
-0.0624290899
0.0224279682
-0.0206421794
-0.0458202478
-0.0439407457
-0.0285424604
0.0608063102
-0.0039401351
0.0435518002
0.00399848743
-0.0469394976
-0.0543769945
-0.0214036246
0.0124473813
0.060490831
0.0218542179
-0.0551362291
-0.0326596202
-0.0187897491
0.0532299007
0.00540391149
0.0494469629
0.0247072743
-0.000711658928
-0.0437538893
0.043510107
0.00551906407
0.0110553199
0.0391332616
0.0318125948
0.038317768
-0.0469415033
0.0419607543
-0.061022026
0.00472646768
0.0490404987
-0.0193959605
-0.0340843398
-0.0303056363
0.00108777483
-0.0308123669
0.0330687147
0.0505169724
-0.0558549701
-0.0360738755
0.0286664394
0.0503889846
0.0351254895
0.0576430975
0.0232862203
0.0266895715
-0.0570213791
-0.0484630573
0.0159580786
0.044404641
-0.030618996
-0.0551434683
0.0396175448
-0.0116412391
-0.0136897933
-0.0371361306
0.0476127577
0.0346985481
0.00545661763
-0.0531391108
0.0106735383
0.0440150987
0.0459784829
0.0279796563
0.0292793369
-0.00721392361
-0.0519826127
0.0333253052
-0.0277506753
-0.0569146158
-0.0601307388
-0.0384173782
0.0626038713
0.05823542
-0.0361762195
0.0483561895
0.0634286091
-0.0633668179
0.0405689938
-0.019461089
-0.0149231952
-0.0068621893
-0.0122475641
-0.0634749534
-0.0299869978
0.0329197064
0.0433180703
-0.0423563421
-0.0493508621
-0.00974927294
-0.049905392
-0.0299118651
-0.0321114622
0.0196799945
-0.0256410603
-0.0298252269
-0.0406809024
-0.0214872589
0.0551794059
-0.00208228857
-0.0601872584
-0.0350983128
-0.0368669686
-0.0520985679
0.0600607906
-0.0378868228
-0.0121089154
-0.0123777454
-0.0105382445
0.0496548948
-0.0348774605
-0.000688078779
0.0616784422
-0.0350155333
-0.0568477592
-0.0501245241
0.0444089779
-0.0131685194
0.0294214177
-0.0099949629
0.0155198008
0.030569397
0.0211717246
0.0340251105
-0.0265348045
0.0086590314
0.00367963053
0.0524328815
0.0402300205
-0.0338540496
-0.00595464979
-0.0392042576
-0.0326686755
-0.0216409793
0.0201089875
0.0549926744
-0.0162432009
0.00397094089
0.034833161
0.0319802756
0.0134146647
-0.0560365879
-0.0444382527
0.0525162102
-0.0052830411
-0.00226559779
0.0371404439
-0.0530311593
-0.0391519729
0.000227514866
-0.0638613152
0.00695425543
-0.00326723223
-0.0556670733
0.0330847629
0.0116713133
0.016818077
0.0305717114
-0.0151311087
-0.0322901007
0.0040001881
-0.0145371016
0.00641222497
0.00262663263
-0.0567831185
0.0415889358
0.0623575833
-0.0260716318
-0.018037231
-0.0351877017
0.00173709278
0.0251502106
0.0213805388
0.0180399731
-0.057845315
0.0174058265
0.00350926149
0.0533636103
-0.0537509365
0.0289040862
0.0104450453
-0.0617512264
0.0479756656
-0.0397272236
-0.00544542967
-8.13625907e-05
0.0255108222
0.00564647281
0.00250093223
0.0485373052
-0.0168283099
-0.0381518334
-0.0042495578
-0.0520860573
0.0564209168
-0.0510415983
0.0412670581
-0.0127272687
0.0287471055
0.0324149096
0.0439859886
-0.0527923635
-0.0596284408
0.0507018177
-0.0451338163
0.00173383631
0.0643164041
0.0323041925
-0.0174603311
0.00234459855
-0.0237158716
0.0529807745
-0.0610669535
0.0299582792
0.0334197521
0.00455685195
-0.0229144099
0.0336643829
0.0236627958
0.0202801607
-0.0225535385
-0.0172800789
0.0061145212
0.0585008667
0.064056506
0.0335806838
0.00941179284
0.00523650462
0.0569789841
0.0136573908
0.0183106257
-0.0149676423
0.0103489328
-0.0378495747
0.0128416289
-0.0491366356
0.0437394939
0.0325869419
-0.0593024931
-0.0576820604
-0.0511434888
-0.0307203866
0.0327554702
-0.0134309817
2.53471507e-05
-0.00421936565
0.0588131556
0.0593578389
0.0175990201
0.0261851351
0.0250492642
0.0604130724
0.000540070075
-0.0578651935
-0.0446499476
0.0346433246
-0.0225760498
0.0274535561
0.00602844258
-0.00404983133
-0.0216566512
0.0220766376
0.00326618908
-0.0479808438
-0.0535170633
0.0361737425
0.00112931259
-0.0115746767
0.0282013761
0.0178355795
0.0599228204
0.0188120872
-5.08708697e-05
-0.00595689784
0.00738255599
-0.0336680289
-0.0409083771
-0.0639153569
-0.0218807913
-0.0320802466
0.0345232607
-0.00212567432
0.0588556039
-0.0610148628
0.0637649734
0.0149636254
-0.0573309169
0.0103679339
-0.0299323018
0.0044482635
-0.059990021
-0.0450958676
-0.0235343839
-0.038968323
-0.0566950462
0.00146145386
-0.0516975577
-0.0433174977
0.0259045158
0.026671471
-0.00772581192
0.0303629695
0.0163471415
0.0474605345
-0.00502549049
-0.00604587237
0.038839143
-0.0427907543
-0.00464018013
-0.0113476448
0.0581685812
0.00423688628
-0.0344237625
0.0489121102
0.0463846535
-0.0515653045
0.0426914769
0.0623930275
0.0593299377
-0.0520027474
0.0427621797
0.00327930391
-0.000278227615
0.0334874045
0.0262397486
-0.0132119321
-0.0015269257
0.0272781315
0.0455847348
0.0405900181
-0.0267679071
-0.0491316258
-0.0308726154
0.00137784369
0.0154095411
0.0365499426
-0.0495765734
-0.0484958699
-0.00653881853
0.0090504795
-0.0256756537
-0.00398605316
-0.0471041317
-0.0191608207
-0.0279119879
-0.0471138745
-0.0183394664
0.0574213414
-0.0550920757
-0.035018393
0.0346371191
0.0504450999
0.0262557008
-0.0511866021
0.0352310539
0.0319750566
0.0319046821
-0.0181594311
-0.0398539896
0.0320508195
-0.0550718283
0.00924788131
-0.0167011018
-0.00649828128
-0.0557205415
-0.0587164415
0.0484100297
0.0592577221
-0.0602228168
-0.00362448738
-0.0112262024
-0.0525283599
-0.040273208
-0.00246361573
0.0448479356
0.00182295504
-0.0383744689
-0.0551596348
-0.029920571
0.0223036906
0.0629058073
0.000206528247
-0.0633740071
-0.0559549513
0.0222380035
-0.0232506982
0.0598141929
-0.0191964813
0.0103061885
-0.0305254569
-0.0346458967
-0.0341714697
-0.0214898801
0.0151270404
0.0632414751
0.0162775951
0.0565524326
0.0288066636
0.0290366686
0.0618458804
-0.024288723
-0.0159698266
0.0198012409
-0.0589323921
-0.0174135895
-0.00511437849
-0.0379095996
0.0469415764
-0.0226136517
-0.0356607787
0.0515181756
-0.0609631474
-0.0503336569
0.0512141983
-0.001369161
-0.0141649087
-0.0332757756
-0.01557484
-0.0198709383
-0.0312011167
0.057959469
-0.0101651265
-0.0294752862
0.0192185042
0.0288042304
-0.0537054504
-0.0571622316
-0.00827277974
-0.0607075816
0.0474979318
0.0436688203
0.0115879222
0.0202654729
-0.00639968565
0.00160586132
0.00682081918
-0.00147869214
-0.0350513623
0.00561956637
-0.011324553
0.024535553
0.0507412102
0.0475440127
-0.0137026347
0.0273177755
-0.00441687155
0.0355663016
-0.0615669398
-0.0531745385
-0.0336364387
-0.0583848042
0.0267779794
0.0525152868
0.0578915122
-0.0293208393
-0.0253486131
-0.0142889779
0.0312935173
0.0617289302
-0.0631561081
-0.033495513
0.00646246
-0.0281480793
-0.0368731736
-0.00223637322
-0.0643390678
-0.0619431137
-0.00409421087
-0.0431001977
-0.0302733781
-0.0375521293
-0.0263442798
0.0618020831
0.0604190088
-0.035910359
-0.045420616
0.0295742136
0.0222894549
-0.0604716193
-0.00417860522
-0.00905125911
-0.0317140053
0.0428820444
-0.0127821108
-0.0364567555
-0.0328436898
-0.033872131
0.0549446641
0.026464937
-0.0430770644
0.043459072
-0.0139747692
-0.0129321241
0.0153209052
-0.0141513628
-0.0456273153
-0.0221171007
-0.0608083821
0.0425795984
0.0194096773
0.0439187371
-0.0444889801
0.0217164907
-0.0360687066
0.0452573603
-0.0327029284
-0.045199941
0.000366735438
-0.0607908394
-0.0439509069
0.0482979115
0.0490529784
-0.0147441226
-0.0149476924
-0.0330727593
-0.0438245105
0.00860264031
0.0406529827
0.0045309623
-0.0587416164
-0.0405977881
-0.0471499434
-0.0481492543
0.050149086
0.0430357505
-0.00925014944
-0.0551367614
-0.0146899619
0.00973968112
0.0201845298
0.0235958032
0.0301503584
-0.0490292985
-0.0265119215
-0.0278415969
0.0386679703
0.0508285243
-0.00237641894
-0.0279223578
0.0535486007
0.00859351964
-0.0360091554
0.0403747024
0.0468311989
0.023851033
-0.0460192604
-0.000626888393
0.0559267256
0.0188728897
0.0193188337
0.0399242966
-0.0590865423
-0.00538639959
0.0511986705
0.0254001467
-0.0483789178
-0.0129591903
-0.0212988884
-0.0302980785
-0.0278273239
0.0158014692
-0.0596135879
-0.0634538761
-0.00115088498
-0.0448025596
0.0548859818
0.0456777271
-0.0403799919
-0.054264221
0.0207411477
-0.0472277117
0.0433236065
0.00227122513
0.0433610841
0.00188984108
0.00599084275
0.0390009555
-0.0329859549
0.0392088439
-0.00425915961
0.0528579722
-0.0537704753
-0.0335607867
0.0218056498
-0.0192983344
0.0522004712
-0.0619597249
-0.0509816891
0.0131409962
0.00702142809
0.0449403029
0.0135548384
-0.0526093908
0.0622440419
-0.0375503004
0.00946767536
0.0252830606
-0.0527044981
-0.0342241338
0.0522484839
-0.046820649
0.0207580225
-0.0125626504
0.0106991045
0.0139439645
-0.0276935599
0.0376639458
0.0483903468
0.0533052876
-0.0313457451
-0.057493746
-0.0156972145
0.0507703915
0.0166789979
0.0268291337
-0.0639364298
-0.0297484365
0.0312636876
0.0116193245
-0.00591994688
-0.0477352248
0.060990087
0.0290965405
-0.0594245762
-0.0634565892
0.0444850301
0.0207473993
0.0213913868
-0.000835507701
-0.0197396419
-0.0495148942
-0.0619334911
-0.0109559921
0.0292123579
0.0534673921
-0.0364786906
-0.0560971031
0.0580147594
0.0629128424
-0.0133163438
0.0588863829
0.0527662978
0.0618753232
-0.0566668359
0.05580025
-0.0111520412
-0.0525867585
-0.0224374614
0.0551786531
0.0207886699
0.0095499437
-0.0339939858
-0.0212297915
-0.0545284623
-0.0192251595
0.00892419743
-0.00373444276
-0.027887175
0.0540747714
0.0418468171
-0.0493193524
0.0587283853
0.0408951898
-0.0355931183
0.0392488509
0.0476571633
0.0309955402
-0.019267535
0.0579351069
0.0139478198
-0.023837268
-0.00654679741
0.0302264308
0.0477093426
-0.0164298907
-0.0328586486
0.062088967
0.0544408669
-0.00280797837
0.0170955585
-0.00506790081
-0.0590175597
0.0186947604
-0.00404315808
0.00240084968
-0.0532326203
-0.00290242458
0.0189755232
0.0242324748
0.0310050229
-0.0321767211
-0.00364325213
0.0222374403
0.0123524471
-0.0635825524
0.0266758648
-0.0371395731
-0.0535678246
-0.0358613259
-0.0348266158
-0.0119237372
0.0538993338
-0.0393998084
0.00997856088
-0.00717941989
0.0577509027
-0.00966083588
-0.0399596113
-0.0305986997
-0.0171736606
-0.0319711971
0.0391560998
-0.010060549
0.0446106087
0.00129829627
-0.0349396618
-0.00580670458
-0.0356872578
-0.0469489406
0.00399063277
0.044195226
-0.0501671586
-0.00196012055
-0.0257210831
0.0435944822
0.0400630128
0.0109049968
0.00582593821
-0.0310640044
-0.0583539151
0.0611787118
0.0412297412
-0.00357177791
-0.0210939053
-0.0601650237
0.000217921868
-0.0624295425
-0.0378401679
0.00598446161
-0.00806053501
0.0212420668
-0.00985212511
-0.0331160428
-0.0267611188
0.0355881515
-0.0388753691
0.0370138443
-0.0467312685
0.0161825709
0.0382745531
0.0140152087
0.0537558713
-0.0544870311
0.00531174713
0.0564113516
0.0407260439
0.0112931808
-0.00507622924
-0.0641059215
-0.0202674764
0.0494284683
-0.00645683028
0.0419342057
0.0160339671
-0.0244436104
0.016435985
-0.0292575847
0.0452295052
0.0471403658
0.00801841814
-0.0289225407
0.0142785373
-0.0268740784
-0.0169565238
-0.0274839163
0.0543052866
0.00697114063
-0.0296662455
-0.0146896272
0.0513845466
0.0258564673
0.00080955247
0.0447208107
0.0139506791
0.0420344786
0.0589342609
0.0504365691
0.0447109554
0.0203190262
-0.0173266085
0.011314548
-0.0126110172
-0.0497072108
-0.0217937018
-0.0520326302
-0.0223271283
-0.0637642225
-0.00688308178
-0.0561990923
-0.0219908043
0.0454412219
-0.0515434867
0.0640726899
0.0487183008
-0.0339276616
-0.0506506487
0.0249800983
-0.0561777098
0.00978569453
0.0161458488
0.0202754154
0.056752094
-0.0312018364
-0.00353852146
-0.0361276187
-0.0380611952
0.0517323869
0.0432389384
-2.29505639e-05
0.000994080412
-0.0197744082
0.021444135
0.0393651202
-0.0444064342
-0.0318983992
0.0112176718
0.0341628227
-0.0623809519
-0.00599599263
-0.000157467143
-0.0383194969
0.00396730405
0.0104837242
0.0339877416
-0.0288583593
0.052200585
-0.0558163433
0.00261260524
-0.0576886865
-0.0348081957
0.0642197666
-0.0131149259
-0.0435150565
-0.0561963971
-0.000511230521
-0.0623643305
0.0626853144
-0.0313673298
-0.0371160437
-0.0163121464
-0.0562680696
-0.0634771418
0.0449677799
0.0298844439
0.0633796303
0.0555974704
-0.0170843018
-0.0519583986
-0.0288879879
0.047254385
0.0407224167
-0.0419942952
-0.0111723496
-0.0481744996
-0.00463203689
0.0456249615
0.00155795964
0.0158248988
0.0458243893
-0.0249297193
0.00147100989
0.0351843742
-0.0455225762
0.0166363011
0.0376938958
-0.0379225184
0.0589100863
0.015875165
-0.0226287836
0.0503548059
0.0101740595
-0.00653843476
-0.0228805407
-0.0235370563
-0.0326985917
-0.0335877897
0.0276646093
0.0102974791
0.0554379567
-0.00622670863
0.015590388
0.0579951999
-0.00778963842
0.0549026638
0.0540834293
-0.0582822724
0.0545038579
-0.026699446
-0.0388307489
-0.059271716
-0.0152850493
-0.00758410371
0.0271469007
0.0465173254
0.0113150831
-0.0398932636
0.00879890487
0.0268788789
0.0630717413
0.0538540045
-0.0112803311
-0.0506685907
0.0317534522
-0.00868185988
0.0234128095
-0.0123262468
0.0464303234
-0.00722247049
-0.02956255
-0.0632621909
-0.0386757616
0.0354920414
-0.0155330805
-0.00469387943
0.00408271379
-0.0284619132
-0.046034802
0.0403598264
0.0545057219
-0.0125011882
-0.0516574079
0.0527566576
0.0316990295
0.0315930582
0.0118941213
0.0466385489
-0.0450001966
-0.0520491124
-0.0290354171
-0.0320188036
-0.0392863744
-0.0505241943
-0.0491419387
0.00692793119
0.0185868929
-0.0552809453
-0.0118124222
-0.0468824362
0.0307595924
-0.0388623831
-0.00952719091
-0.0581065915
-0.0182500685
-0.0316865064
0.0081996351
0.0152236543
-0.0586667984
0.054210551
0.0561033251
0.00592626832
0.0387524628
0.0458888273
0.00297860769
0.00123865634
0.00191239026
-0.020787481
0.0277401681
0.0424162507
0.0169945299
-0.0623412613
0.020924297
0.0623128339
0.0488791632
-0.0595014328
0.0209904533
0.033394186
-0.00155277061
-0.00480656345
0.0371935317
-0.019300445
-0.0519377757
0.0175609403
0.0329274863
-0.00787736179
0.0484132307
0.0380347272
-0.0237716336
-0.00193237457
0.0188742154
0.0603443825
0.024705775
0.0614073691
0.0118269671
-0.0219966927
0.0236220731
-0.0564507488
-0.0622170383
0.0472125029
0.0370946627
-0.0338805945
0.0290991699
-0.00371765919
0.00227944808
0.0590639877
0.0340322855
0.0354565153
-0.0181958164
0.0414114901
-0.0524875055
0.0222732085
-0.0109273256
-0.00311682308
0.0115569346
0.0134222306
-0.0571921003
0.0443176669
-0.028802233
-0.0412734235
0.0445663762
0.0383641294
-0.0524334962
-0.0440266462
-0.0071953263
-0.00862151044
3.9645206e-05
0.0278517052
0.0556012791
0.0422884642
-0.0403394803
-0.0130274787
-0.0459334822
0.0220742035
-0.00502751043
0.0239314557
-0.054472288
0.0373931475
0.0391994299
0.0293060281
-0.0640011799
0.0570947613
0.0499354321
0.0173834999
0.040912785
0.062418135
0.0247376476
0.0622103681
-0.0485342243
0.0506150896
-0.0342190237
0.0475387805
0.0242321973
0.0371981981
0.00350338847
-0.000101353765
-0.059777589
-0.0451169776
0.00495299184
-0.0111377361
0.012879804
0.0306635048
0.0195480118
-0.00205599019
-0.00190587775
0.0403020419
0.0223546655
-0.0166705305
0.0013853008
-0.0301667251
-0.0142943496
-0.061071822
0.0630953853
0.0263573751
-0.0404347365
0.0312270709
0.032994916
-0.0298800134
0.00856695452
0.00791798857
0.0247398886
-0.0139537378
0.0201969853
-0.0180309722
-0.0265911018
-0.0413084452
-0.048432265
0.0206490743
0.0345577258
0.0110390611
-0.00546255738
0.0270803597
-0.0499279803
-0.00553529559
0.0237204987
0.0303278332
-0.0598373466
-0.00652138605
0.0224178227
0.050818986
0.0471124107
0.0286310516
0.0358502896
0.0413542262
-0.0509831749
0.0623665344
0.028446795
-0.0216941004
0.0601304757
-0.0403513479
-0.037998058
-0.0459920735
0.0420867026
-0.0154019502
-0.0466974507
-0.0535903574
0.021101367
0.00406976719
-0.0112239008
0.0438306064
0.00271613308
0.0458048664
-0.000964283946
0.0123093991
-0.0332403869
-0.0494961983
0.0527694674
0.0251347131
-0.055992531
-0.0407164097
-0.0245618551
0.0622585275
-0.0350369071
0.027355877
-0.0462794374
-0.0319978309
-0.00323525432
0.0539903864
-0.0532505315
0.00433366522
0.0435409289
0.0510108581
0.040146539
0.0264142751
0.00446285315
-0.0200380798
0.0501818708
-0.0602731072
-0.0517603659
0.0574271244
-0.034775987
0.0316400692
0.0573079949
-0.00444035878
-0.0543630715
0.0613466011
0.0267626517
-0.0521284485
0.0402997373
0.0576414648
0.0287571057
-0.0185682721
-0.0351118888
0.00358350078
-0.0355249314
-0.0444460217
0.0149706938
-0.0217727443
-0.0321509264
0.063325207
-0.0198919626
-0.0405682353
-0.0354668531
-0.0441280828
0.00877360954
0.0179006125
-0.0341642794
-0.0121749482
0.0530361831
0.0572587174
0.0443713385
0.00762374241
0.0353136803
0.0614913206
-0.00866833853
-0.0543231038
-0.0219870205
-0.0447138795
-0.0552903675
0.0275193211
0.0563341022
-0.0435630476
-0.0431983881
0.0358300945
-0.0179082135
-0.0437745261
0.0218926869
-0.0391871081
-0.0450074986
-0.0603786433
0.0325103092
-0.0493298647
-0.00340206691
-0.019075259
0.0640480217
0.0509762958
-0.0574938785
-0.00592294735
-0.0405099235
0.0144946724
0.0216815748
-0.0461251654
-0.0122719172
0.0490812942
-0.0310018908
0.010338648
0.044266606
-0.0347562232
-0.00727879783
-0.056903582
-0.0234401122
-0.045273718
0.0262425383
0.0579914805
-0.00237432391
-0.0216689494
0.0559262631
-0.00989368909
-0.0160971085
-0.042725056
0.0580799544
0.0267814475
-0.0294014025
0.0492230361
-0.0487016395
-0.0041152535
-0.0188621853
0.0419848859
-0.0113409939
-0.0543359975
-0.0016799762
-0.00162713871
0.00338740071
-0.0196866093
-0.0117739968
0.0158727653
-0.046863996
0.0530911764
-0.0592575765
0.0517682512
0.0101042183
0.000244031304
0.0535594199
0.0495298344
-0.0080720094
-0.0279145582
-0.000186620247
0.00253807688
-0.0146130754
0.035232084
0.0193038203
0.00400306348
0.00523036344
-0.00763307403
-0.018756002
-0.0194538524
0.00964582026
-0.00955710027
0.0302568642
-0.0256595404
0.0193796774
0.0330589318
-0.0339723284
-0.0272374779
0.0528151779
-0.0367546369
-0.0415804194
-0.051565665
0.0119846913
0.0312998196
0.0491487487
-0.0344402029
-0.00497148281
-0.00411555903
-0.0566331677
-0.0288202919
0.0340360784
-0.0444805028
-0.062044139
0.0148281916
-0.0617197943
-0.0380326636
-0.0171708766
0.00859183136
0.0467975141
-0.00577161541
0.0629615475
-0.0271030919
-0.0550421885
-0.0309894638
0.0511861949
0.0413484279
0.0138315982
-0.0343641634
-0.0293379206
-0.0455202411
-0.02860855
0.0494809404
-0.00930892562
0.0525994488
0.0217078483
0.0473217219
-0.0642463713
0.0586490456
0.0577288517
-0.0266580286
0.00420964559
0.0450143041
-0.0473219644
-0.00738146041
0.0235001843
-0.0192469075
0.0628947204
-0.0595016727
-0.0230007238
0.0252423463
-0.0194252587
-0.0394825596
0.00936441264
0.0570945171
0.0422914691
-0.0518226413
0.0441409964
-0.0519355568
0.0285475634
0.010305714
-0.025853293
-0.00628778702
0.0554638675
-0.0246071459
-0.0584482774
0.052404593
0.0280009014
-0.0349278523
0.0222940199
-0.00198317855
0.0449678855
0.0016841872
0.0486561946
-0.0370702643
-0.0624595943
0.0261255741
-0.0359411721
-0.0595811961
-0.0084536424
-0.0547320936
0.0247549767
-0.0348916537
-0.0113227976
0.0528517869
-0.0632514795
0.0525628915
-0.0441878206
0.0577067556
-0.0156211136
-0.039079641
0.00135272146
0.0433663045
0.0306910155
-0.0398987144
0.00332160724
-0.0265661403
0.0604849562
-0.0153270474
0.00783476064
-0.020022591
-0.0239876702
0.0454911373
0.00902843529
0.0084936542
0.0285037443
0.0170050282
0.0559901213
0.0124483655
-0.039053797
0.0103574978
-0.0641180533
0.0249544547
-0.0378205284
-0.0640473392
-0.0359158411
-0.0234959102
0.0151496195
0.0437883335
-0.0308066467
-0.0403078832
-0.0590204891
-0.00597020554
0.0312623765
0.0517924304
0.0595596215
-0.00251135221
0.048574829
0.0454724278
0.0111804007
-0.0614134098
0.0632594021
-5.42141208e-05
-0.0316991711
0.0427714318
-0.0584806453
-0.0468724842
-0.0518802111
0.0412573676
0.0624601026
0.0401245049
-0.0562232306
-0.0517328783
0.0339507935
0.0420528736
-0.0560232002
0.0497063436
0.0227235719
0.0457633893
-0.0115044109
-0.0198479057
-0.00600477023
0.0289766624
0.0394499793
0.0439598991
0.00249117337
-0.0169082548
0.0125017477
-0.000221833709
0.0514243501
-0.0132495284
0.0626064175
0.0448066536
-0.0464095236
-0.0378115986
0.0599454146
-0.0336491939
0.0229460186
0.0455396444
0.028505068
0.0559691228
0.0410420338
-0.000433356348
-0.0295891393
0.0269374121
0.0462556051
-0.00737913181
-0.0299647615
0.0147898263
-0.0400554957
-0.0360042746
0.0356724569
0.0193669597
-0.0288186703
-0.0449760057
-0.0603382145
-0.0119055876
-0.0322245493
0.0603746637
0.0373348852
-0.0197291588
0.0550624976
0.0599764504
-0.0330961986
0.0133145847
-0.0209127664
0.00712202432
-0.0361468906
-0.0232716711
-0.0602182655
0.0249928887
0.00516999636
0.0441509506
0.0257247282
-0.0466890009
0.0567287978
0.0569349778
0.0178141709
0.0387357708
-0.0174917637
-0.0559189126
0.0297575521
0.0354300975
0.0307771833
-0.0399621054
0.0099051768
0.0386178859
-0.0283443641
0.0497866652
0.0147434397
-0.015167928
-0.0445866497
0.00460341652
0.0390547425
-0.0135866642
0.0558311213
-0.0465570273
0.00202666299
-0.0359347627
0.00413436317
-0.0172528794
0.0273363227
0.0194915033
-0.0428880339
-0.0109647344
0.00867820733
0.0117276429
-0.025900446
-0.0167229453
0.00460654156
-0.0564680992
0.0245647123
0.012191091
-0.035510645
-0.0480145247
0.0387382542
0.00768926335
0.0150553168
0.0501996312
0.0328795288
-0.0140926877
0.0618159331
-0.00707913229
0.0104829437
0.0501332952
-0.0428619869
-0.0166575988
0.0559786655
0.0391951971
-0.0375821552
0.0047978469
0.0304333591
0.00172772567
-0.0473053138
-0.0532694787
0.0565561458
-0.000558602571
0.0457542971
-0.0506680935
-0.0629907481
0.0454248938
-0.0554349679
0.0571718958
-0.0304301958
-0.0347797288
-0.0505731958
-0.0224135303
0.0332995109
0.000233152032
0.0437636528
0.00347911674
-0.00829791526
0.0300366663
-0.0348201204
0.0425084576
-0.057214074
-0.0136897598
0.00636747904
0.0576515799
-0.0159193154
0.0473428782
0.0141066239
0.00146167535
0.00790615456
0.0327416688
0.015538255
-0.0113438035
-0.055280113
0.0047260378
0.0598494262
0.0180276164
0.0216656483
-0.0575692537
-0.0317601181
-0.0451286369
0.01310471
-0.0394131544
-0.0151663669
-0.0115049983
-0.0156975737
-0.0542825555
-0.0589147201
-0.0202966513
0.0546335943
0.00862113012
0.0312673305
-0.0525439475
-0.0398353868
-0.0557953075
-0.0133045292
-0.0585171159
0.0612807186
-0.018061179
-0.0133360811
0.0110491105
0.0300274224
0.0242427789
0.00949669575
0.0502784783
0.00856500449
0.0425332962
-0.0589429898
0.0169692044
0.0529069432
0.0365402483
-0.0385956482
-0.00243783429
-0.0510408169
0.0600782049
-0.0455278255
0.0516922368
-0.0483277727
0.0481597135
0.0487808491
-0.0588437783
0.0333452238
-0.0157363804
-0.0327495166
0.0343208825
0.0622750555
-0.0163674985
0.0235758005
-0.0641748619
-0.0202773496
-0.0120863011
-0.00408105955
-0.0147313174
-0.00985534146
0.0108125388
0.0620176587
0.0583831065
0.0435792188
0.0574858123
-0.0625111793
0.0270616558
-0.00643733315
-0.0278448364
-0.0482300466
-0.00838721525
-0.0118965291
-0.0234346617
-0.0484864794
-0.0531831844
-0.013183855
-0.00837588198
0.00227151476
-0.0117204825
-0.0316222841
0.0125740774
-0.0519120846
-0.0505601263
-0.0175459611
0.0641957564
-0.0295524187
-0.00601289327
0.0318257057
0.0162996264
-0.0250611216
0.0480240857
0.000446164711
-0.056613767
0.0106148813
-0.00553768513
0.036464553
0.0436224677
-0.00717206082
0.0159500189
0.0109177455
0.0122151281
-0.0270167328
-0.0540726619
0.0273077314
-0.034726187
-0.0152495474
0.00676908046
0.0395018125
0.0414120193
0.0563006797
-0.0382329944
0.0573483684
0.0625363475
-0.0477860749
0.0623290051
-0.0585822574
0.0519800582
0.00471217369
-0.0515119543
0.0324142767
-0.00920553611
-0.0368645902
0.0245307883
-0.00156200467
-0.0161258821
0.0523308109
-0.0436844106
-0.0401747841
0.0344442099
-0.0136995423
-0.0292110952
0.0543975155
0.0103384322
0.0462265358
-0.0121930721
-0.00292897982
0.0369281349
-0.00341712596
-0.0034243469
-0.00145843693
-0.0364587724
0.018168314
0.0552358883
-0.0516270645
-0.0179880339
0.0409511283
0.0307380991
-0.0274604799
0.0395500118
0.0439469699
0.0175638198
0.0126074475
-0.00387878582
0.051019015
0.0275836864
0.0173378137
-0.0514002987
-0.038462952
-0.0459418966
-0.0122436441
-0.0624874905
-0.0132696558
0.0624959186
-0.0348066925
0.0102883007
0.0201797832
0.00169181521
-0.0353208365
0.0552732486
0.0382937163
-0.0601714088
0.0305908914
0.0457488761
-0.00440748971
-0.0244116553
-0.0365124937
0.0263810889
-0.0592246764
-0.0529612489
-0.00384678407
0.03482124
-0.0454608663
0.0235562429
-0.0612453525
0.049011592
-0.0509880146
0.0224538696
0.00179747366
-0.0280162903
-0.0375858874
0.0389109803
-0.0262443262
-0.0636262775
-0.0278835047
-0.00816751023
-0.0306042007
0.0388671566
-0.0348379059
-0.00430420515
0.0165883928
0.0465970495
0.062811719
0.0453565528
0.0485656516
0.0477173379
0.0581134401
0.0125537421
0.0251250719
0.0566868873
0.0380250029
0.0572823832
-0.0122854541
-0.0535422912
0.0300303032
0.049140006
0.00295146703
-0.0200323234
-0.041043824
-0.0287311946
0.0489743465
-0.0625452911
0.00288919739
0.0641051462
-0.00706117942
0.0066784454
-0.00132266453
-0.033290024
0.0633160921
-0.0501388974
-0.053031342
-0.0371320936
0.0276524663
-0.0433379837
0.0302062782
-0.0341824957
-0.0388024016
0.0240767956
-0.0308016726
-0.0067238855
-0.00205112091
-0.0412436321
0.0582891057
-0.0621927165
-0.0592189326
-0.00728697577
0.0604233472
-0.0169662583
0.0073197032
0.0257003349
-0.0382015488
-0.0519026022
0.0395728721
-0.00955908841
0.0273872399
0.00523159239
0.0290309571
-0.0523272909
0.0104660566
-0.0264290298
-0.0386621563
0.021361512
0.0379030681
-0.0223724012
0.0460376446
0.00866617122
-0.0187250837
-0.0525079551
-0.0545682133
0.0483441995
0.0362752639
0.0378297822
-0.0595136394
0.0335261398
0.0239729915
0.0210218321
0.0188933776
0.0610922793
0.0240202718
0.0426802348
0.0427173166
-0.0210981044
-0.0363769478
0.0264685153
-0.0400777753
0.0326277662
0.0354447488
0.0526113665
0.0375686999
-0.0615886803
-0.00843034667
-0.0610374266
-0.0458736212
-0.0461208844
0.0228950573
0.0567508391
-0.0642602437
-0.024460468
-0.0432794623
-0.0192323258
-0.00859173907
0.0597355365
0.062402829
-0.0227487259
-0.0137839159
-0.0156754362
0.0382852771
-0.0482317534
0.00212596829
-0.0392836297
0.0586900879
-0.0209955794
0.00171316322
-0.058564725
0.0445024666
0.0523019386
0.038573464
0.0610272443
-0.0191077889
0.0401612196
-0.00786243172
0.0550861523
0.0230167653
-0.0219222745
-0.00656985733
-0.0625728532
0.036105682
0.0524505818
0.0605854726
0.0273321851
-0.00740130983
-0.0325809805
-0.015681119
0.0279359413
0.00293366243
0.0640112848
0.0506234262
0.0319207307
0.0326873679
0.0393065204
-0.015609785
-0.0205739264
0.05412426
0.0608081914
0.0521700438
0.0410503987
0.00239262352
-0.00407418746
-0.0475635771
0.0234393572
0.0230968188
0.0437428695
0.0243784822
-0.0577793033
-0.0152808098
-0.0330390234
0.0629705439
0.0643068132
-0.0154069398
0.058855389
-0.00266380985
-0.0331499116
0.00698834905
0.0453829101
0.00852660049
-0.0604115591
0.00378969829
0.0416223128
-0.0591114526
-0.0606002819
0.0335917001
-0.0286393295
-0.0362497868
-0.0386981841
0.053478537
0.050202048
0.0229245657
8.89099293e-05
-0.0443763965
0.0397737216
-0.0182357922
-0.0369022534
0.030552806
0.0569188797
0.0189611799
0.0193819464
-0.0391809574
-0.0572006104
-0.0335079683
0.00379406316
0.0110838316
0.0278783331
0.0117546175
-0.0138247496
-0.0168427686
0.0506199048
0.0124058996
0.00865383233
-0.0434786072
0.0110501388
-0.00290934193
0.00116576753
-0.0614033875
0.0360189519
-0.00530934013
0.0292446954
-0.0434274828
-0.0112945529
0.0354889636
-0.0553980606
0.0090348297
0.0438745466
0.0616826322
-0.0210637202
-0.0574035165
0.00365999902
-0.0412877968
0.0320703802
0.0311260681
-0.0582835648
-0.0413859869
0.0108569728
0.0428995795
-0.00802934086
-0.0213321335
0.0438882977
0.0313768305
-0.0404454455
0.0170609226
-0.0462262534
-0.0271711909
0.00165094777
0.0389437382
0.0238002542
0.0464265412
-0.0498994897
0.0551493783
0.0139629789
-0.0247784693
0.0518293177
0.0586737876
0.0122593598
-0.0631652767
-0.030049898
0.0446384237
0.0187984233
-0.00327467865
-0.0340655212
0.0428607346
0.0286378081
-0.0489149835
-0.0121616195
0.0262190783
0.046010839
0.000187845469
-0.0238006318
0.00387476409
-0.0313728417
-0.0317631943
0.00552820407
0.0611008479
0.00812941803
-0.0264041349
-0.0248674985
-0.0138386281
0.00533012917
-0.031087301
-0.0409010435
-0.0371814417
0.0157175848
-0.0342143422
-0.0410455017
-0.0105505178
-0.0253835473
-0.0386754006
0.0373193199
-0.0189632326
0.0251328038
0.058336136
-0.0153175196
0.0627508337
-0.0371595622
-0.00534225277
-0.0409253604
0.0244401583
0.0615035348
0.00189719244
0.0348345454
0.0491521117
-0.0592881097
-0.0149394664
0.0545567103
0.00540098614
0.0108845704
0.0245289041
0.0257160106
-0.0518922333
-0.0306748372
0.0632935739
-0.0257034255
0.0368145556
-0.0106089796
0.0540677774
0.06153268
0.0518875767
0.0606831812
0.0520684003
-0.000663513772
-0.0508779047
-0.00488394102
0.00536439378
0.0427549252
0.00331836125
0.0233831898
0.0594129601
-0.0396454273
-0.00901900273
0.00087559948
-0.0554043741
0.00718551068
-0.0443013755
0.016584588
0.0513536576
-0.046084558
-0.0285270894
-0.000227195303
-0.0375840968
0.0383562616
-0.00535276563
0.0308951764
0.00398410413
-0.00463053963
0.0457259116
0.0562838019
-0.0241538955
0.0587561099
-0.00629692402
-0.00283855741
0.0402526213
0.0469645586
0.0635764298
0.0629768167
-0.0190377572
-0.0402988375
0.0368779809
0.0318972015
-0.0258923707
0.0123584858
-0.0131280821
0.0237722004
0.00049311777
0.0629202161
-0.00808062015
0.0385243515
0.055632944
0.0241639578
-0.0567873408
-0.0512773743
0.061035878
-0.0284137734
-0.0345632064
-0.0251362598
-0.0497222392
-0.0313675433
-0.0145134399
0.0439518402
0.060064571
-0.0468004712
0.0616116515
0.0558984121
-0.0616576937
-0.0545441698
0.00764732976
0.00064375249
0.00524328829
-0.0620677834
0.0228920308
0.0262472081
0.0215051426
0.0423331714
0.0535592103
0.0331416168
-0.0601854581
-0.0458604474
0.062969572
0.0629602383
-0.0580359169
0.0400540374
-0.0536848082
0.00892384947
-0.0619146657
-0.0144421658
0.0379912009
0.00868889085
0.0123500627
0.0345346042
0.0288719298
-0.0477681013
0.0139561837
-0.000702852661
-0.0594416159
0.000436270772
-0.0398610558
-0.00625289695
0.00398789578
-0.0548651293
-0.00145627967
-0.063724941
-0.00590684877
0.0612026565
-0.010552331
-0.0379817067
-0.013907567
0.0428364696
-0.0381464332
0.0161989592
0.0547727851
-0.054538888
-0.0157368082
0.0454817482
-0.0154408481
-0.0353448683
-0.0426739496
0.0426662928
-0.0410725179
0.0204221007
0.0564324585
-0.00118211743
-0.0201226811
0.0610947424
-0.047580147
0.0448687288
-0.030414713
-0.0178339684
0.021792845
0.0220931119
-0.0580707147
0.00319836019
0.0323919301
-0.030561045
-0.0334121161
0.031868473
0.0396992245
-0.037964904
0.0178258272
-0.0583253424
-0.0489713747
0.0636331697
0.000810178666
-0.0487208627
-0.0443999056
-0.0528278229
0.0484872222
0.0578457758
0.030082978
0.0357842481
-0.0222270578
0.0457261948
0.0531184295
-0.0427127038
0.0241101636
0.0624257414
-0.0204322676
0.0307747662
0.000691847583
-0.0307509417
-0.0589457648
-0.0224445114
-0.0367654776
-0.0463705172
0.00810222827
0.0036818529
-0.031381896
-0.0466486817
-0.0291329095
-0.03390524
-0.0376840752
-0.0590666972
-0.0137583233
0.0213496731
0.0596629063
-0.0275915226
-0.0127129865
0.0610141967
0.0253187734
-0.0487279343
-0.0312996342
0.0141010629
0.0442244683
0.0550292733
-0.0327528613
-0.038430573
0.0277772997
0.0212440346
0.00390262554
-0.0325940778
-0.047713109
-0.0437396325
0.0153658348
-0.00239449366
0.0210439771
0.038713901
-0.0621114276
-0.023632209
0.0440872132
-0.0224276789
0.017983512
-0.0236717417
0.0595185126
0.0549245548
-0.0488624106
-0.00843020091
0.0591292524
-0.0629546971
-0.000343014636
0.00589029121
-0.0288394979
-0.0636956949
-0.00930240868
-0.0605670725
-0.0446539662
-0.000313331328
0.0316662258
-0.0468946687
0.0146616298
-0.029374685
0.0106420345
-0.0621739061
-0.0586341569
-0.0226823819
0.0424127826
-0.0584328539
-0.0327035512
-0.0422503306
-0.0049561043
-0.0436972508
0.0306321902
0.0123118693
0.0121426238
0.0506457245
0.0559176984
-0.0288328235
0.0394636954
0.0189021594
0.0399455452
0.0491245307
0.0417516016
0.0100967292
0.0203059634
-0.00814410281
0.00336094707
0.058376389
0.0285441
-0.0363742402
-0.0574298488
0.0576254949
-0.03565319
-0.0272182209
0.0328592732
-0.0474525545
0.0527766739
-0.00465324402
-0.0555280004
0.0487199312
0.00866562942
0.0343138757
-0.000141823771
-0.0553559143
-0.0616718745
-0.00362553368
-0.0527448907
0.0266001909
-0.00861445287
0.0599098124
-0.0181468932
0.0634616135
-0.029218398
-0.0166137275
0.0463566818
0.0031535996
0.0328547349
0.00855706166
-0.0447854218
0.00824820954
0.027557194
-0.00107828295
-0.0042696657
-0.0605441358
0.0583151861
0.0447096004
-0.00399461848
0.042956844
0.0430416046
-0.00706081026
0.0504751445
0.0424477912
0.0247009261
-0.0602139971
-0.0256408928
-0.00206248334
-0.0577909184
-0.0467030723
0.0495288963
0.0514806057
-0.0588593547
0.0430026666
0.0110027106
0.036902466
-0.0344109526
-0.00580671
0.0429816105
0.0569259158
-0.0295043764
0.00396067129
0.0540458166
-0.0434222846
0.00818403329
-0.0132066344
0.0128502975
-0.0226588732
-0.0109373276
0.029172554
-0.0263548543
0.0637697568
-0.0626669199
0.0456651365
0.0386884553
0.0366778065
0.0523012106
-0.0346268006
0.0238543038
-0.015773494
0.00278726667
-0.0595907348
0.0434501835
-0.0329267807
-0.0423061052
0.0266594645
0.0606927642
-0.0370322089
-0.0138947668
0.0628273118
0.0377162074
-0.0385861921
-0.0132530029
-0.0576014507
-0.0336134839
-0.0643023118
-0.0257688575
-0.0387762641
0.0548330926
-0.00392281377
-0.0631434485
-0.0396461336
-0.00975201048
-0.0616408069
0.0308988529
0.0271105367
0.0189876797
0.0637919621
-0.0164096494
0.0450345896
0.00699015175
-0.0633054322
-0.0624372283
-0.0526269947
-0.00669146236
-0.0123858467
0.0152603194
0.00105353406
0.0404553688
0.0102784519
0.0193878455
-0.0134766406
0.00316503928
-0.0443248927
0.0615957739
-0.0361873877
0.0442736701
0.0532581235
0.0633469351
0.0321805897
0.0376996929
-0.0100266151
0.0573568079
-0.054942896
0.0309417976
0.00151103828
0.060055597
-0.025677766
-0.0474860992
0.00993662969
-0.0309153053
-0.0332570491
0.0110476798
0.00357849337
-0.0179791998
-0.0248533251
0.00264090293
-0.047920043
-0.0258460023
0.0608318581
0.023463498
0.0136152068
-0.0577975581
-0.00040847855
0.0446405221
0.0263667954
-0.0226819612
-0.0219606134
-0.0570995208
-0.0560187035
-0.0580732826
-0.0495967484
-0.0240108145
-0.0201419346
0.0556242666
0.049574785
-0.051209151
-0.063126193
-0.0480366747
0.0226489049
0.0492410332
0.0408029342
0.0129052362
0.00185453487
-0.0632780982
0.0477784833
-0.04400158
-0.00959532801
0.041349856
0.0111101658
0.0475361969
-0.0469464434
0.0245084142
0.0543373838
0.0415116054
0.0483728783
-0.018895115
0.00517090113
0.00648326685
0.00418103348
-0.0288301027
0.00922833254
-0.0569103101
-0.0124448774
0.00819837456
0.0455875533
0.0614077681
-0.0202707778
-0.0152487949
-0.00620746247
0.0213488232
-0.0294976433
-0.00507207955
-0.00319653601
0.0446346439
0.0230664046
-0.00377124222
-0.0533643241
-0.0329818407
-0.0313469735
0.0509035933
0.0399645974
0.00900419193
-0.0402819724
0.0173098084
0.0173162239
0.0345745765
0.00606719451
0.0479194578
0.0211190884
0.0390068284
0.00744054541
-0.0316346237
0.0638231938
-0.0369040334
0.0429577444
0.0642587574
0.0144931578
0.0641018273
-0.0294059917
0.017204975
-0.0119929616
0.0253579828
-0.0123295827
0.0419009868
-0.0195641662
0.0146056862
-0.0377358808
0.00265328871
0.027897714
0.00114854831
0.0235569682
-0.00272191396
0.00930756231
-0.029784313
-0.0283811808
0.0252524429
-0.0139803449
0.0118366291
0.0496723396
-0.0119472605
0.0292206527
0.0320555595
0.0332814314
0.0389710926
-0.061053041
0.0641694832
-0.0191615594
0.00764787931
0.026165671
-0.0194846687
0.057628301
-0.0133031263
0.0254408828
0.0532833528
0.0477813895
-0.0373009956
0.0143318164
0.0176414581
-0.0492490814
0.0119070109
0.0574802575
0.0275307908
-0.0182995149
-0.0176938962
0.0528490735
0.0575283069
-0.0113087971
0.0303595279
-0.0379630001
-0.0436129055
0.00314631882
0.0195292186
-0.064074521
-0.0319237988
-0.00280978311
-0.0201255331
-0.0339748122
0.00393912259
-0.0475605435
-0.0548905849
0.0176501501
-0.0362774037
-0.0417829756
-0.0024462615
-0.0571262669
0.0451916471
-0.0349977499
-0.0157190876
-0.00771878225
-0.00630608775
-0.0550317596
-0.0502801418
0.0609173618
-0.0453722916
-0.0257179236
-0.0210652121
-0.0225118058
0.024121649
0.0268332291
-0.00764525159
-0.0485033533
-1.09621732e-05
-0.0238134533
0.0346082091
-0.0642423341
0.016999465
-0.00657307849
-0.0303223983
-0.0335094768
0.0354693132
0.0536759358
0.0361400519
0.0166400779
0.0233379487
0.0373822137
0.0611992716
0.0141921116
-0.0592630372
0.0407889793
-0.0112003553
0.0449548513
0.0221684566
0.00771955057
0.0395375961
0.0116882695
0.0618970484
-0.023462179
-0.0406187989
-0.0354162787
0.0441639378
0.0247889662
-0.00637837546
-0.0144069834
-0.0134064497
0.0240585141
0.0564730698
-0.0115414272
-0.0291542676
-0.0470115631
0.0561652958
0.0246975993
-0.0415601795
0.0300601267
-0.0255514699
-0.0156192645
0.0592564454
0.0160760912
-0.00735973004
0.00433097348
0.0579788684
0.0433145302
0.0116757211
0.0510849684
-0.0607867038
-0.0188222545
-0.0190999624
-0.03079106
-0.00776905605
0.054796396
-0.0290611475
-0.0562341767
-0.0423463663
0.0580437035
-0.00725014313
-0.0518802785
0.0399512027
0.0271089038
-0.0430870426
-0.0300385376
-0.0420001687
0.0449502055
0.0525622257
0.0103790919
-0.0534132035
0.0358500544
-0.013061366
0.0577322508
-0.0480670936
0.00954337562
0.0133604559
-0.0569000667
-0.0295870314
-0.000967924859
-0.0135199182
-0.0563553965
0.0203403005
0.0114588984
-0.025136676
-0.0582639587
0.0100136654
0.0134274548
0.00425679138
0.0010704832
-0.004144393
-0.0123782643
-0.018629311
0.0372444955
-0.0262892413
-0.0148247752
0.0325519269
-0.0421790311
-0.0132987536
-0.00865517974
0.0570899543
0.0474613113
-0.0207422614
-0.0582044244
0.0273927344
-0.0470435734
0.0363729064
-0.0614304468
0.0154530919
0.0293319341
-0.0249114316
0.0419628037
0.0442405728
-0.0183593084
-0.0261921457
-0.0254499916
-0.0374537939
-0.00763603144
0.0176448776
-0.0141848047
-0.0180681776
-0.00844118671
0.0169272688
0.0280770913
-0.0157326983
-0.0465726662
0.0480937682
0.0533366584
0.00361520269
0.0434949491
-0.0422936339
0.0487186753
-0.037283695
0.0364616965
-0.0160730457
-0.0626482602
-0.0564543281
0.00989366846
-0.0304205525
0.0473530169
0.00185848172
-0.0446633229
-0.0142771667
-0.00510397431
0.0216960143
0.00274228073
0.051276274
0.0240333231
0.0132645734
0.0362121553
-0.0166103554
0.0239780331
0.0441608873
0.0330995894
-0.0434560046
0.0546566104
-0.0254254661
0.0224747519
-0.0557973435
0.0298815114
-0.028511347
-0.00631672315
0.0222873664
0.0357452781
-0.0542664102
0.0125577559
-0.0141097706
0.0637530564
0.0142310451
0.0253442322
-0.0584228473
0.0522129971
0.0587484726
-0.00213339702
0.00521148341
-0.0211405257
-0.056738877
-0.0483166513
-0.0175494678
-0.0187243317
-0.0319876693
-0.00861815715
-0.00152498657
-0.0466317673
-0.0570881231
-0.0301553268
0.0507737308
-0.00552407574
0.0485305893
-0.0321029935
-0.0595011087
0.0431816182
0.0333889396
0.0439957671
-0.018432059
0.0235702416
-0.00533932283
-0.0428852898
0.0513595759
0.037352647
-0.0393987912
0.0341970433
0.0411194526
0.033164063
0.0534764699
-0.0221306308
-0.0249907686
0.0160682092
-0.0178781735
-0.0472926537
0.0460322233
-0.0385649843
0.0270844049
0.030673077
-0.0552944997
0.04309721
-0.0133790265
-0.048767311
-0.050503891
-0.00799687729
-0.0287138918
0.0289629383
0.00632998306
0.0629997774
-0.048300394
-0.0125844528
0.0382995395
-0.0366626016
-0.0212034182
0.0467618042
0.0555777198
0.0143779316
0.011486537
-0.00865094318
0.0299420985
-0.00448754
-0.00216158604
-0.023938978
-0.0509860017
0.0641056193
-0.0354296167
-0.0198444859
0.0450530394
0.0027943889
-0.00388514106
-0.0492095323
0.039405408
0.0379479431
0.0421125579
-0.0611038885
0.061264485
0.0479392696
-0.041789685
-0.0630122944
0.00087947815
-0.0641440829
0.0054598646
-0.051545517
0.0262804769
-0.02257994
0.0597602166
0.0489762755
-0.0254927309
0.021249215
0.000440632929
0.0111835223
0.0185397623
-0.0582905428
-0.0433953405
-0.0566250146
-0.0333776518
0.0604895309
-0.00458575595
-0.0478227577
0.0015896242
-0.00751171282
-0.0473349488
0.0401353127
0.0115030951
0.0385669058
-0.0462004467
-0.0175608239
-0.0280578341
-0.0330539414
-0.00501084186
-0.0191989226
0.0540524184
0.0197286403
0.0601156645
-0.0295625673
0.0622347833
0.00819218786
-0.0432562578
0.0162566874
-0.0241695509
0.032981912
0.0429623692
-0.0164990001
0.0582544534
0.0547948148
-0.00512453899
0.0204117337
-0.0241121389
0.0366081898
0.00140562218
0.0180951164
-0.047089953
0.0281732118
-0.038126294
0.0344157791
-0.036068123
0.0347616009
0.0621596619
-0.024172287
0.00639388622
0.052773708
0.00150782285
-0.0273149349
-0.0508732584
-0.0245296838
-0.00543083494
-0.0282069742
-0.0164046331
-0.0143426214
0.0200629097
-0.0616248342
0.0378716196
0.0495191056
-0.00115468678
0.00296675714
0.0356626447
0.0141396914
0.044875429
0.0580952895
-0.0516653335
-0.056022917
0.0378270645
0.0545924151
0.0470813606
0.0160033221
0.015189178
-0.0210997791
-0.0267320366
0.0349428406
-0.0517211723
-0.0078387333
0.0481954171
-0.0462294475
-0.0314643204
0.0534072254
-0.0266028871
-0.0297118403
-0.0356228027
-0.00323164242
-0.00653333332
0.0606599914
0.0544505523
-0.0420033126
0.0263136232
0.021793814
-0.0537817554
0.0570188
-0.00807315182
-0.000701854299
0.0593441093
-0.0437496161
-0.0497066186
0.0553139686
-0.00735604837
-0.0247400582
-0.0503735289
-0.0121087002
0.0218390097
0.0270150448
-0.0111934024
0.037713016
-0.0276861135
0.0583709798
-0.0114775576
-0.0112929069
-0.0130077843
0.0261303637
-0.0330165415
-0.0358780503
0.0487779703
-0.0565473924
0.0250037994
-0.0210197072
-0.0264410708
0.0398204901
-0.0295581997
0.0360981028
-0.00800685109
0.0257428716
-0.0489277994
-0.0256471322
-0.0554429997
-0.0495957807
0.0408637639
-0.0231895388
0.0341395336
-0.0549429842
0.0172743073
0.0171183627
0.0356087721
0.000470738778
0.0163514268
0.0564347858
0.0603904928
0.0436168359
-0.0296426282
-0.0427083025
0.0469996048
0.0442854543
-0.0292247455
0.00056236839
0.036774686
-0.0455814535
0.0274136798
0.040091514
-0.0456580844
-0.0550291126
0.0169510084
0.0375966882
-0.03715909
0.060621974
0.0491960279
-0.0521837805
0.0518120946
0.0529831383
0.021153654
-0.0269622155
-0.00427289386
-0.0610692883
0.0541338641
-0.0525960082
-0.00960700082
0.00238157861
-0.0578937811
0.0531490078
-0.0547203863
0.015863392
-0.0163728731
-0.00363047187
0.0157075507
0.0290180803
-0.0149629219
0.0452575419
-0.0253379823
-0.0602853305
0.00885235964
0.0271467392
0.0429124462
-0.00429210209
0.0253722895
0.0119230283
0.0370604529
-0.0512110508
-0.0149129212
0.0610742705
0.0597954514
0.0506898051
0.0474846086
-0.0432563132
-0.0551873029
-0.0280994713
-0.0158994106
0.04652566
-0.0419696765
0.032639846
0.042498901
0.00105346058
0.0632589939
-0.046347486
0.0308683041
0.0637665433
0.0610919477
-0.0229545078
-0.00536083263
-0.0628520196
-0.0101991064
0.0542549273
-0.0591437801
-0.0219275423
-0.0466098328
-0.0386534492
-0.0168477205
0.0122726069
0.00315716709
0.0274536335
-0.0591389331
-0.000803549714
-0.0246470047
0.0487890162
-0.00384270231
0.00719519079
0.0612521463
-0.0182999101
-0.0352034777
-0.00719999275
-0.0247555917
0.0229919533
-0.00199590037
-0.0502566924
-0.0170932294
-0.0579082084
-0.045659934
0.0290709898
0.0480412108
-0.011936577
0.0609183359
-0.00461275625
0.00875648573
-0.0558252634
-0.0492945744
0.0363001881
0.059491171
0.0372333901
-0.0259722214
0.0443334077
0.0250071579
0.00712335715
-0.0440826325
0.0223516818
-0.0511049392
0.0449823837
0.0138641597
-0.0515396171
-0.0428522749
-0.0156286281
-0.0415689485
-0.0427321725
0.0350769074
-0.0464322163
0.0344169604
-0.0122222583
0.0262488853
-0.0131076676
0.0370104562
0.0170587866
0.0226165639
-0.0104038114
-0.0498112573
-5.53949789e-05
-0.0226518904
-0.0530506372
-0.00381060222
0.00833335773
-0.0289793836
0.0585933457
0.00519662679
-0.0584923719
-0.00396912927
-0.0117743668
0.0565673453
0.0175304834
0.0599905934
0.0277109518
-0.0383708793
0.0507394423
-0.0282357105
0.0390312862
-0.0419973607
0.0249789103
-0.0344047611
-0.0377011107
0.00234525716
0.0109346674
-0.0138519886
0.0353910239
-0.0521418691
-0.0589895231
-0.0399313357
-0.0301741288
0.017737966
-0.0623028207
-0.0178712169
-0.0065440287
0.006341943
0.0519633912
-0.0112233198
0.0608607368
-0.0627400058
-0.0619013486
0.0551784754
0.0070302366
0.0537421108
0.0424554604
0.0148565038
-0.0479504909
-0.0533428117
0.0145389768
-0.053098264
-0.025557015
-0.0296430507
-0.0311879692
0.0325111016
0.0350393231
-0.0269367926
-0.031857665
0.0600146504
-0.0346666394
-0.0237948016
0.0638810003
0.0621496036
0.0184614592
-0.0141083662
-0.0583074373
0.0327017447
0.0338504268
0.0255546203
-0.035382784
0.042188083
-0.0484630344
-0.0471949957
-0.0280601823
0.0135677986
0.00727721034
0.0313016641
0.0123790337
-0.0136370451
0.0241950382
0.0105575062
0.0493206403
-0.0606911249
-0.0450076782
0.0464103931
-0.0126676311
-0.041689019
0.0617843661
-0.0444584775
0.0398470216
-0.00767794773
0.0468421375
0.0366083607
-0.0128033671
0.0179332492
-0.0597843695
0.0575537421
0.00135825848
-0.0139972881
-0.0282121046
0.0460645652
-0.0591107463
0.0326570805
0.000247721512
-0.0380744792
-0.0271160127
-0.0421578642
-0.0281630209
0.0395879391
-0.0538936739
-0.0108650707
-0.0565193892
-0.0259890256
-0.0164390043
0.0211069807
-0.0556633329
-0.0340316167
0.0307318508
-0.0198969913
0.0231153127
0.0450253136
0.0365909817
-0.0373750782
-0.016142303
-0.0288952624
-0.00237304985
0.0182072042
-0.0383272776
0.046515559
-0.0458582685
0.0106800473
0.00611765834
-0.0277528115
-0.0204215171
0.028397437
-0.0275487319
0.011067705
0.0363446218
0.00149139492
0.046689992
-0.0165948617
0.0309279955
0.0576615231
0.0452110886
-0.0127595387
0.0488499088
-0.0175028406
0.0348505592
-0.06315217
-0.0614426078
-0.0200775586
-0.0392223972
0.0514476215
0.00164437793
0.0176529884
0.0211792981
-0.063657781
0.0352550586
-0.0100176218
-0.0594389546
-0.0642958892
-0.0621385503
-0.00916903672
-0.0369884211
-0.0445613755
-0.063843789
0.058936393
0.00383859223
-0.0155700776
0.0433820421
0.0129485202
0.037289581
-0.0300278305
0.0533445888
-0.04600088
-0.0390680229
-0.00464485919
0.0221560289
0.057549457
0.0107436685
0.0342661255
-0.0207019134
-0.0526402848
0.0627127306
-0.0327459501
0.0144425369
0.0334722094
-0.00212770531
-0.0331556926
-0.0572622599
-0.0330219945
0.0018944978
-0.0629583611
-0.0538643036
0.0503916913
0.0516405741
-0.0324879885
-0.0337448807
-0.0172383051
0.0477057646
0.00219712832
0.00511964587
0.0185884658
0.00167573992
-0.012748299
0.0422340377
-0.0180400844
-0.0521028188
0.0231392737
-0.0568903591
0.0184436818
0.0638003886
0.0156625799
-0.0623997616
0.0345210089
-0.0526893458
-0.00210108822
0.0229721434
-0.0259682115
-0.0470770564
-0.0100448769
-0.043643056
0.0234506593
-0.0260155293
-0.0637492069
-0.0329632727
0.00288491153
-0.0108338774
0.0415621943
0.047962322
-0.00766935223
0.0346714312
0.00576417495
0.0142841413
-0.0215319669
0.0365387668
-0.0172957476
0.0241280576
-0.00554611185
0.0214176275
-0.00172602259
0.0591238551
0.0542887291
0.0213056697
0.0178058577
0.00769717523
0.0111076243
0.00129305269
-0.0258185791
0.00127412691
-0.0302444654
-0.0223524596
0.0605356486
-0.012681134
-0.00248925272
0.00399225058
0.0261397042
0.0413907738
0.00345031972
0.0620224135
-0.0109762559
0.0453694102
0.0217891413
-0.058867841
-0.0563783693
0.000812907372
-0.0197177586
0.0262770707
0.0457232881
0.036258268
0.0290658111
0.0107306904
-0.0199127272
0.0290634728
-0.0293572114
-0.0558448941
0.0132333729
-0.0173129263
0.0323906273
-0.0577915839
-0.0418844236
0.00807830297
-0.0130236472
0.0297284954
0.0188179432
-0.0307930076
-0.0533758404
0.0188753931
-0.0357072289
-0.00125558688
0.0458664882
0.0270229349
0.0191727362
-0.0139550298
0.0145588577
-0.019827718
-0.0204697987
0.0261847567
-0.000449500405
-0.0177088586
-0.0253490366
-0.0578867703
0.0445763157
-0.0186443043
0.0615486967
0.040845055
-0.03946412
0.030904285
-0.0613238368
-0.00672323099
0.0577850039
0.0372288177
0.000910818172
-0.0135672997
-0.0376360633
-0.01211568
0.0557210884
0.035339614
0.0622127555
0.00178455902
0.0581264422
0.0252970297
0.000274720909
0.0593131503
0.0587915858
0.0305030188
-0.0118229979
0.0158627576
0.0499932135
-0.0317437159
-0.0399326389
-0.0416564605
0.000611984431
-0.041731025
-0.0317397476
0.00540331111
0.0513005212
-0.0387149896
-0.0620064691
0.00151163453
-0.0459018666
0.0538852374
-0.0543581899
-0.0282234922
0.0161144753
0.00793033805
0.0325115169
-0.00489421583
-0.00448508548
-0.0221402799
-0.0478219285
0.0569831926
0.019115568
-0.0283881434
0.0568420095
-0.032357214
-0.0584889273
-0.0558652062
-0.0486857315
-0.0473291131
0.057813664
-0.0319286954
0.0578896852
0.0286470335
0.0333956608
-0.00138821838
-0.0617059777
0.0595018643
0.0550416389
0.0185062324
0.0537933957
0.0470464676
0.00266169903
-0.0426780378
0.013354497
-0.00203611945
-0.0241279306
-0.0400102577
-0.019537877
0.0258991452
-0.0314306873
0.01868928
0.0026503644
-0.0632185593
0.00420019252
-0.0510979276
-0.0408075455
-0.0608117695
-0.044371411
0.0317048545
0.00418218329
0.0417369438
0.0570806271
-0.0362302133
0.0578225605
0.0144343939
0.0638728604
-0.049576516
-0.0388357018
-0.0303269468
0.0413136427
-0.0209107336
-0.0162267984
-0.0102003948
-0.027325008
0.0204043535
-0.0597500709
-0.0343317049
-0.0405473271
0.00480681184
-0.0297103746
0.0387055538
0.0441238605
0.0600113427
-0.012498295
0.0162631137
-0.015133246
-0.0105195882
0.0175125204
-0.0155801653
-0.0629088457
0.0578612991
-0.060589825
0.0119312583
-0.0006005373
-0.035653681
-0.05046697
0.0271276018
0.0448029024
0.0203638487
0.0539105966
0.0546427687
0.0393133139
0.0607835783
-0.0152992027
-0.020459645
0.0246265336
-0.00339197798
-0.00259473183
-0.0341429563
0.0547977599
-0.0253561763
-0.0279703639
-0.0533156896
0.0462818031
0.060471455
-0.0181645676
-0.0516390589
-0.0184212481
0.030642571
0.0170119088
0.0589376556
-0.000692269292
0.00341678603
-0.033225941
0.0313736524
0.0424647239
-0.0556162679
0.0233727591
-0.0155910667
-0.00201195844
-0.0636853445
-0.0363832985
-0.00635567571
0.045327045
0.0310847371
0.0404075254
0.0384045629
0.0575976095
0.00333390687
-0.00960812914
0.00646859577
-0.0423881661
-0.0244724689
0.0515319797
0.0238904905
-0.0535128063
-0.0215552727
-0.0389407486
-0.0336763232
-0.0195117226
0.0259898728
-0.00254612098
0.0632623205
0.0616462181
-0.0311219053
-0.0252791486
-0.00301927347
-0.0182145328
0.032016422
0.0626784034
-0.00745587571
0.0323258518
0.00307721882
-0.0582586557
0.0477324095
0.0301411121
0.00519080525
-0.0357675038
0.0285920319
-0.0168814265
-0.0376269816
0.0373081261
-0.0427736746
0.0258126523
0.0201746479
0.0214616689
0.00659717314
0.0180271383
0.0504017999
-0.0191329475
0.059194906
0.0435350056
-0.0454932624
0.0271479359
-0.0395919201
-0.0207402683
0.0294855687
0.0643246407
-0.0618046932
-0.0174306322
-0.00165826154
-0.00123460784
0.00253525757
0.0121855564
-0.0423763669
0.0522391216
-0.0482968256
0.0178106336
-0.0496340064
-0.0356287807
0.0239697181
-0.0472449284
0.020024629
0.0416334452
-0.0304946251
-0.0247129793
-0.0118551074
0.0452612039
0.0615347588
-0.0296255775
0.00357140356
-0.058241663
0.0237517407
0.0185888578
0.0150821009
0.0371131441
-0.0455978402
0.0284946822
-0.0327988213
0.0134500766
0.0266411465
0.0223733321
-0.0297884056
-0.0116364581
-0.000261811584
-0.0280572617
0.0192414586
-0.0322209468
0.0573882277
-0.010884117
-0.0468497265
0.0621673982
0.00812759221
-0.00717104827
-0.0620487503
0.0446989053
0.058998534
0.0377306636
-0.0208888253
0.00190750072
-0.0309708508
-0.0427521003
-0.0584589617
-0.0462128783
0.0246998113
-0.0367200746
-0.0402947701
-0.0226324641
-0.0115548061
-0.0351143484
-0.0388030619
0.0606174987
-0.0276564961
-0.020282285
-0.0443240004
0.00237992706
0.0365369197
-0.0134910079
0.033009355
-0.0567998879
-0.0487635792
0.0386042694
-0.0201707444
-0.0076795413
0.00209701149
0.0567720666
-0.0414244993
0.0069113515
0.0501660255
0.024893006
0.0468377455
0.0468513052
0.0221402945
-0.0531063373
0.0538710488
-0.0166756589
-0.0330426677
0.00228924296
-0.0584823634
-0.050732818
-0.00567199619
-0.0121291548
-0.00778588274
-0.00897675157
0.0418299556
-0.0462794957
0.022207369
0.0284048753
0.0417530526
0.00015887521
-0.0421419913
0.0309942786
0.0382128813
-0.0619406273
0.0413222733
0.0475634163
-0.0481444264
-0.0287592095
-0.000404187611
0.0139506632
0.0505158173
-0.0280581574
-0.0542891692
-0.0494911237
0.00662811156
-0.0412869951
0.0192745419
-0.0180839452
-0.0165728319
-0.011467692
-0.0122403445
0.0569925486
0.0168153646
0.0164430898
0.0330038591
0.0619917472
0.0395423465
-0.00935349303
0.0175631246
-0.0454433979
0.0551938911
-0.0395713893
-0.0605341432
0.0528763555
-0.0589183346
0.0483584147
-0.0412264022
0.0275787784
0.00989158567
-0.0166077251
0.018252825
-0.0376605841
-0.0584927913
-0.0264429483
0.00974002576
0.000766062621
0.0583181943
0.01236921
0.00526338695
-0.0499870354
-0.0541166628
0.0244373056
0.0464899452
0.00691877267
-0.039268629
-0.042507116
-0.0379181042
-0.0194532147
0.00665971931
-0.00451595844
-0.0631452571
0.0412429012
0.0250602665
-0.0166694392
0.0501258038
0.035895476
4.50735069e-05
-0.0415119042
0.061572154
0.0234614951
0.00195551748
-0.00971048356
-0.0146785944
-0.00661812708
-0.0592884028
-0.036875155
0.0588115661
-0.0545425719
0.0143089113
-0.0218563281
0.0625520531
0.0341483266
0.0472335253
0.0505342166
0.0263336326
-0.0204591247
0.0563762462
0.00483324964
0.0381893278
-0.00642738788
0.00821417879
0.0118628099
0.0440988614
0.0412308727
0.0549530483
-0.0181640014
-0.0481891343
-0.0231012538
-0.0502445122
0.011617803
-0.0617997493
-0.0214102002
0.0256053702
0.011754275
0.0225471701
-0.0360169545
0.0465606207
-0.0587182612
0.0287244033
0.0106588647
0.0142923183
-0.046148589
0.0420312686
-0.0287011721
0.0073777429
-0.0126681189
-0.0440836298
-0.0179520568
0.0507259036
-0.0480356557
-0.0136113365
0.0594017389
-0.0285951066
-0.00191863561
0.0378996525
-0.0530951443
0.025270748
0.0598741187
-0.00829570748
0.0156677686
0.0197415313
0.0217727617
-0.0164707881
0.0175814572
-0.00989587005
-0.0403996204
-0.0620635181
0.0318672789
0.00659252073
0.0401689505
-0.0351125718
0.0322181267
0.000578904296
-0.0189910736
0.0356355092
-0.00864904066
-0.0245284451
0.037496811
-0.0405698127
0.0548503777
0.00760500286
-0.0160356979
-0.0537248435
-0.005990798
0.0403025185
-0.0372267436
0.0388779462
-0.0594727082
-0.0125832415
0.0400580866
0.0219395301
-0.0168037655
-0.0591561964
0.0596644108
0.0440131261
0.0449606922
0.0375284723
-0.0399993978
-0.0555436412
-0.023618132
-0.0146972653
0.020180045
0.0129079378
0.013015133
0.037535672
0.0233646131
0.0566584265
-0.0159058444
-0.0605310848
-0.0171921769
-0.0589054878
-0.063075439
0.0391163906
-0.024138417
0.02088403
0.0394581423
-0.00975739879
0.0315772898
-0.0373080825
-0.0380410211
-0.0525032652
-0.0166992099
0.035636459
0.0341549863
0.0214261064
0.0357218314
0.0138134643
-0.00689861259
-0.0425616705
-0.044151501
0.0170283416
-0.0288147019
-0.0480468331
-0.0547899166
-0.00559824285
-0.0354037578
-0.0144097545
-0.0627814602
-0.0595963909
-0.015345512
0.0637826637
-0.0310590007
0.00978156549
0.0135529844
-0.0181655683
-0.0201162509
0.0246967724
-0.0114224736
-0.0273611254
-0.0132818178
-0.000432484317
-0.0583208565
0.0387565385
0.0443615656
-0.0172269593
0.0206042887
-0.0565261938
-0.0172997815
-0.038464062
0.0266497389
-0.0636438453
0.0449492178
-0.0448865316
-0.0310578929
-0.0406614667
-0.023676041
-0.0170254916
-0.0268773771
-0.0476033568
0.00123950964
-0.0133142068
-0.0339642388
0.0362769369
0.056396193
0.0280555111
-0.0313477573
0.0284291772
-0.021598947
-0.00609647373
-0.0197772035
-0.0361218676
0.0623206871
0.0272061437
-0.038037468
-0.0493354747
0.0010395668
0.0219738424
0.0206210102
0.0134785462
0.0232642529
0.0606553047
0.0421908116
-0.0635110909
-0.0072834235
0.0160587266
0.0626406594
-0.0396382211
0.0167426367
-0.0114154079
0.047736527
0.0212433064
0.0291622951
0.0244310891
0.0245734733
0.042168319
0.0368434565
0.0126726886
-0.047391096
-0.0436084299
0.0141970067
0.0248205485
-0.0642130873
-0.0272663032
0.0152383782
0.00532777248
0.0158650455
-0.0523140964
0.0171198553
-0.0447357284
0.0584673174
-0.00921479299
-0.0597268658
-0.0293378562
-0.000642662644
-0.000192103317
0.0246755256
0.0347977633
0.0478804669
0.0238333618
-0.0496776162
-0.0637726622
0.0638777106
-0.0600784427
-0.0471474215
0.0225363355
0.0481219859
-0.0570952722
0.0230173779
0.0146027127
-0.0453880368
0.0562138115
-0.0161284102
0.00530177677
-0.0279850646
-0.0397095249
-0.00167051546
-0.016856781
0.0156204765
0.0412344329
-0.0472736721
0.0188922973
-0.0396830682
0.040781797
-0.0455838593
0.0458659394
0.019383956
0.0495333944
-0.0214225412
0.0542621085
0.0483357272
-0.0416462285
0.0507827212
0.0350463443
0.0116651854
-0.0530151484
0.0600930146
0.00735422028
0.0641206263
0.00543649811
-0.0440181427
0.0368024702
-0.0297330959
0.0294984113
0.0053253009
-0.055882395
0.0431101596
-0.0269843423
0.0372520999
-0.0325121185
0.0605782587
-0.043635246
0.000683104721
0.00896210336
-0.0430378667
0.00475096007
-0.0134985729
0.0582214055
-0.0252398594
-0.031690231
0.0584494437
-0.0318016394
0.0571772551
-0.011591642
-0.0606229544
-0.0382576352
0.0478290352
-0.0226860279
0.0275417023
0.0157805789
-0.0595429129
0.0562510107
-0.0632473093
0.00893990072
-0.0172441655
0.0371286442
-0.0263505115
0.019438517
-0.0394393776
0.06399023
0.0271287121
-0.054424705
0.00923205375
-0.0418992687
0.036792971
-0.0438193324
0.0584734722
0.0597309853
0.0238359073
0.016887945
-0.0491589756
-0.0373540642
0.0573469335
0.0273252162
-0.00860650869
-0.0191370368
0.0296001292
-0.0377192074
-0.0099410669
0.0576384286
0.0285547884
-0.0631277345
0.0271235492
-0.0098954067
0.0369002177
0.0316806026
-0.0378903591
0.0314404297
0.0135261788
0.0361352735
0.00882709955
0.0201930485
0.0522984531
-0.0233623231
-0.0150076712
-0.0420760418
0.00911181076
0.057651016
0.0515350327
0.063636306
0.0519539925
-0.00861309503
-0.0578704391
-0.0151927133
0.0441097509
-0.0310216943
0.0525732572
-0.0445411912
-0.0418591674
0.024886333
-0.00288340014
-0.00575808832
0.0634490372
-0.0158542047
0.0256582958
0.0379722601
0.0553174506
0.0461105649
-0.0237226396
0.0620575825
-0.0367617339
-0.0152813159
-0.0390401625
0.0476925093
-0.0336207123
0.0422284711
-0.0057591153
-0.0283594034
0.0407240574
0.0612471817
0.0127256695
0.0449879722
-0.0447072679
0.0507464563
0.0356369394
-0.000164361856
-0.0623530989
-0.0580360749
-0.0159035736
0.0558908714
-0.0533134007
0.00612915523
0.0546292362
0.0218207863
-0.05011695
0.0460538197
0.0429603969
-0.0570310236
-0.0421508567
0.0221562079
-0.0067935886
-0.00535098879
-0.0555403966
-0.00691839635
-0.0460183431
0.0548056338
-0.0503800175
0.0165911317
-0.02768134
0.00272057399
0.0483107067
-0.0127931001
-0.0426007165
0.0217704125
0.0392144581
-0.0429304601
0.00276524734
0.0410603041
0.0241774376
0.00568769704
0.0251787932
0.0384900362
0.0545017592
0.0123846477
0.0299360999
-0.0188595409
0.035227203
-0.00626162008
-0.0173367491
-0.0187993411
0.00612044966
-0.0293749997
0.0135273246
0.0293092324
-0.0291776222
-0.0523693637
0.0244663309
0.0517516216
0.0298869773
-0.0196669988
-0.0633639274
-0.0101455098
-0.059354898
-0.0311367286
-0.0443494001
0.0204165904
-0.000941817229
0.0349350343
0.0543923582
-0.0104515643
-0.0532470893
-0.0392930705
0.035336625
-0.0624096697
-0.0480529005
-0.0415305069
-0.0585403415
-0.030238216
0.0166349015
-0.0303055491
0.0218588638
-0.0162236927
-0.024154436
0.064243151
0.0628199997
0.0537152445
-0.0171655372
-0.0177721721
0.023480818
0.023906608
0.0136292816
-0.004749151
0.0266899558
0.0457154216
-0.0464775336
0.0400883955
0.053170151
-0.038748586
-0.0396646137
0.0356654888
-0.047989097
-0.0284572991
-0.0455032948
-0.0282648059
-0.0545659531
0.0237774785
0.0560693887
-0.0546909143
0.0548389117
-0.0442014639
-0.0339643584
0.00277628404
-0.030754778
-0.059062725
-0.0381791326
0.00716316469
0.0229295352
0.0226934478
-0.0233467382
-0.054512879
-0.0512242673
-0.0365529162
-0.0233350428
-0.0136087296
-0.0439942114
-0.0416571829
-0.0185694078
-0.030737951
-0.00448163764
-0.0547727244
0.0239325886
-0.00679884701
-0.0633097849
-0.0386090313
0.0570928698
-0.0244629022
-0.00908256328
-0.014508222
0.0359113786
-0.0150457725
0.011192379
0.0202489567
0.0366757107
-0.0327335113
-0.0379209824
0.00963751415
0.00699475783
0.0325681781
0.0161858396
-0.063444007
0.0448119136
0.0288158401
0.050430139
0.061226605
0.0584692823
-0.0342499237
0.0158349448
-0.028404182
0.0322393566
-0.0361722032
0.0602691056
-0.00536635496
0.051229565
0.050247454
-0.0505265042
0.0643267346
-0.0511635095
0.0584900664
-0.0367676613
-0.0217173479
-0.0340711137
0.0176821974
0.00917322797
-0.0570567332
-0.0383683548
-0.00186682403
0.031705957
-0.0457040366
0.0234749345
0.00761924327
0.0516326549
-0.0348122455
0.0335620123
0.048047136
-0.0224037546
0.00422470841
-0.0233101311
0.0159400972
-0.0598666539
0.0175329563
0.0294314607
-0.05826132
0.0450847552
0.0633792001
0.0429101879
-0.0410840062
-0.0569169112
0.0621323233
0.00924689349
-0.0399475971
-0.000649199796
-0.0264615464
0.0286021148
-0.0521471308
-0.0415787655
-0.0615372163
-0.024196301
0.0327045595
0.0368054865
-0.022941788
-0.00297098527
0.0378335625
-0.0522021068
-0.0571807959
-0.0116710315
0.0382825495
-0.0567494167
0.0501594015
-0.0377680862
-0.0565472417
0.0183490654
-0.038707025
-0.0536304706
0.0263611752
0.000413262153
-0.0641116511
-0.022997745
0.0270950827
-0.0494289719
0.0545853782
-0.031408353
0.0153273323
0.0633709112
0.044614478
-0.00382283999
0.0245040975
0.006157251
-0.0480365617
0.0117499403
0.0107444838
0.0317401486
-0.0309790193
-0.0229457679
-0.035958912
0.0580975931
0.0359584398
0.002048582
-0.000887847033
-0.0346839553
-0.0622898518
0.0347584385
0.0311962405
-0.0615383472
0.0220751788
0.048315136
-0.0601394806
0.0235970151
0.0266537833
0.0234680511
-0.040755436
0.0355841378
-0.0294779951
-0.0310959102
-0.0558814788
0.0428803379
-0.0446317305
0.0239263048
-0.0502505233
-0.0456942561
-0.00610146761
0.0388851595
-0.0497019459
-0.0628803672
0.0275136748
-0.0474788436
0.0209982564
0.0429668774
-0.0218308812
0.0630137299
-0.0396910823
-0.0456898618
0.0472659581
-0.0431980391
-0.0642772018
-0.0576869515
0.0261136119
0.0369673884
-0.0514598721
-0.0523261022
-0.00801508064
-0.00458131284
-0.0538344908
-0.0496961453
0.0102720257
-0.0405971067
0.00324751014
0.0633209676
0.00475733962
0.0166286187
-0.00676915553
0.0273627307
0.0308123816
-0.0181146841
-0.0594818994
0.0219154792
-0.0378878971
0.0125797227
0.0317413907
-0.00542158716
-0.00280471523
0.0510008822
0.0408938474
-0.00874192473
0.0166609479
-0.0421738114
-0.0589002526
-0.00992476045
-0.0605011111
-0.0526462079
2.71060528e-05
-0.0492371273
-0.0610527136
-0.00846054307
0.0561749916
0.0318411301
0.0497854364
-0.0500054207
0.0396822491
0.0286900011
-0.0613857739
0.00766066288
-0.0130340986
-0.0619582014
0.0513976218
-0.0154983632
-0.0105744615
-0.019185544
-0.0450820309
0.0357108375
-0.0548154982
0.050372164
0.0318665294
-0.0392614191
0.0365610593
0.00740074974
0.0194756589
0.00971771082
-0.00127196031
0.0571254074
0.0190657427
-0.0321368839
0.0349249911
0.059751887
0.044131837
-0.045391228
0.00628885951
-0.00481798601
0.0640270291
-0.0131864915
-0.0502648269
-0.000704498112
0.0352560535
-0.00295239643
0.0153074344
0.014175889
0.0373597427
-0.00534894248
0.0328870097
0.056274894
-0.0342519096
0.0459673524
0.054352976
0.0405104286
0.0461799509
0.0213283399
0.0244928815
-0.0535627496
-0.0436674129
-0.0244826603
-0.0546494087
0.0381906787
-0.0427394188
8.00725128e-05
0.0174014136
-0.0451180312
-0.0462292465
-0.0222656125
0.0326215231
0.00062123961
-0.01385951
-0.00945631287
0.0383586196
-0.0180410689
-0.00917197198
-0.0566851511
-0.0442401107
0.0491568034
0.0214811571
-0.0468102008
0.0268432674
-0.0552597577
0.0629447844
0.0502405635
0.0343534694
-0.0215608719
-0.0382635445
0.015058825
0.00218457797
-0.0610168473
0.00233037808
-0.0412961138
0.0156159446
-0.0265443837
0.0224878772
-0.0483144032
-0.0372639042
-0.058508146
-0.0118885053
0.00276302661
0.0408455291
-0.0196436427
0.0304206735
-0.00601064745
0.038207891
-0.0389845805
0.0603550455
0.0427886935
-0.00281311905
-0.0422412744
-0.0353695946
-0.0117153584
-0.037116997
-0.0490123922
-0.00691922946
-0.0572267178
0.0341359838
-0.0051565136
0.0215827222
-0.0455835645
-0.0353318686
-0.0424244951
0.00601282168
-0.0238086355
0.0141298723
0.034352767
-0.0487323798
0.05777341
-0.0109992605
-0.0524702987
0.0276354345
-0.0133014803
0.0320839791
-0.00303257586
-0.053205452
-0.0282914881
-0.0125085476
0.00418810653
0.0315851087
-0.0275473614
0.0530480155
-0.0353266926
0.0172827868
0.0480101361
0.0331123421
-0.0405636813
-0.000922334831
-0.0365311313
0.0445510495
-0.0357296592
-0.0160888824
-0.032389209
0.0451964179
0.0230641679
-0.0393537121
-0.0384478847
0.0568266244
0.00218635801
-0.0169607155
0.0546073337
0.0246747305
0.0216905257
-0.021345973
0.0520375465
-0.0553262601
0.00835661745
0.0248562679
-0.0292403089
-0.000319741735
0.0206569668
0.0321234315
-0.0163797875
0.0617645457
-0.00618537647
0.045749162
0.017852387
-0.0090001663
-0.0558808331
-0.0413449412
-0.0603265539
-0.057931057
0.0452217449
0.0127402144
-0.0501761891
0.0256038383
-0.000822197436
-0.0152854537
0.039453048
-0.0451226198
0.0553764375
0.020251135
-0.0533971224
0.0376747619
0.00847200143
-0.0264797262
0.0390937774
0.0482806501
-0.0365880306
-0.0279117017
-0.0228564686
0.0595477205
-0.0388213312
-0.000510484382
-0.048326354
-0.0566013642
-0.0641224398
-0.0485661071
-0.0247233965
0.0271250704
-0.0311953468
0.0147734614
-0.00826087906
0.0307850077
-0.0540363466
-0.0262053046
-0.000556948548
-0.0354500858
-0.0377534567
0.0610268019
-0.0191783498
0.0381384313
-0.0122927472
0.00841108118
-0.0426325941
-0.0455669096
0.004680309
-0.000322068659
0.0569466918
-0.00530471023
0.0127946075
0.032849015
-0.0244860334
0.0069132265
-0.0498114985
0.0271016002
0.0329198004
-0.0338133389
0.0495783081
-0.0515596059
0.0378021786
-0.0496134186
-0.0413794296
0.0533127605
-0.054169983
-0.00802825015
0.0370452557
0.048818998
-0.0560303511
-0.0528876326
-0.0478396256
-0.029673193
-0.0596732466
-0.0416395547
0.0294066638
0.00260514768
-0.0321436475
0.0552414256
0.0255014388
-0.0517799621
0.0381877014
-0.0339615391
-0.00263862405
0.0546772179
0.0472584226
-0.00588364548
-0.00977457518
-0.001185913
0.0563512282
-0.0431028996
0.0377272558
-0.0418456773
0.0500015127
0.0395273975
-0.056250104
-0.0436803929
0.0282337778
-0.013365502
0.0505765093
-0.00441020943
-0.0170491351
-0.0490245225
-0.04702568
-0.0369285953
-0.041541662
0.048715937
-0.0642046305
0.020925159
-0.0239462141
-0.0102380599
0.0368039209
-0.0493700245
0.0638109621
-0.0244589973
-0.0548670482
-0.011136901
0.0468427655
0.0298925199
0.0404302042
0.00295129824
0.0500549943
-0.00668958909
0.0415773792
-0.053711226
-0.0119508618
0.0430528326
-0.032512932
-0.0292926457
0.00761490366
0.0594165048
-0.052374619
-0.0444205261
-0.0101708673
0.00988101411
0.0558218059
0.00412194373
-0.0376463762
0.0560023391
0.0228215982
0.0276533648
0.0234925665
-0.0183009322
-0.060231154
-0.0234297078
0.0480362182
-0.0104867042
-0.0400504851
0.0588533535
0.0500859062
0.0257098531
-0.00678214885
-0.0089431428
-0.0231822723
-0.000364859212
0.0394780342
-0.0429377552
0.0391493416
-0.0601889778
0.0105166916
0.0492697211
-0.00992475866
0.0570286298
0.0159881574
-0.0288272967
-0.0113277427
0.0534076636
0.0440467608
-0.02970508
-0.0191756197
0.021393581
-0.0258438352
-0.0389313619
-0.0365365436
0.0345479046
-0.0211475595
-0.00283892601
-0.0617065712
-0.0386324222
-0.0268536237
-0.0406226048
-0.0365584327
-0.0189754135
0.036192114
0.0636576389
-0.00890948696
-0.0122506855
0.0570512045
0.0383270514
-0.0218195748
-0.0483101086
-0.0526220875
-0.0185977596
-0.0294313739
0.0629915355
0.00577226807
-0.0583620085
-0.0289140014
0.0304878775
-0.0310138811
-0.011784223
0.01925851
-0.00779660629
0.0412210819
0.0229641476
-0.0292548577
0.0532095699
-0.0470195205
0.0567558997
0.0289536986
-0.0418756835
0.0311879155
0.000443931383
0.0569092313
0.0185606172
-0.0056316611
-0.0264511976
-0.0595023115
-0.0423927042
-0.0566809479
-0.0404699798
-0.0297714982
-0.0516756674
-0.0522316947
0.0152868464
0.0284564481
0.0129950801
0.0210001078
-0.0393830339
0.0477624047
0.0450254119
0.0531048972
0.0391588212
0.0589502771
0.0527975295
-0.0377002662
0.0425888937
-0.0410821366
-0.0422055765
0.0493275346
-0.0149857023
-0.0231839293
-0.0244664422
-0.00472983732
-0.0115626504
0.0211008245
0.0217456373
-0.0310700779
-0.0179932992
-0.0259198965
-0.0531798667
0.0452681986
-0.0226570396
0.0216452154
0.00494534454
-0.0376426361
-0.0433345428
-0.00151372556
0.053373685
-0.0229813487
0.0106533463
0.0106230673
0.0569111337
0.0167741296
0.0273298118
0.0197065809
0.0138109869
0.0583299855
0.03576002
-0.0567185425
-0.0132666374
-0.00998805656
0.047493159
-0.0101005737
0.00329046845
0.0623089118
-0.0517986223
-0.0598517471
-0.0247327631
-0.000757000726
-0.0353378966
-0.0223049615
-0.053689783
0.062316821
0.0587394942
0.0315496944
0.0243304301
-0.0589206714
0.0557708727
0.0523838908
-0.0309584057
-0.058327775
0.0138441116
-0.0368994373
0.00343760493
-0.0186368348
0.00807783932
0.044814772
0.050874685
0.0252988407
0.043002595
0.0289535455
-0.0280712736
-0.00769618826
-0.0478466332
-0.0481439815
0.0302099395
-0.0183017219
-0.0393269549
-0.0555462393
-0.0497491122
0.0282173598
-0.0518755436
0.0554242384
-0.0035028532
0.0354436414
0.0478047122
-0.0266886468
0.0388468878
-0.00238902195
-0.0370132186
-0.026983915
0.0281223761
-0.0390935666
-0.0382994428
-0.0541784109
-0.0384502253
0.0128196913
-0.00921347595
-0.0552711753
0.0605625067
0.0459220118
-0.042068096
-0.00911661082
-0.0143686199
-0.00854828929
0.054475973
-0.0212551181
-0.017610911
-0.0631047289
-0.0409270008
-0.0203974556
-0.00116673165
-0.0143320784
-0.0596630167
-0.0450516657
0.0134738289
-0.0620049298
0.000990069666
0.0197498069
0.0450695498
-0.0594122847
0.000766747909
0.0553289138
-0.0602097034
0.00907627733
-0.0591203454
-0.0188994632
0.029333066
-0.0115897396
-0.0505964248
-0.00973726507
0.00484317921
-0.0169483941
-0.0269531989
-0.00729483145
0.0302656652
-0.0508590184
-0.0550880953
-0.00473883815
-0.0505038231
-0.0411175905
0.040702504
0.0217961761
-0.0342568307
0.00834099067
-0.0316487719
-0.0564166765
-0.0166634978
0.0386760982
-0.0466562232
-0.0550596245
0.051308363
0.0149768535
0.0101111307
-0.00988053866
0.0134867982
0.00671037801
-0.028348336
-0.023773446
0.000599910705
0.00839273188
0.0586024319
-0.00222975742
0.0577530789
-0.0270080665
0.0511620018
-0.0187117451
0.0405995468
0.0382256771
0.0246500674
-0.0100627254
0.0512253742
-0.00378167041
0.0332238772
0.0586876189
0.00763281721
0.046622141
0.0303167428
0.0449346526
0.0168381858
0.0172056316
0.0502549882
0.0458021481
0.0463265226
-0.0508277773
0.0227356689
-0.0609063198
-0.0023178029
-0.0406448823
-0.0398231261
0.0588100396
-0.0594809969
0.0181594982
-0.00949975757
-0.0615796541
-0.0155464556
-0.0133733712
-0.0127332145
-0.00363195741
0.0149401432
-0.0175372172
0.0110656376
-0.0118515384
-0.0519972124
-0.0333662079
-0.0372269387
-0.0202971004
0.0119497153
-0.00549228858
0.0394342586
-0.0621267582
0.0590484069
-0.0493178712
0.028077422
0.0624787167
0.0158491366
-0.0614536134
-0.0624023151
0.0531187404
0.0408461511
-0.0580257749
-0.0309140455
-0.0511086716
-0.0370743111
0.0489735077
-0.0448694268
-0.0361280048
0.0617156452
0.0558019235
0.0513850755
-0.00259067674
-0.0263373599
-0.0308427065
0.0614750945
-0.0435961346
-0.0189789092
-0.045181186
0.00499545286
-0.0594699648
0.00185418127
0.0493480647
0.0123070155
-0.0364239134
0.0527581695
0.0407574241
0.0347013842
-0.00287220415
-0.0142647722
-0.0317758796
0.00239853744
-0.00051223991
-0.0144237155
0.0369385118
0.0320131963
0.0337293029
0.0100922189
0.00779697713
0.0238234129
-0.026241002
0.00248347907
-0.0447532981
0.0270961724
0.00359080974
0.0245057268
-0.0579304039
0.0490571031
-0.0531993434
-0.0129690052
0.0617052549
-0.0353456401
0.060858438
-0.0550235246
0.0513776027
0.0330719258
-0.0114131011
-0.00720266784
-0.0280082815
-0.0285715302
0.0349057941
0.0561398851
-0.0448544474
-0.0251081285
0.0272332537
0.055697283
0.00220978374
-0.061601572
-0.0463470803
0.0204826253
0.0114398261
0.0281585528
0.0558579453
0.0551509968
-0.00789895148
0.064135279
0.0275440345
0.0481990173
0.0591867861
-0.0305624867
0.0291689091
-0.0310108366
-0.0437596448
0.0122610436
-0.0200712436
-0.0126055796
-0.0551046173
-0.0275850765
-0.0290608507
0.016435476
0.0345102656
-0.0349578391
0.0274853759
-0.0178565498
0.0259400577
-0.0494989432
-0.022200375
-0.0641451176
0.0184171447
-0.0395906911
-0.00486189487
-0.0168012638
-0.00659072721
-0.0311692768
-0.0544456925
0.0155603096
-0.0161138313
-0.0236933101
0.0206335979
0.0161744022
-0.0336030651
0.0144489665
-0.0283385196
-0.0605804511
0.00662219167
-0.00670850859
-0.0199523511
0.0206037674
-0.0444897916
-0.000948669679
-0.0554539798
-0.0493837975
0.0625061863
0.0558814278
0.0276128647
-0.0365556407
-0.0248919647
0.0334650076
0.0269067321
0.0326659501
0.0402811696
0.0498735412
-0.0560749138
0.0176228456
0.00514918561
0.0366023622
-0.0354997545
-0.00603414155
0.0115450548
-0.00567677978
-0.0559454469
0.0198179694
-0.0467980453
0.0304633992
0.0321508762
-0.0420222174
-0.00665108978
0.0402962998
0.0130148104
-0.0204306088
-0.0347587477
-0.0159200893
-0.0397176081
-0.0241885591
-0.033817346
0.051673622
-0.0620460721
-0.00938881577
-0.0622957886
-0.0474939356
0.0064653176
-0.0446474536
0.0217891531
0.0307786434
-0.022137276
-0.0302573869
0.0552750893
0.0183916622
-0.0142635961
-0.0153755927
0.0245497373
0.0267560283
0.0367620879
-0.025621209
0.0301703151
-0.0621616326
-0.0610741574
-0.0291179831
0.0549660786
-0.0305773879
0.0189640867
-0.0294231269
-0.0177847708
0.0104783474
0.0330569022
0.0282168591
-0.0576946973
-0.0403923608
-0.00180372992
-0.0216242953
0.0339333591
0.057025137
-0.0183694
0.0253485476
0.0476066363
0.0114843165
0.0246617636
-0.0146926478
-0.0325226489
-0.0470990136
-0.0473283354
0.0364528385
0.0269119898
-0.0505544924
-0.0398098934
-0.0321762319
0.0138812979
-0.0249068657
0.0191557158
0.0119473319
0.0633142432
0.0355291333
0.0498730331
0.0267854062
-0.0201542814
0.0519068882
-0.0600973123
0.0313371395
-0.056461054
0.0475143719
0.0204023737
0.0475966827
-0.028951531
0.0527221004
0.0360110889
0.0159437613
-0.0443040749
-0.0564690084
-0.0415785964
-0.0571517124
0.0440205191
0.026044192
-0.023201126
-0.0453227359
0.0477685837
-0.0146488154
0.0189689712
0.00642907371
0.0324914102
-0.00406479657
-0.0111064629
-0.0546651091
-0.012564183
-0.0501415002
0.0577659079
-0.0401168284
0.0169389621
0.00590060683
-0.0286467986
-0.023754329
0.0123043983
-0.0576284274
-0.0313196491
0.00126635672
-0.0626327162
0.0200904142
0.0327868149
0.0365296815
0.0155321441
0.0261589862
0.0462160941
0.0360417879
0.0224814864
-0.0341855313
0.0200025204
-0.0338535302
0.056226053
-0.0209115757
0.0301183189
-0.00625157733
0.012048047
-0.00622278478
-0.0227362402
-0.0359596071
-0.0184159147
-0.0351992763
0.0557478767
-0.0540735016
0.00515752204
0.0236184846
-0.0588594436
-0.0458971607
0.00580088053
0.0264286198
-0.0301235762
0.00896314627
0.0585685746
0.0288439638
-0.00922075007
0.0251996271
0.0355880651
0.0516577798
-0.0216760646
-0.0205402119
-0.0224622036
0.0061703408
-0.0545463412
0.00741171421
-0.0357276498
-0.0322357101
0.0210915964
0.00192971563
0.00214284499
0.0332499164
0.0562848048
-0.0187008198
-0.0205386163
0.02211113
0.0349807302
0.0608991502
0.023213612
-0.0558879875
0.0340989068
0.0016849652
0.0613723844
-0.0565616445
0.0298664179
0.0541409241
-0.0311597118
-0.013443985
-0.0325942784
-0.0350039516
0.0188034912
-0.0240603418
-0.0319892884
-0.0111747217
-0.0364166512
-0.0506188846
-0.00180981643
-0.0193812845
-0.0330045295
0.036580009
-0.0402200453
0.034573413
0.0445294376
0.0428197833
-0.0315478552
-0.0275016843
0.0494861837
0.0276244855
0.0286915486
-0.061236948
-0.0637651126
-0.0611640095
0.0201048845
-0.0317741403
0.0201249933
0.0540824521
0.0466578908
0.0487096054
0.00425645195
0.0540865994
-0.0089179067
-0.0413663572
-0.0130659494
0.0140339888
0.0377762726
0.0491487462
-0.0172201381
-0.0503019031
-0.0349208293
-0.0425160485
0.0108445207
-0.0238293612
-0.0516922695
0.0601084987
0.0375874351
-0.0385289977
0.043231493
-0.0478191349
-0.0489579685
0.0117579747
0.00444781618
-0.0360782601
-0.0474753737
-0.0454168424
0.0176879344
-0.0423110562
0.059521073
0.00760626709
0.0261518155
0.0415969887
0.0598845564
0.0250787465
0.0589213361
0.0549790337
-0.0363819485
-0.0326726936
-0.0476807803
-0.0451977354
0.0511580939
0.0234059478
0.0551101315
0.00420709864
-0.0452253091
-0.0451155099
0.0381819581
-0.00691602338
-0.0498170655
-0.0191097459
0.0629113897
-0.0497699519
0.0523379808
-0.00366539691
0.00149457055
0.0141702271
0.00427143827
-0.0124901928
0.0349507667
-0.0382183003
-0.0090227252
-0.0450722799
0.0512462423
0.00878282724
0.0610135442
0.0233317154
-0.0374673531
0.0352831051
0.0450692495
0.0115518933
0.0499309432
0.00277919617
-0.0192254164
0.0224781379
0.0165371935
0.00756045949
-0.027685825
-0.060144346
0.0483779184
-0.0312400296
-0.0194045417
-0.0596243615
0.0425783407
0.0442892685
0.0179740814
0.00374825475
-0.00735741852
-0.056777864
0.0579155084
0.0108248868
-0.0212921317
-0.0201188983
0.0506680137
0.00802554713
-0.0112310423
-0.0144586573
-0.0338540316
-0.0318169099
-0.0136480503
0.0361915408
-0.0286552529
0.0617478875
-0.0118998043
0.0293172614
-0.0111980596
0.02762727
0.00764261086
-0.0172946772
-0.000862878877
-0.0169908861
0.0625139796
-0.011237669
0.00825599874
-0.0267208989
0.0619154332
0.048466273
-0.00989399525
-0.0336833005
0.061501436
-0.0476814496
0.0410878858
5.37178698e-06
-0.0492961518
-0.018376531
-0.0321830348
-0.0421378327
-0.0340304059
-0.0596763406
-0.0175322507
-0.0106502507
0.0503082101
-0.0194958943
-0.050680053
0.0611075271
-0.00716481835
-0.0359580215
0.0345273562
0.0474802014
-0.0348797126
0.0274710567
-0.0332572284
-0.00284527966
0.0627454668
0.0641185075
0.00971243888
0.0545607857
-0.0380109095
0.048955537
-0.0449282772
0.058970407
0.0624062317
-0.0163460267
0.0484434101
0.0607901991
-0.0324501803
0.0213706928
0.0458402091
0.0328758289
-0.0539732411
-0.0579026509
0.0455960511
-0.051081585
-0.0109096258
-0.0618914486
0.0156853583
0.011679965
-0.0547477217
0.0154772829
-0.0477978483
-0.0255651066
0.0420009024
0.00781670103
-0.0475759574
0.000156673097
-0.0437566015
-0.0324634246
0.0243015896
-0.0604094051
0.0481430651
0.0219026172
0.0148668211
0.00203530977
-0.016732182
-0.00394751192
0.0599776733
0.0107465464
0.00381916351
0.0110917708
0.0535566955
-0.0191305552
-0.0226594368
0.0279196037
0.0358982621
0.00964184812
0.0301326835
0.0465148357
0.0259798949
0.00413589457
0.0306719556
-0.0427508291
0.0194432163
0.0124432596
-0.0430450409
0.045429476
-0.00120217223
-0.0424555272
0.0157774342
0.00521013727
-0.0457703074
-0.00466213551
-0.0513412894
-0.0395737306
0.00968846238
0.0174602952
-0.015278235
-0.0438898322
-0.00464268759
-0.0119139465
-0.0514265471
-0.0205402001
0.0314647812
-0.0254467886
0.049539925
0.0397920172
-0.0577227894
-0.0118836294
0.0183875078
0.0374171141
0.0369860864
-0.0355294697
0.0229257353
-0.0429382046
-0.0228615367
0.0225062376
-0.00503161575
0.0170165999
-0.055330115
0.0476984293
0.00845321003
-0.0143296593
0.0485980168
0.0225897169
-0.0624412459
-0.00227558437
0.00146520539
0.0259683892
0.0508672622
-0.00454734151
0.0126506073
-0.0385653822
0.00724917256
0.0352677005
-0.0486234247
0.0526059128
-0.0288394106
0.0235444931
-0.0521954935
0.0491751169
-0.0193977468
0.00276539539
-0.00946293521
0.00262942656
-0.0372464213
-0.0306958217
-0.0306708473
-0.0630210405
-0.048578614
-0.0507409147
0.0322657617
-0.00436618939
-0.00113203718
-0.0137500639
0.0455394097
-0.0544858441
0.0193352239
-0.00404914548
0.0112059081
-0.0631047728
0.0152116627
0.0211315311
0.0622236989
0.0398315075
0.0404951927
-0.0501923681
-0.0632895515
-0.0514015957
0.0532995819
0.0052209138
-0.0305114176
-0.0552630266
-0.00774790601
0.0560077121
0.0246678334
0.0195902552
0.0576267022
0.0298827833
0.035985609
0.0345169549
0.043231664
-0.0137752923
0.0221803639
-0.0516337599
-0.0609441602
0.0298129236
-0.0182448989
0.0490789101
-0.0393165703
0.0564285489
-0.0516719113
-0.0307455509
0.0534493294
0.0217317824
0.0140678419
-0.0189622232
0.0474075256
0.0159465357
-0.0493216904
-0.0127377516
0.00880255646
0.0357614756
-0.0047303482
-0.00110746881
0.0244060037
0.0467361377
-0.0534145001
-0.0321746004
-0.0473346879
0.0387988658
0.0282527198
-0.015603984
0.0195229013
0.029335138
-0.0585377537
-0.038315479
-0.0261337543
0.0481982107
-0.0482410818
0.0559586705
0.018816879
0.00489170474
-0.0305841109
-0.0465600437
0.0609578373
-0.0429302204
0.000671911393
-0.0225803554
-0.0126336574
-0.00152690565
0.0050953407
0.0411476516
-0.0632075737
0.0417656933
-0.00173985356
0.0212884985
0.0135390488
-0.0429344677
-0.0124761127
0.0225610703
-0.0026273028
-0.0487894305
0.0157381241
0.0602530531
-0.0554509477
0.0449246653
-0.0104790856
-0.0142699726
0.0297191965
0.0579132313
0.00279105287
-0.0142135849
-0.0530543786
-0.0513660095
0.053833214
0.0249312468
-0.00304697821
-0.0205744533
0.0179334445
0.0386495876
0.0461628007
-0.0486908789
-0.0425302675
0.0299910306
0.0546692794
-0.063144262
0.0511010046
-0.0426089508
0.030767206
0.028712999
0.061070566
-0.0228112437
-0.0367822613
-0.0112895154
0.0141222076
0.00128867296
-0.00827543974
-0.00941372493
-0.0544182686
0.0212520486
0.056315911
-0.0442183736
-0.0388184447
0.0284812067
0.0226427736
-0.0238282243
-0.0640815842
0.0514034437
0.0173228983
-0.0533429825
-0.0401416018
0.0574237415
0.0399523995
0.0573153678
0.0598871185
-0.0243753977
0.0111362093
0.0640889697
-0.0617298743
-0.0205662799
0.0522737022
-0.0207619733
-0.0497864086
-0.0601545168
0.0414540999
-0.0176447205
0.0378533556
-0.0196365119
0.0249636827
0.0445037949
0.0592773763
-0.0279364398
-0.0399076934
-0.0618964235
0.0620630364
-0.00053587283
0.0587966018
0.0235435654
0.0594028278
-0.0377538283
0.0232479604
-0.0248064597
-0.0396871799
0.0594638977
-0.0239656876
0.00205251677
-0.0374481832
0.00240287464
0.0370011112
0.00318091045
-0.0397421634
-0.0077840301
0.0517597503
-0.0214205219
0.0549780953
-0.0471864226
0.0205552045
-0.0305283766
-0.0129162506
0.0412944296
0.0466538742
-0.0133776922
-0.0112504434
-0.0106926385
-0.0190295053
-0.0619100816
-0.0262303703
0.0561908279
0.00956220756
0.0454025641
-0.0119164548
0.0273113775
0.0597582966
0.0604704266
0.0303760253
-0.0266357382
0.00829006849
-0.0234321682
0.00728592025
-0.0158213172
0.0359819849
0.0303610073
0.0611089627
0.00490465481
-0.0207336199
-0.000532085183
-0.0347276363
-0.0158923056
0.0113069805
0.0457527115
-0.0271749772
0.0613273633
0.0400771323
0.0555604003
-0.0287547683
-0.0541813857
-0.0344026544
0.0368873992
0.0258968482
0.058694332
-0.0443370058
0.00586955487
-0.0224588757
-0.0500874609
-0.0289926586
-0.0287036455
0.0558986477
0.0192233336
-0.0340867689
0.0516501438
0.0504963313
-0.0113472493
0.0347398561
-0.00199929814
-0.0187289701
0.0404225863
0.0623426587
0.0132209672
0.0515193045
-0.0623932623
-0.0307115813
-9.39576247e-05
0.0250634435
0.00348310378
-0.00697327934
0.0229571546
0.023040626
-0.00847818258
0.0407740412
0.0474903122
0.0115735987
-0.0332736997
0.0368424866
0.0222189148
0.04107644
0.00342412343
0.0384182881
-0.00891714594
-0.0204107758
0.0468464712
0.00935087922
-0.0103388592
-0.0214456216
0.0640803341
-0.0320628886
0.0318083653
-0.0508804336
-0.0550298526
0.033799835
-0.021631001
-0.022111768
0.0534280164
-0.0294575214
0.0511679038
0.0170795029
0.00967479937
0.0371742764
0.0562283742
0.0371347581
0.00509564902
-0.0253943161
-0.0214240191
-0.0464412863
-0.0155580646
-0.0391040288
0.0401276427
-0.0237506617
-0.0364406838
-0.00413563763
0.0395813697
0.00439567352
0.00466457144
0.00126028737
0.0434347716
-0.0124395803
0.0637716269
-0.0642732932
-0.0217658541
-0.00123953671
0.0632186172
0.0086584649
0.0147856406
0.0447475001
0.0630463753
0.0101673364
0.00559677761
0.00711684525
-0.0558852165
-0.06275512
-0.0575860154
0.0356264604
-0.0135080551
0.0408977082
-0.0258722793
-0.0348163839
-0.0392998268
0.0288299169
-0.0269513592
0.0632238829
-0.0311764745
0.0294122275
0.0476416605
-0.0299999282
-0.0159264112
0.0200187452
0.0603170728
0.0361968258
0.0285969168
0.0473416131
0.028731889
-0.0112816336
0.0210229701
0.0335095036
-0.00694328889
-0.0619059599
0.0260762625
0.00732726583
-0.00458156369
-0.024481147
0.0215481899
-0.0117346824
0.0160455925
-0.0597196487
0.023506009
-0.00995530246
-0.0478802802
0.0389956468
0.0337771121
-0.0369470843
0.00518418391
0.00884537422
-0.000539256881
-0.0405383655
-0.0574042628
-0.0220789155
-0.0206714974
-0.000863005016
-0.0306634341
0.0218889616
0.0394402475
0.0587368503
-0.0401188391
-0.0160641931
-0.0152403601
-0.0110379561
0.0509385098
-0.00166632137
0.0606697774
-0.00806261291
0.0459370646
-0.058861166
0.0481207013
-0.0349492902
-0.0474829213
0.0470369863
0.0492666877
0.0182595744
-0.00510556565
-0.00945521342
-0.0327634788
-0.0291226507
0.0184013892
0.0519322791
0.0315871651
-0.0254966192
-0.00693649869
0.0127785122
0.0486897719
0.0245586762
0.0391692549
0.0248141522
-0.0316143003
-0.0502892509
-0.0575264929
-0.047737864
0.00439910668
0.0013578016
0.0461100773
0.0492997611
0.0572402881
0.0441342086
0.0357645941
0.0513332284
-0.0339218399
0.0543815409
0.0349729209
0.00509172521
-0.0532774795
0.00899796608
0.0341550053
-0.032213514
-0.0474839304
-0.0442176288
-0.0121682298
-0.0178407396
-0.0144141972
-0.00752378274
-0.0475312321
0.0608147629
-0.0534492624
0.0343691941
-0.0318657872
0.0396772214
-0.0492048074
-0.0318987206
-0.0333931465
-0.041235605
0.0106630047
-0.00718103553
0.0350895664
0.0155362246
-0.0290340952
0.0404256059
0.00924314185
-0.0467947203
0.0612318772
-0.0168157004
-0.038175072
-0.0111329735
0.0350529089
-0.0618131659
0.0243668674
0.0441559285
0.0179036154
-0.0227240466
-0.0123537958
0.0268301455
0.049189561
-0.0304502126
-0.0327429406
0.0498169696
-0.0216183134
-0.0619346747
0.0566560414
0.00809286108
-0.0400303226
-0.0472887441
0.0441097326
-0.0150857921
-0.0355329228
0.00159314523
-0.0309384604
-0.0372091975
-0.0295140022
-0.0494034121
0.0420880175
-0.0114379252
-0.0176116884
0.00366798602
0.00795493109
0.00119276275
0.0215177058
-0.0589242501
0.024776098
0.00689566199
0.000379046689
0.0161671887
0.00658384566
-0.0507652639
-0.0472339922
-0.058744718
0.0600743988
-0.0153878944
-0.0478093319
0.0256702904
0.0211362823
-0.0333950594
-0.0390682444
-0.0393891414
-0.0613399399
0.0329806384
-0.0389933768
-0.0554742426
-0.0151977198
-0.0521440524
0.0227857766
-0.059987589
0.0479055741
-0.0203293319
0.0260550942
0.0556925154
-0.0110298505
-0.0385379096
0.0140011993
0.0301360204
-0.0386826123
0.0290370918
-0.0313699424
0.0612580917
-0.0413976829
0.0493509569
-0.0389699831
0.0393180402
-0.00585869698
-0.00533418346
-0.0391940363
-0.0550874082
-0.0476464139
-0.0533831498
0.0449426284
-0.0617992659
0.0619838652
0.0228005176
-0.0532002925
0.0187445319
0.0285406259
-0.0128277378
-0.0605185193
0.0172832766
0.0098879389
0.0401039563
-0.0198489236
-0.0443761123
-0.015616104
-0.036655525
-0.0639628236
0.0544303016
-0.0328005828
0.0097028825
-0.0263308036
0.00567482739
-0.0263825851
0.0108084071
-0.0550774301
-0.00120592416
0.0213616952
0.0367840236
0.0512420793
-0.0276473066
0.0625831648
0.0439956658
-0.0253832874
-0.0372109795
0.0152623937
-0.0478106765
0.0440838128
-0.0488286349
0.0313864377
-0.0147055685
-0.0282233502
-0.062307463
-0.0591491064
-0.0079025297
0.0465378753
-0.045864557
0.0302732626
0.0613669525
0.0132307584
0.0311362355
0.0496544424
-0.0614320697
0.0445805612
-0.0435785347
0.0212854184
0.0576518361
-0.0567270693
0.0178106155
-0.0136405437
-0.0295070217
0.00967628711
0.0577305568
0.0173995181
-0.0490191351
-0.033404915
-0.0406515673
-0.0503397828
0.0288596049
-0.0506334469
0.0602257915
-0.0362925756
0.010659348
0.0288260801
-0.0202044841
0.0624109633
-0.00803449229
-0.0201644652
-0.0358716754
0.0210025927
-0.0208128465
0.0535742568
-0.0444955799
0.0340267789
-0.0233011903
-0.0451898365
0.0411347932
-0.0284758803
-0.0371277758
0.0108854607
-0.0184698594
0.0241443348
0.0547311227
-0.0428516455
0.0386058862
-0.0508835625
-0.0164247358
-0.0446502163
0.0333850291
-0.00573130651
-0.0109899397
0.0437215728
-0.0273235013
-0.0264799548
0.00194023092
0.00205699151
-0.00294804634
-0.00114221087
-0.00585058847
0.0283960084
-0.0223660956
0.0410941555
0.0361949432
-0.00899515917
0.0477073932
-0.0438425106
0.00727157493
-0.047912882
0.0509737467
0.0639070141
-0.0289289832
0.0498396468
0.0305638428
-0.0224976428
-0.0376090713
0.0102454027
0.0498427906
0.00998114819
0.000139216317
-0.0582258919
0.0433856805
-0.00324780402
-0.0495616564
0.0637948486
0.0198373948
0.0217780955
0.0338505077
0.0372525718
0.0349270239
0.0555533758
0.0588782059
0.0110177172
-0.00277636946
-0.0237501898
0.0592639508
-0.0410207331
-0.0575564654
-0.0500678281
-0.0314724998
0.0233805639
0.0325995468
0.0145886696
-0.0237877379
0.0604161404
-0.0325790688
0.0492979048
-0.0441787956
-0.0344805954
-0.00268633106
0.0148307432
-0.058339083
-0.0138241629
0.0562098567
0.013669801
-0.0563949615
-0.0630437886
0.0164962698
0.0554312909
0.0425128775
0.0467846347
-0.0596623059
0.0217484614
-0.0470491181
0.0130876435
-0.0537802781
0.0481917474
-0.0140543646
-0.00804032097
-0.0158142836
0.0398223492
-0.0184413031
-0.0256314045
0.057854542
-0.037464548
0.0488025679
0.0205056814
0.0105227085
0.0198508664
-0.0516329604
-0.00211300652
-0.0114907914
-0.00642461493
0.00827187002
0.0550633578
-0.02303881
-0.0363781242
-0.0221876267
-0.000960155036
0.00206477553
0.0055748806
-0.00150080627
-0.0555665764
-0.0290822414
-0.0428818914
-0.0107602528
-0.0429032631
0.0259908985
0.00737757645
-0.0513660162
-0.00860987968
0.00427445349
-0.0136856256
-0.0197030847
-0.0394642601
0.0316815819
-0.035579067
-0.0161494982
0.0380245167
0.0102090746
-0.0202283379
-0.034996228
-0.0334707194
-0.0360758415
-0.0027849146
0.0229021199
0.0206280328
-0.0292809129
0.0297629694
0.00628035331
-0.0495954873
0.011353889
0.031783313
-0.0458138102
-0.0100935579
0.0171358945
0.0559711166
0.0443646706
0.0549129187
-0.0199827792
0.0236602539
0.027431651
-0.0601273106
-0.036661202
-0.0136043079
-0.0372614951
-0.0575021635
-0.0117854015
0.0238001997
0.0023938296
0.0157396879
-0.0506351594
-0.00447957648
0.0565920876
-0.00435091693
-0.0100563482
0.0130022603
-0.0072740653
-0.0394569039
-0.0336875575
-0.0322845549
0.0348399778
0.0238581273
0.0612876222
0.0482172503
-0.0607615665
0.0120657971
-0.0130832055
0.0563911778
0.0331327604
0.042309891
0.0100825116
-0.0330370694
-0.0333205691
-0.04430156
-0.0380151202
-0.0597511001
-0.052723697
-0.0278514409
0.0407227328
-0.0622161504
-0.00797449494
-0.0145220626
0.0585204751
-0.00636560371
0.0621128425
-0.0427490974
-0.0367331472
-0.0575997466
-0.00684845479
0.0333392984
-0.0118072735
-0.0514292907
-0.0562830839
0.0273715442
-0.0106883066
-0.0183132535
-0.0285028563
-0.0467616419
-0.0280621332
-0.063324593
-0.0142336979
-0.0320400283
-0.0369563553
-0.0150749959
0.0336603572
-0.0368980775
-0.0558520589
-0.0454096587
0.027919802
0.0190119993
-0.00654221644
0.0190827317
-0.0123647166
0.00511195086
0.0492374274
-0.039627875
-0.0514595073
-0.0352504517
0.0256723621
-0.0380671417
-0.0267517897
0.0576378131
-0.018636177
-0.0296103939
-0.0295014286
0.058564308
0.00231769352
0.0593646198
0.0341780207
0.046007917
0.0533247949
0.0346938112
0.0643386722
0.010583583
-0.0466963506
0.051970714
0.0573610024
-0.0147603784
-0.0615647879
0.0297332859
-0.0230559289
-0.0237943462
-0.043650577
-0.0237694013
-0.0265004753
0.0219141777
0.0483813292
0.00708017061
0.0399395949
0.0156862539
0.0547765475
0.0151221298
-0.0476531773
0.0216767678
0.0381127412
0.0457379463
0.0626521514
-0.0390761657
-0.0558542388
0.00704043038
0.0633071202
-0.0106566773
0.00351412736
-0.019393556
-0.043111067
0.0567242094
0.0223537934
-0.0492484088
0.0634160172
0.0608051019
-0.0172091061
0.0159303576
-0.0359783693
0.0286782456
-0.0375200065
0.00627489748
0.0169116149
-0.00410782048
-0.0441178393
0.0227160824
-0.0394805236
0.0169709887
-0.0237562786
-0.0463686494
0.0109735468
0.0480395386
0.0565354382
0.0570292348
-0.0576029956
-0.0544533001
-0.0429990261
-0.0525118165
-0.019682434
0.0224033998
0.0123182974
0.0567203505
-0.0124670592
0.052775617
-0.0240902604
-0.0494518089
0.00391037203
-0.0182327961
0.0438118149
0.0409446539
0.0253872623
0.0626984088
0.0539580748
-0.0353183964
0.0400678245
0.0526708091
0.0438615868
0.00429612482
0.0630456786
-0.0517833985
0.0114093348
-0.00549621899
0.0123637578
-0.0213235342
-0.0627235564
-0.0190713295
0.0585832662
-0.0296054294
0.0231011854
0.0375594497
-0.0218616341
-0.0226686951
0.0347795526
0.0575531398
0.0463517715
0.0382975947
0.0348099417
-0.0539009104
-0.0230519211
-0.00983541188
-0.0360242814
-0.0278347479
0.0505676716
0.0267658305
0.041723466
0.0348070621
0.052242844
-0.0496783176
-0.0576001822
0.0501882951
-0.00551134945
0.0134591349
-0.0243356747
-0.0530580117
0.0302808548
0.0472657994
0.027493126
0.032537243
-0.0365415688
0.0266832059
0.013374634
0.0334416717
-0.0637449
0.0602320357
0.0174963685
-0.0628084571
0.0426645016
0.05040952
0.045535502
-0.0233940158
-0.0257829449
0.0590323474
-0.0469070149
-0.0286328037
-0.0333137073
-0.0487912567
-0.0259211823
0.0055996845
0.0414561775
0.00677295716
-0.0448508036
0.0462342613
0.0333504216
0.00468303616
-0.00108137977
-0.0514530551
-0.00290126613
-0.0410712171
-0.0056581909
-0.0213800875
-0.0125710699
0.036030282
-0.0602128848
-0.00442889511
-0.00858948618
0.0228973978
0.0419437366
0.0459349616
-0.0603590649
-0.00653101785
-0.000957578639
0.0240092082
-0.055838255
-0.061743941
-0.00541178277
0.0591876015
-0.0534130119
-0.0469339873
-0.0596706387
-0.0111238628
-0.0283079571
0.0358432072
0.0639353634
-0.0522192955
-0.0128600204
0.0545502793
0.0235300627
-0.034048369
0.00241677078
-0.0178111534
0.0582279264
0.0109956513
0.000467715169
0.0384291531
-0.0449958026
-0.054850594
-0.0221643062
0.0628589538
-0.0425755958
0.0616743291
0.0193419916
0.0634340482
0.0208364302
-0.00147491634
0.0324531269
0.0472155127
-0.0533739237
-0.0104951197
0.0409007944
-0.0394222231
0.00405698198
0.0188122724
0.00282648989
-0.0446395491
-0.0613479506
-0.0475797363
-0.0599797639
-0.0204528091
0.0106524774
0.0428800072
-0.0432666861
0.0549904004
-0.0154837889
0.020364598
0.0139186466
-0.0538056931
-0.0108867283
-0.0245975122
-0.026410929
0.0339082476
-0.0595753396
-0.0468038656
-0.0448722725
-0.0227232373
-0.0285967034
0.0441148212
0.0292447406
-0.0483479981
-0.0518530772
-0.0470617803
-0.0387814797
0.0387077829
-0.0120545486
0.04543684
-0.00659452677
0.0468311122
0.0493196484
-0.0326179437
-0.0560485905
-0.0219358809
-0.0527025368
-0.0371853537
-0.0574145212
-0.0309732473
-0.0495513311
-0.0397252547
-0.0633876997
-0.0635026757
-0.0163595885
0.0302008675
-0.059612438
-0.0260214396
0.00696792807
-0.0630826632
-0.0344043014
0.0508043577
-0.0468653252
-0.0398056724
-0.0333296222
-0.0356774171
0.0414483489
0.000850363336
-0.0374742112
-0.0337192132
0.00515957812
0.000366898452
-0.0217820555
-0.0102960483
0.0281898853
-0.0143898263
-0.0124762972
-0.0100352924
0.0108858858
-0.0567707553
-0.051858197
0.0587010881
-0.0169987168
-0.0363733886
0.040467387
0.0332636852
-0.0600978334
-0.0245112543
-0.034562161
0.036482387
-0.0589935774
-0.0341631275
0.0455077227
0.0418904012
-0.0098160302
-0.0292878268
0.0377391235
0.00485598077
-0.0176837763
0.0313161093
-0.0150671559
0.0353560295
-0.00122209859
-0.00644144193
-0.0598517555
-0.00483907287
0.0623748209
0.0498372906
0.0441004368
0.0400067434
0.0111412165
0.0212232409
0.0621944814
-0.0618259743
0.0406641119
0.0081326805
0.0219482204
0.0422279461
0.0364228184
0.00564207726
-0.0465257362
0.0343465073
-0.0456872666
-0.0267175575
-0.0164363594
0.0140558277
-0.00764565613
-0.0327558106
-0.0212437918
-0.00526805687
0.0608807826
-0.0173404401
-0.0149086759
-0.0402311785
0.00881813217
-0.0534120739
-0.0525432519
0.0575523034
-0.00036028019
0.00138048729
0.0326616208
0.00232598287
0.0208954158
-0.044623404
0.0292370218
0.00630765761
0.0492150306
0.0323019399
-0.00484923
0.00109107027
0.0468118258
0.00527121786
-0.00029940205
-0.0139650047
-0.062556376
-0.0601257039
-0.0406889577
0.0532922365
0.051540234
-0.0111130456
-0.0538592191
-0.0332390014
0.0598768847
-0.0290520702
0.0469379338
-0.00612981843
0.0250676739
0.0630633441
-0.0162454613
-0.00115988477
-0.0618053441
-0.0309684306
0.0128526036
-0.0467585183
0.00769131495
-0.0428512819
0.0550587022
-0.0627889673
-0.00349472818
0.00296419491
-0.0580711273
0.0108511375
0.0361083554
-0.0230995817
0.00151587966
0.0372644333
-0.0345633627
0.0391948242
-0.0396379238
0.0603588283
-0.000633394778
0.0547063766
-0.00566096356
-0.00477556605
0.043315495
-0.025070739
0.0383931895
-0.0165689599
-0.00503567993
0.00581843401
0.0206518834
0.0160565344
-0.0594802851
0.0219770224
0.00224020195
-0.0448827413
0.00440878992
-0.0599092854
0.00843016131
-0.000558570133
0.0395664596
0.0590361278
0.022080074
0.000521503765
0.0265203171
0.0231170859
0.0220574093
-0.0264665004
-0.0224911581
-0.0203083643
-0.0216899608
0.0130490964
0.0559963927
0.0503124555
-0.0296192123
0.0312124872
-0.0206334397
-0.0427967812
-0.0284528891
-0.00835959703
0.0200888683
0.0172658885
0.0254441709
0.0563809891
-0.0454439845
-0.00905520209
-0.0187640054
-0.0207718358
0.0325909504
-0.0108036703
-0.0158355343
0.012777438
0.0397670071
-0.0214535954
-0.0263446723
0.00205396643
0.00112054298
-0.0312443527
0.051592524
0.00521903393
0.0203738306
0.0136509246
-0.0381405466
0.0128877007
0.0635165852
0.0142315924
0.00280953831
-0.00348691528
0.00757462994
-0.00886026223
-0.0573295264
-0.0405671572
0.048797482
-0.0328402724
-0.0272105512
-0.0239646113
-0.000129101401
-0.0422133615
-0.0065465284
-0.0213905363
0.0551507851
0.0168277985
-0.0161775504
0.0558752487
-0.0365588613
0.0381524265
-0.0218669755
0.0624574312
-0.00683948166
-0.0251355643
0.045959017
-0.0356521699
-0.014961559
-0.00694000537
0.0477682887
0.00194776588
0.0183912304
-0.0168692081
0.00219384069
0.0456541734
-0.0496014088
-0.0093176498
-0.0222834916
0.0203696014
0.0623414574
-0.018941429
-0.0421411324
-0.0140995306
-0.0283999709
0.0135225625
0.0376285372
0.0225601222
-0.0473756535
-0.00671012233
-0.0238565985
0.0447876041
-0.0309450282
0.0315147581
0.0127635706
-0.0582570777
0.00491215529
0.0435248885
0.0265419435
0.00132914128
-0.0433914743
0.00514778249
-0.0418259404
-0.0392572863
0.0481096575
-0.060553705
-0.0314588342
-0.0214858485
0.0404858932
-0.0453619693
-0.053554436
0.00887629581
0.0625884271
-0.0636114734
0.0192333519
-0.0294998283
0.0549916355
-0.0200541815
0.0529444954
0.0302685197
0.00877319918
-0.0358449594
0.0273357367
0.0324744671
0.0620377597
0.0159288569
0.00372734197
0.0053506709
-0.0100318512
-0.0132017231
0.00515341617
0.056830849
0.0396838732
0.0222344104
-0.0157059004
0.044068103
-0.000588540182
0.0622053563
0.00380515181
0.0460676487
-0.0179697808
-0.0410056003
-0.0477059927
0.0138920386
-0.0540046214
-0.00301032651
-0.0437468425
-0.0627781024
0.0330436737
0.0391084203
0.010866918
0.0466405237
-0.035147273
0.0286275232
0.0454629483
0.0270137135
-0.0441589522
0.00960879506
0.0409594936
0.0341264815
-0.00869143539
-0.0518702283
-0.0260068307
-0.0545079475
0.0553836882
0.0588836487
-0.00778655354
0.00360075219
0.000351646756
-0.0536164037
0.0449993354
-0.0515860744
-0.00992044927
-0.0366462941
-0.0145525816
-0.0307134115
-0.0529299922
0.0384312159
0.0408873717
-0.0318730502
-0.0123570225
0.0434232567
0.0296532765
0.0388632719
-0.0155449771
-0.0111447439
-0.015306029
0.0566684166
-0.0571404171
-0.0408057158
-0.0466666678
-0.0243447321
0.0466975134
-0.00858955796
0.0298595247
0.0258316096
0.0184073476
-0.0247751513
0.0394714538
0.0163760145
-0.0011663212
-0.0409729155
0.0504313242
-0.0564508634
-0.045490267
0.0589317384
0.0435930156
-0.0509782897
-0.0113122398
-0.0155602707
0.0627339503
0.0343414989
-0.0641953244
0.0370324826
-0.0628261372
-0.00863836666
-0.0529949388
-0.0391340562
0.0169301587
0.0446202605
-0.0626204249
-0.0331314666
0.0626810792
-0.027835441
-0.0358291459
-0.0386012742
-0.0312996672
0.0462638736
0.041435643
0.0359811904
-0.0437379961
-0.0599205355
-0.0340584291
0.030272317
0.0625273993
-0.0033749508
-0.0292990012
-0.0219672235
0.061664834
-0.0478276271
-0.0487116637
0.0248749484
-0.00267856271
0.0499533854
0.044322672
-0.00146872187
-0.0225250933
-0.0103180911
0.00582922555
0.00413514211
0.0576662397
0.00499432785
-0.0111147224
0.0495659857
-0.061758216
0.0401648495
-0.0015005754
-0.00934547862
0.0240482931
-0.0281208215
-0.00113642685
-0.0247943628
-0.0244050528
-0.0140228141
-0.00595005613
-0.0188142409
0.0372141828
0.00562266962
0.0289650468
-0.0187696555
-0.0438227193
0.00717679306
0.0617404132
0.0176663093
-0.00838296601
-0.00318254144
0.0402820796
-0.014589949
-0.0579429109
-0.000904047984
-0.0377294905
-0.0486081201
-0.0493712829
-0.0190542528
-0.00642132764
-0.0593718854
0.0303262055
0.0557413034
0.0390590473
-0.0612548119
-0.0501338839
0.053836599
0.0209562253
-0.0267729038
-0.026414345
-0.0557553041
0.0198067978
-0.041651162
-0.049424729
-0.062401873
0.000202581549
0.0614275847
0.0642230425
-0.00179210764
0.0135025931
-0.00684903124
-0.00834474299
-0.0145997058
0.00287928873
0.00916164458
-0.0513286484
-0.0378261923
0.0643101703
-0.0332054988
-0.014189827
0.0591800488
0.0308479476
0.05730995
0.0614893715
0.00345184774
-0.0569349926
0.0288838467
-0.0461017212
-0.0382996792
0.0178755453
-0.0157926836
0.0248484278
0.0556651773
-0.00412137934
0.0358210579
-0.0561016105
-0.0136668881
0.0170523278
0.0332414937
0.00173885329
0.0131884823
-0.0104379171
-0.0142748333
0.0248110955
0.0263754308
-0.0432941986
0.0126224056
-0.0476104975
-0.0235130478
-0.0552912037
0.0307903477
-0.00742570564
-0.0270975711
-0.0454122361
0.00484646251
-0.00754585873
0.0157794581
0.0209529934
-0.0610665913
0.0097282486
0.0068335877
0.0168258496
0.0115579122
-0.0253438474
-0.0305764031
0.00835820586
0.0538711876
-0.0391024969
-0.048038919
-0.0240996178
0.0557100283
-0.0335269754
0.0164596854
0.0329598814
-0.0632753358
-0.0565188999
-0.0475790041
-0.0430262868
0.0491062531
-0.00614536961
0.0436910906
0.00166225199
0.00187208861
0.0484870537
-0.063910712
0.0634971331
0.00243504012
0.0559854386
0.0165595627
0.0244686433
-0.0334715369
-0.0411030046
0.0342931699
0.0380165675
0.0514805267
-0.0244568278
-0.0131963463
0.03441879
-0.0496488832
0.0118977501
-0.0270413016
0.0260125118
-0.0013097465
-0.0434131793
-0.0373784635
-0.00256427671
-0.0614529917
0.0167765127
0.0291985055
0.0111219903
-0.00476568514
-0.0542925839
0.0219547664
0.0109939058
0.0257849804
0.000535813454
0.0376438626
-0.0632998624
-0.00564559463
-0.00886146059
0.0583473495
0.0479121828
-0.0576265915
0.0275829289
0.0283552177
-0.00283227287
0.0520844039
-0.0111451702
0.0370371254
0.034833754
0.0148915719
-0.0572741357
-0.0197594422
0.0235124449
-0.00672880592
0.0187916392
-0.0239079158
-0.0163867096
-0.0135136244
-0.0387471315
0.0481743778
0.0175271516
0.0623223213
0.0303259589
-0.0462491421
0.0265615876
0.00648149396
-0.0506071498
-0.0520857232
-0.062107748
0.0405845176
-0.0566545822
-0.0112154628
0.0264616284
0.0241598258
0.046277978
-0.0634985255
-0.0585930146
0.0351102498
0.0382268828
-0.0297158052
-0.00178054705
-0.012412908
0.0494395625
0.0256916562
0.0207576831
-0.0583707176
0.024252926
-0.0463779355
0.0629062733
0.0362881436
0.006301687
0.0270905433
0.0332164236
0.0203483251
0.00955775834
-0.000509866157
-0.0454013572
-0.0299749059
-0.0497603523
-0.0636978832
0.000506550118
-0.0519129804
-0.0530187124
0.0121562238
0.055896583
-0.0380057791
-0.0528886249
-7.85784136e-05
-0.0401394574
-0.0169367569
-0.0457155708
0.0298197693
-0.0307441142
-0.05288548
-0.0641370242
0.0431757192
0.0248134525
0.00624074507
0.00486545528
-0.013986586
0.05112337
-0.018650157
-0.00737588112
0.016883031
-0.0287334886
-0.00391031816
-0.0162661353
0.0591186662
-0.0581222051
0.00626841609
0.0161764496
0.0335475148
0.0466641947
0.0188543701
0.0641399769
-0.0606371028
-0.0408651431
-0.022033128
0.0232911329
-0.0446363615
0.0182115217
0.00367699304
-0.0550377784
-0.0353727353
0.0222730193
0.00509836283
-0.028062988
0.0120183624
0.00978796072
-0.00590065427
0.0541132726
-0.0475046727
0.0257750477
0.0446848488
-0.00173711914
-0.0503671425
-0.0177377888
-0.0106717902
-0.0596216243
0.0191050855
-0.0410512016
-0.0329798348
0.0563631341
-0.0416716161
0.0419288686
-0.00792207804
0.000704818209
0.000582496889
0.0339232489
-0.023846471
0.0443447541
0.029536343
0.00994929192
0.0298957497
0.0205530505
-0.0503082176
0.0635902921
0.00403389405
0.0365596297
-0.0441682098
0.0495343658
-0.0428498129
0.0577322638
-0.0323281632
-0.0306299684
0.0479932483
-0.025437956
-0.0630194986
0.00599730935
0.0212897191
0.0397612479
-0.000443817864
-0.0100251619
0.0124279303
0.0233116898
-0.0602411092
0.058143726
-0.00129305965
-0.0126424665
-0.0478996695
0.00139503344
0.00466854878
-0.0460363991
0.0405246032
-0.0191911689
-0.0301693861
0.0263883778
0.0385884575
0.0244575397
-0.0257394343
0.0474770454
-0.0607085167
0.0339094603
-0.0170701376
0.0220215886
0.0187560212
-0.00863531741
-0.0200393969
0.0105338295
0.0640019385
0.0116260177
0.0119991556
-0.0274246303
0.0196370119
-0.0362761576
-0.0218830145
-0.0551369572
0.0135425478
-0.0631801929
-0.050752125
-0.0629736027
-0.0078360106
-0.00618514922
-0.0370232244
0.0147819191
-0.0234324717
0.021601361
-0.0262177574
0.0420670911
-0.0158843845
0.0203426097
0.0628182345
-0.058729349
0.0380354459
-0.0137263941
-0.0150923477
0.046689557
-0.0441402437
-0.0400713349
-0.0360284638
0.0566305705
-0.0042858157
-0.0285716981
-0.0543573807
0.020671988
0.0131786819
0.0460246057
0.0025795293
-0.0155662993
-0.00381796973
0.0573592472
0.0348560714
-0.00887461367
-0.033124358
-0.0225702972
-0.0219417611
-0.053049676
-0.0348226027
-0.0183906626
-0.014157857
-0.0465953504
0.0501145716
0.0109504392
-0.0134090539
0.0622125207
0.0547139905
-0.0473671247
0.0423633095
0.0284020874
0.045312495
-0.0110345779
0.0350506696
-0.0154148496
0.0114370452
-0.0331149257
0.0262485061
-0.0243948462
-0.0148809127
-0.017484893
-0.0499595296
-0.0279999371
0.0114312204
0.0222453124
-0.0209722792
-0.0206684422
-0.0432026873
0.0170607286
-0.0188865717
0.0158859733
0.0181377395
-0.00244179283
0.0599664756
0.00262996088
-0.0596136492
-0.0561644157
-0.0070416916
-0.0383515947
-0.0463247362
0.00849504143
0.0519412913
-0.0370582534
-0.0192450065
-0.0420280931
-0.0307428596
0.0328238705
0.0358228888
0.00551076653
0.0309998126
0.0466014465
-0.0247147704
-0.0202688764
0.0240469738
0.0489051713
-0.00110970143
-0.0281598553
0.0526735002
0.0213197191
-0.0558322741
-0.0292659199
-0.0643136886
-0.0232357697
-0.0615448071
-0.0329393182
0.0455486834
-0.037166623
-0.0571701266
-0.0138122539
0.0429576111
-0.0411766025
-0.0598090547
-0.0329890797
-0.0256016718
-0.0409207814
0.00343469056
-0.0150338905
0.0242112853
0.00608712623
0.0487779407
-0.00374297618
-0.0505253045
-0.0272291007
-0.0243094872
0.0135716472
0.00301245451
0.0116058162
-0.0290372079
0.0170665526
-0.0597866141
0.0323609284
-0.061465616
-0.0516622971
0.000181799244
-0.0183631595
0.00705770137
-0.00734674587
0.0252404486
0.0354563229
0.0427823486
-0.0124740503
0.0567276186
0.0417778196
-0.0357101195
0.0431483289
-0.0375995905
-0.0194308091
-0.00108917303
-0.0346758508
-0.0232669121
0.0399085414
0.0172301123
0.0568773367
0.0210429554
-0.00954938258
0.0231972675
0.0160111871
0.00673439121
0.0162337938
0.00790208097
-0.0620826679
-0.00907138377
-0.0123622123
0.0274226534
-0.0353947929
-0.0114737374
0.0395748672
0.0572329855
0.0502447202
-0.0200021564
0.0634354639
0.0576111956
-0.0270622694
-0.0375820453
0.0187544712
0.0104840536
-0.017148067
0.0308935619
-0.0579146087
-0.00808888488
0.0490741942
0.0145791995
0.00970308468
0.0587698006
0.0276935842
-0.0154910982
-0.0464918492
-0.010042632
-0.0346996953
0.0238572955
-0.0254080253
0.0527779877
-0.0500735849
-0.0056684392
-0.0402655492
-0.0482337814
-0.0609196323
-0.042082181
-0.0454538225
0.0407012338
0.0142026708
0.0153470144
-0.0315555261
-0.0137116766
0.0305279998
0.0179915058
-0.0458508746
-0.0310173109
0.0404759
0.0630536276
-0.0391098002
-0.000558029437
-0.0447336625
0.0260310791
0.0505078333
0.0113596322
0.0284103147
0.0403342779
0.0217218237
-0.0330934967
-0.0133760519
0.0610908293
0.0361581934
-0.00464669895
0.0188620723
0.00679736205
0.0124926326
0.0466197572
0.0138163902
-0.0562828969
0.025345428
-0.0292941755
0.00218410528
-0.0322992584
0.0587929794
0.00824311439
0.0267627781
-0.00871493974
-0.0615677942
0.0236825732
0.0092732156
0.0050255924
0.0481512165
0.0551652748
0.0444106361
-0.0532097129
0.00139902929
0.00191484272
0.0355251848
0.0361960603
0.0476380319
0.0539400855
0.00128288905
0.0509500546
-0.0289320911
0.0371405806
0.0292172829
0.0620491676
0.0295064724
-0.0378504677
0.0175485529
-0.0629811179
0.026320908
0.0185798722
-0.00290986143
0.0434830387
-0.0313717853
-0.0278938046
0.00643465098
0.0490323946
0.0392573649
0.0606564165
0.0226711007
0.0282866949
-0.0506758105
-0.0374036221
0.00793694751
-0.0377917538
-0.0450870297
-0.0219128158
-0.0342358157
-0.0560579932
-0.0427313608
0.0145695155
0.0518766141
-0.0179900145
0.0528459863
-0.0317460976
-0.0474257297
-0.0145557512
-0.00680584026
0.0025110274
0.0375183981
0.0637433569
-0.0145908751
0.0288136483
0.0396430219
-0.0207232831
-0.0314176403
0.0204599639
-0.0620198119
-0.0600538316
0.0248813253
0.0183954086
0.0583055514
0.0247214508
-0.0632684196
0.0526306358
-0.0342366082
0.0241397143
0.0343442096
-0.0515995904
-0.0250499447
-0.000139223906
-0.00348043602
-0.00269160314
-0.0363603162
-0.0135561936
0.0393791607
-0.0391304243
0.0513949185
0.0249906371
-0.0435085232
0.0541088479
0.0420598344
0.0125666451
0.0299437091
0.0476042804
-0.0151723026
0.0202758101
0.0223661551
0.0401217623
0.0057830652
-0.0366078668
0.0184832296
-0.0596804263
0.00271630665
-0.0163801596
-0.0235310324
-0.0364512983
0.0101133534
-0.00338293669
-0.0476160096
-0.00119783531
0.00828283707
-0.0407137516
0.0344951589
-0.014495323
0.0347774945
-0.00146111532
0.0479832994
-0.0191420043
-0.00242133643
-0.00286111592
-0.0366425493
-0.00208996733
0.0407006435
-0.00945485221
-0.0132555339
-0.0119844597
0.0267046611
0.0630475375
-0.0435474002
0.0501708626
0.0366278281
0.0395986688
-0.0122747349
0.0332388482
-0.0508838085
0.00377996909
-0.0119048088
0.0453069628
0.0344885338
-0.0147392529
0.0485803696
-0.0375504027
-0.0472782162
-0.0412659945
0.0403587395
-0.0348866302
0.0280746589
0.0557727084
0.0463560668
0.0323801295
0.0183723776
-0.00643947408
-0.0366613301
0.0290281285
0.0131705111
0.0402262628
-0.0457115693
-0.0389217524
0.0130698788
0.0581111965
0.06096596
0.0116861301
0.0317912206
0.0603663135
-0.000251319881
0.00627998456
0.00381965813
0.0139033992
-0.00314616765
-0.0416745184
-0.00712852226
0.00260492199
0.0474727578
-0.0270187161
-0.0301548172
-0.0060152679
0.0467687197
-0.010367777
0.0317219389
-0.0422306048
-0.0257629895
-0.0145446772
-0.0220108328
-0.0448847559
0.0237823777
0.0214635498
-0.0552600768
-0.0423180058
-0.0486169829
-0.0362694614
-0.00607135109
-0.00317958105
-0.0545854923
0.0173333102
0.0214243237
-0.0339240044
0.0518860356
-0.0402133547
0.0199586266
0.0527272388
0.0543224488
0.0610122118
-0.0486809648
-0.0164149155
-0.0257934895
-0.0486919112
-0.0313596486
-0.00419199882
0.0489525787
0.0169988224
0.0256348955
0.010829606
0.027396589
0.0166403594
0.0628983571
-0.0498020246
0.0270958841
-0.00482686562
-0.0177910241
-0.0301238321
-0.00458700117
0.0533045564
-0.0488615515
0.049739065
-0.0140536704
-0.012798527
0.0471961727
0.0247513989
0.0448447198
-0.0487619386
-0.0474521012
-0.0300144529
0.00459638541
-0.0332688526
-0.0126390248
0.00635140711
0.0302209254
0.0177223406
0.0292740492
-0.00328490233
0.00470818133
-0.0462061772
0.0527233464
0.0586517878
0.0519359177
0.00748499874
0.0125728382
-0.0630272929
0.00893034127
-0.0527467324
0.0574204333
-0.0262134887
0.0633136649
0.0419398351
0.0293958398
0.0439598716
-0.0120164667
-0.0272511743
-0.0152861471
0.0279493511
0.0292396374
-0.00394787822
0.0445311954
-0.00109608875
-0.0298787493
0.0448341479
0.0505489296
0.0207786516
-0.0125047333
-0.0411724492
0.0443658636
0.0570899388
-0.0105438539
0.0204949045
0.0292941841
-0.00669204344
0.0301369558
-0.026798616
-0.0030296619
-0.0037288306
-0.0371211899
-0.0149794017
-0.00806972175
0.0556762075
-0.038268014
0.00815382595
0.0385546047
-0.000300794079
0.0203902273
0.0603778596
-0.023429949
0.00853575297
-0.0433790686
0.0279810271
0.0363676919
-0.0606816518
-0.039475669
-0.0549718205
-0.0101235621
0.0529926797
0.0440868554
0.00519256232
-0.0575156573
0.00685980882
0.0565993756
-0.0260831578
0.0463577527
-0.0170306904
0.02569598
0.0613189911
-0.010846883
-0.0384809264
-0.0492034257
-0.0484634915
0.0409420969
-0.0145457085
0.0122729865
-0.0139454903
-0.0468989007
-0.061767212
0.00628703753
0.0153044872
-0.063374065
-0.0105280274
-0.0557782578
0.0107227868
0.0448260035
-0.0265269053
0.00499166213
0.0268531472
0.0157933662
-0.0226905281
0.00396423936
-0.0281642229
0.0578794135
-0.0517673482
-0.0575878013
-0.0360720366
-0.00131170271
0.0258176759
-0.0634238196
0.0399305862
-0.00199510139
-0.0592323363
-0.0321076746
-0.00579168013
0.0243162965
-0.0213742635
-0.0598989096
-0.00242792789
-0.0322783604
-0.035908667
0.0416059565
0.0577768655
0.00199070228
-0.022936783
-0.019689952
0.0558307818
0.0523319161
-0.0287688355
0.00259242329
0.00593193145
-0.0430513815
0.0516889201
-0.0416940498
-0.01104202
-0.0446151208
-0.0321355314
0.0613277693
0.0274253833
-0.0312424188
0.0245133808
-0.0499601302
0.00540833232
0.00164382564
-0.00768464315
0.0109882879
-0.0603277284
0.0217522171
-0.0281406041
-0.0263077765
-0.0606246058
-0.00209072228
-0.0497553215
0.0495335953
-0.0120794918
-0.0354847546
-0.0566660637
0.00460709666
0.0507906926
0.00384331862
0.0110598606
0.0241786492
-0.045867604
0.0199908719
-0.0530710215
0.032819244
0.0496510726
-0.0096783127
-0.0483861372
0.0623249431
-0.057597813
-0.0447434369
0.0138490669
0.0382271206
0.00269486037
0.0399822137
0.00536222119
-0.0538488444
-0.0239125877
-0.0567677333
-0.0500938512
0.0225809537
-0.00794070296
0.0328174548
0.06351745
-0.016698366
-0.011952575
0.026248236
-0.057351019
0.0070158446
-0.00959100594
-0.0381006968
0.0021594877
0.030429363
0.0371567172
-0.063471273
-0.0607821673
0.0498733725
0.000221870664
0.026175346
-0.0321367366
0.0512357373
-0.0136405926
0.0410189031
-0.0454684782
-0.0216521963
-0.0305141382
-0.0207706405
-0.0500913218
0.00687946004
0.0389282441
0.0384205449
0.020125397
-0.0610682434
-0.0344942388
0.0149914713
0.0318541477
0.0565609899
0.0500000816
0.000116052178
0.00906185288
0.00645168795
0.0397744169
-0.0388585014
0.0412952147
-0.0618956583
-0.0471130282
-0.0600230809
-0.0619764913
-0.00167715829
0.00608709422
0.0518654599
-0.0128160186
0.0171559712
0.0525930615
-0.0475880709
-0.00681743156
-0.0453511282
0.0324420647
0.0140854975
-0.0348469879
0.00571931487
0.038328785
-0.0253399749
-0.0172232739
-0.012382618
0.0173423281
-0.00410748773
-0.0631308272
-0.0535333804
-0.00458419481
0.0380549528
-0.0455796644
-0.0600989109
0.0223359796
-0.00500441693
0.0210486415
0.0106813448
0.0272743832
-0.0540933142
0.0451336166
-0.0179624867
-0.0408972314
0.0278570572
0.00800683618
0.0398829557
-0.0360212677
-0.0109014582
0.0456702384
0.0499325756
-0.0222938239
0.0436089048
-0.0458112852
0.0131070317
0.0137661017
0.0392276605
-0.028696869
-0.00147260993
-0.0617291503
-0.0122866636
-0.0229239673
-0.016628917
0.0393097589
0.0346614283
0.0425222361
-0.0636895563
-0.0297263924
0.0479486144
0.0570167719
-0.0592216262
0.0626424944
-0.0459329192
0.0337860064
-0.00844481897
-0.0490678842
-0.0378208821
-0.0215589951
-0.0476956926
-0.054315966
0.0404831409
-0.0400971027
0.0621068868
0.0601639277
-0.0256884441
0.0413958003
0.00409059993
-0.0285128767
-0.0369588021
-0.00889806949
-0.00716429925
0.056391694
-0.0622563428
-0.0160910948
-0.0306785083
0.0340322161
-0.0626896372
0.00950258287
-0.041440133
0.00631125449
-0.0157654775
-0.0169521886
-0.0497886971
0.0397648759
0.0163845807
-0.0341594005
0.0633533588
0.0145096251
-0.0450088905
0.0157143355
0.0333699386
0.0464787544
-0.0283740551
0.034040229
-0.00321666557
-0.0157992353
-0.0617518592
-0.00275192432
0.00450578078
-0.0374522978
-0.0352998202
0.0459947774
-0.0203533948
-0.0313347553
0.0416024713
0.0254345577
0.0377360903
-0.0247075118
0.046942873
0.02491068
-0.0461913151
0.0503867636
0.0193412058
0.0229034199
-0.0212123307
0.0167208754
-0.00644055405
-0.00175295383
-0.00768421634
-0.0593915362
0.00853942548
-0.0549062401
0.0440782934
0.00351701332
0.0620853482
-0.0518976221
0.0525961298
-0.0137207502
0.0455684294
0.0350375623
0.0418748203
0.0520860948
-9.55058519e-06
0.0640313141
-0.000744598161
0.059664813
-0.0490556398
-0.0529728334
0.0515042896
0.000736498074
0.0295714231
0.0393890048
0.012663545
0.0132559374
0.0168132551
-0.0106081238
0.0220308443
0.0402838276
-0.00566689407
-0.0114464109
-0.00501887261
0.040017323
0.00542746064
0.00915118659
0.00983227916
-0.0640374865
-0.00564598086
-0.0154284951
-0.0395226336
0.0175176303
-0.0284076191
-0.0218211049
0.0271663772
0.00448689092
-0.0389667812
0.0398362932
0.0237950524
-0.0158834665
0.00817573784
-0.0594346998
0.0479281931
-0.0201551648
-0.027773515
0.0560214379
0.0250846115
0.0321439649
0.0447359239
0.0196612416
0.0602689393
0.0492922131
0.0387664756
0.0393311618
0.0640760154
-0.0492781965
0.0603428958
-0.0638562646
0.0141524366
-0.0329246224
-0.0215288908
0.00588416
0.0392660734
0.0569978108
-0.0198322489
-0.0635117905
0.0426528092
0.0640757125
-0.0586099018
-0.0593999523
0.047403022
0.0614384437
-0.0186586481
0.0541289218
-0.0578655923
0.0201856239
0.0538902776
0.0257538783
0.0246259971
-0.0309676466
0.00928069422
-0.00461203694
0.046536446
0.0403171537
0.0424799598
-0.0428289902
-0.0298571156
-0.00500103898
-0.064184369
0.0490134923
-0.015532043
0.0240480608
0.0539117447
0.000109359088
-0.0178850068
-0.0464167604
-0.00303189773
0.0457952676
-0.0267602057
-0.00309265421
0.0216683012
0.0573658802
-0.0628395491
-0.0434874884
0.0187893721
-0.02316604
0.0235546743
-0.0412508248
0.0612801953
0.0459317642
-0.000940334318
-0.0223806629
-0.00862062264
-0.0360629693
0.0344401227
0.0547307698
-0.0613829504
-0.0206036893
-0.0612693892
-0.063483193
0.0590953025
-0.026481972
0.0524311727
0.0480708598
0.0269896627
0.0310503416
-0.0377510665
0.0196217215
0.0371976303
-0.0387891817
0.0250037946
0.05044166
-0.00663498923
0.0231545248
-0.0216562118
-0.0498127317
-0.0541170492
0.0285091079
0.00169777737
0.0179229459
0.0186445677
0.0183937141
-0.0252127791
0.0454761931
-0.0313266433
-0.0330515051
0.0416845918
-0.0134707717
0.0314867078
-0.0332951487
0.05956687
0.0334730644
0.00676505902
0.0203788976
-0.0542003164
0.0322401229
0.0127678035
-0.0546858267
0.0031984422
0.0379407574
0.0200796687
0.0164689988
0.00645230019
0.0284977939
-0.0487108978
0.0407842451
0.0360705338
-0.0459859491
-0.0585716207
0.0549940936
0.0210680187
0.0503820182
0.014458927
0.0527534767
0.0547014026
0.0354141994
-0.0219468268
0.0612192274
-0.0602032417
-0.0196353977
-0.0159005651
-0.0462556868
0.03598753
0.0331003881
-0.0474779764
-0.00855872228
0.0433641964
-0.0101956866
0.00378793925
0.0048065065
-0.0466105144
0.0463508925
-0.0281411652
-0.05221655
-0.0334314565
-0.0191436315
0.0147933269
-0.0638179992
-0.0584689637
0.0558106837
0.0193286401
0.0633765053
-0.0446967587
0.0496198012
0.0246591079
0.0371303329
-0.0264890136
0.0123880965
-0.0640356651
-0.0217115974
-0.0433710166
0.0439109495
-0.0459888312
0.0191076957
0.063366715
-0.0397492086
-0.0155644653
-0.0624148222
0.0376621619
0.0300241837
-0.0396078589
-0.0309309775
0.0131675071
-0.00673047516
0.0544795254
0.0456964717
-0.0583422582
0.0635368797
-0.0240732016
-0.0218610172
-0.0524123407
0.0335091376
-0.0045874873
-0.0398891934
-0.0373994044
0.0172466584
0.0237527193
-0.0353932762
0.0195722023
0.010728918
-0.0463699667
0.0314379618
-0.023149898
-0.0541804836
-0.0529231244
-0.0485007572
-0.0430932198
0.0460289087
0.0641703602
-0.0250725721
0.0377214818
-0.0295029059
0.0300237683
0.0496632966
-0.0269457248
0.0166985107
-0.00727815525
0.0492699131
-0.0122436656
0.0121237921
0.0629749287
0.0641738599
-0.0570721512
-0.0171128927
0.0508804392
0.0530300897
-0.00435378159
0.0547646238
0.0606938079
-0.00193058886
-0.0448634477
0.0149784433
-0.0435392464
0.0197984586
-0.0441411268
0.0598796801
0.0111687357
0.0232819377
0.0586416414
-0.0521899099
-0.0359082066
0.0157287883
-0.0610002563
-0.0427590332
0.031282434
-0.0153152689
0.0531323704
-0.0110826975
0.0311354651
-0.0260317212
0.0189446064
-0.0471151639
-0.0306345932
-0.0276769876
0.00356231658
0.0303719715
0.0607350415
0.0310945525
0.00380410165
-0.0563955937
0.00245704319
-0.0516660314
-0.0637957453
0.0574840709
-0.00825319959
0.0513713057
-0.0149603313
-0.00829597245
-0.0471202639
-0.0292999173
-0.0472835931
-0.00453806291
0.0379910631
-0.0568083119
0.0480953531
-0.000675269901
0.0636777667
0.0598902875
-0.0216470455
-0.0337650987
0.0630924429
0.010117786
-0.0174079643
-0.0123944865
0.0337808806
0.0624788525
-0.0231642748
-0.0627728218
0.0157781445
-0.0560591062
0.0549589709
0.00386798642
-0.0550864714
0.0453862228
-0.0150335151
0.0131919973
-0.0418400161
-0.0597533374
0.00846004933
0.0485861017
0.00596825547
-0.0121180955
0.0553196557
0.0417809117
-0.0586972467
0.0579675919
0.0434125151
0.0121178879
0.0355017458
-0.00399365694
0.0358840687
0.0255248185
-0.0120525025
0.0585810907
-0.0143573502
0.0202911432
0.0175311832
-0.0591036628
-0.0447472544
0.00828926937
-0.0247375484
0.042008947
-0.0200625568
0.0614969791
0.0144778172
0.0406645865
-0.0125038015
0.0591484371
-0.0505005264
-0.015500558
0.0174401382
0.0626568295
0.0255673234
-0.0592049874
-0.0309020027
0.0162866073
0.0126185174
0.0190981599
-0.060163867
0.0380576436
-0.0569734294
-0.0347569966
0.00238096621
-0.0164325489
-0.0385499754
-0.0396543745
0.042670739
-0.019242117
0.0410280063
0.042601906
0.0358436448
-0.00769176218
-0.0601418234
0.0264177973
-0.0522188282
0.0222856656
-0.0154926229
0.0572838295
-0.0299321403
-0.011862211
0.00633545056
0.00543360052
-0.0338697671
0.0421189573
-0.0537398562
0.0634434886
-0.00411932929
-0.0640975228
0.0494924877
-0.00208263018
0.028571006
-0.0132038458
0.048454161
-0.014567988
0.0450769932
0.0060699062
-0.0354331609
-0.00249878574
0.0633084971
-0.0632154165
0.0303635625
-0.0396217656
-0.000942958172
0.0505924719
-0.0499697239
0.0245442556
0.0496368278
0.0351946494
0.0375509783
-0.00699981964
0.0544256423
-0.041606511
-0.000769807148
0.058297387
-0.0493150227
0.0434721146
0.042482895
0.024604415
0.0581319209
-0.00234682217
0.0108628994
0.0520202445
0.0561437985
0.0190290921
-0.0286134648
0.0210064964
-0.045812888
0.0237917876
0.0619771652
0.0291835112
-0.000537691523
0.0559889332
-0.028173094
-0.0369567176
-0.0235186711
-0.0565169193
-0.0388291303
0.0354576101
0.0218706563
0.0594201371
0.043285626
0.0139587804
-0.0148259007
0.0570131616
0.056627071
0.0578201578
-0.0297545093
0.0170500926
0.00490135155
-0.0437265866
-0.00575682541
-0.00687855855
0.0111396644
0.0404189135
-0.0509061281
-0.0409507988
-0.036980794
-0.0463925828
-0.0382127161
0.0215579038
0.0373257009
-0.0295452498
-0.00931893347
-0.0184821101
-0.0454279146
-0.00781284811
0.00694440904
-0.0549106872
-0.01963212
0.0421616356
0.0295374219
0.045103526
0.030543941
0.00227417941
-0.00902500724
-0.0113788
-0.0437514666
-0.0599169404
-0.010861643
-0.0486239683
-0.0100636386
0.0376715027
-0.0383028162
0.0483401087
0.0330884905
-0.0181724519
-0.0173636612
0.0471708358
-0.0395229543
-0.0260947382
0.0318007802
0.0100960943
-0.0180225207
-0.0567476766
-0.0151640852
-0.0111014894
-0.0515950199
-0.0557954128
0.0166359926
0.0152072081
0.0160770865
0.0523111146
-0.00462292398
0.0405407438
-0.0215977307
-0.0281179702
0.0485379083
-0.00373417535
-0.0372776269
-0.0633666169
-0.0567338635
0.0403644846
0.056397289
-0.0610537151
-0.0635115961
-0.04988567
0.0585447415
-0.0216808935
0.0436438906
0.0519339306
-0.0549643868
-0.0379203173
0.0334179808
0.0460020006
0.0424588204
0.0250087822
0.00479747871
0.0145763334
0.0355357038
-0.0313221734
-0.0433400572
-0.0499234242
-0.0122148692
0.0407141456
0.0529445891
0.0407815597
-0.037557463
-0.053608507
0.0479859307
0.0541666686
0.0637401873
0.0333461201
-0.0539534483
-0.0587836984
0.0296509917
0.00227147676
-0.0139659282
-0.00751510035
0.0604322278
0.018258534
0.00261588754
-0.0584686777
0.0044333627
0.0490865233
-0.0142511963
0.0230594925
0.0577247335
0.0388779093
-0.0151903589
-0.0579621252
-0.0396830373
-0.0317955159
-0.0611372037
-0.0099563725
0.0128395167
0.0627197654
0.016755501
0.0443899581
0.0141204214
0.00349593935
-0.0475710195
-0.0030678058
0.00217521247
-0.0401251566
0.0493708633
0.0245310065
0.0643436646
-0.0568669822
0.000976320494
0.0480389737
-0.0579836311
-0.0536995133
0.0426228746
-0.0351436697
-0.0225411234
0.0603508949
-0.0438424208
-0.026535543
-0.034677727
0.0338670163
-0.0203229578
-0.00746341976
0.0522499584
0.0297456293
0.0447869872
0.0381024105
-0.0383406007
-0.0289520663
0.0304456542
0.012890956
-0.019942376
0.0214151052
0.0527541362
-0.0595790568
0.042404168
-0.0263122929
-0.0171822186
0.0289356258
-0.0391291736
-0.00526878266
-0.0154731454
0.00466096972
-0.0485283779
0.0590417124
0.0501512135
-0.0567682099
-0.0161631711
-0.0141876247
-0.045704835
0.0181484784
-0.0567168002
-0.0426938039
-0.0474908398
-0.0560941375
-0.000261454008
0.0185481871
-0.0546547642
-0.00269800933
0.0202813018
-0.0369343753
-0.0128138165
-0.00529283614
0.0638439959
-0.0423752624
-0.0311845381
-0.0381263894
-0.035496486
0.0434434215
0.00812442952
0.0374723058
0.0397410956
0.00272435566
0.056223132
-0.0441290252
-0.0347965803
0.0528926211
-0.00172007792
-0.0297437594
0.056706425
0.0518068439
0.0319021257
0.0477826595
-0.00606902133
-0.0201528701
0.0417713089
-0.0442150695
-5.88704456e-05
-0.0151305287
-0.0116420624
0.0500932646
0.0173289902
0.0339850347
0.0395359722
-0.038365449
-0.0140495535
0.0473413212
0.00397126929
0.0289783674
0.0144715314
-0.034697029
0.0516929357
0.0635944332
-0.0499616015
0.0294813037
-0.0410692241
0.0517225805
-0.0569576753
-0.0305892881
0.000781186719
-0.0528025688
0.051397886
-0.0016266969
-0.0511360493
0.0579132315
-0.0115881895
-0.00871190535
0.0157224776
-0.0565161584
0.0305375117
-0.0282712661
-0.0316806283
-0.04541627
0.0463511959
-0.0507673065
0.0287854189
0.00847062192
-0.0639908004
-0.0479671708
-0.0425840487
0.051557236
0.0476237222
0.0296822198
-0.0589368055
-0.0296723101
-0.0237564025
0.0150994323
0.0411114413
-0.0263799832
0.0284058686
0.00724847263
-0.0472099951
-0.048970575
-0.00322480286
0.011110331
-0.0458011385
-0.0490586818
0.0422234589
-0.027460945
-0.0383282831
0.0122048389
0.0614565017
-0.0425790239
-0.051633736
0.00306210444
-0.0131032758
-0.0578933461
-0.0458653633
0.0637877253
0.0206574254
-0.0415310133
-0.0578002065
0.0143600001
-0.0623669448
0.0113070019
-0.0398671977
-0.0542298831
0.0468762572
-0.052074353
-0.011324305
-0.036073575
0.0122677137
-0.0401365888
-0.0602751644
-0.0123506982
0.000761465069
0.028225233
-0.0241583478
0.0124126119
0.0180523856
0.00249713683
0.042167759
0.044297635
0.029031061
-0.000954635152
0.0210241835
-0.0292538422
0.0487918548
-0.00835483213
-0.00645036521
0.00509194684
0.0237197715
0.0494082948
-0.0161223921
-0.0637224395
0.0565021463
0.049017659
-0.0193934806
-0.0276407251
-0.0169604381
-0.0570852754
-0.0319962049
0.0619523275
0.000418739647
0.0331342687
0.00762169535
0.00283260003
-0.0308345121
0.0552254836
0.0378674727
-0.0397538598
-0.0306855726
0.0279162581
0.0263369353
0.0254187505
-0.0163192992
-0.0610677869
0.0209581686
-0.0254594914
0.0576851912
0.0286991905
0.0396628939
-3.79695959e-05
0.0509992709
-0.0135572445
0.0535501688
-0.0383020569
-0.0489979219
0.0166664695
-0.0408266032
0.0455020011
-0.00321116869
0.00306791816
0.0264893645
0.0190922259
-0.0125617532
0.0289610597
-0.0295172415
0.00993052424
0.0388206412
0.0258513579
-0.023937216
0.0417381964
0.0156157892
-0.0494135298
-0.0571901315
-0.0515508768
-0.0295287558
-0.0540961291
-0.0231517788
-0.0268653244
0.0570360891
0.0332103845
-0.031161487
0.0343898364
-0.0229812128
-0.0175097765
-0.0632660364
-0.00156013132
-0.0569404428
-0.0285450154
-0.0358725038
-0.0170266944
-0.0140983408
0.0160175495
0.0440906676
0.0371551362
0.0605269444
-0.015743651
-0.0449206566
-0.0227637552
-0.00758277054
0.0617278838
0.0616377743
0.0154900793
-0.0550746795
-0.00454969804
-0.0445599732
-0.000426270146
0.00531442955
0.00474359697
-0.040208069
0.0174529467
0.0014731224
-0.0557738285
-0.050200935
0.0555694805
0.0442569212
-0.0619386847
0.0314707744
-0.00800774381
0.0209559216
0.00126213762
0.0062638613
-0.0522235885
0.0389653775
-0.00689203874
0.03111092
0.0287018658
0.0246213496
0.00642110096
-0.0460854623
-0.00208219132
0.0420959604
0.0574221108
0.00732093777
-0.0281532032
-0.0274309197
0.0390325311
0.00694806318
0.00923807639
-0.019283699
-0.0113880781
0.0577332488
-0.023802475
0.0575285025
-0.0393313263
0.0514419659
-0.0569346682
0.0626480873
-0.0203500581
0.0381017762
0.0583534894
-0.0412561316
0.0411986379
-0.0538296525
-0.0566709162
-0.0585186757
0.0482126817
-0.0392814939
0.0622376403
-0.0294714042
-0.0407183572
0.0244580342
0.0205468027
-0.0179739737
0.00581499678
-0.00264936877
0.0186716303
0.0401258897
-0.0376123336
-0.0363629406
0.0623007068
0.05043148
-0.0120195201
0.0444521589
-0.033193414
0.0433872549
0.0515231553
0.0317500306
0.0377949945
-0.00651240774
0.0230151074
0.0408590405
0.0366730004
0.0311735012
0.0462793073
-0.0359144664
-0.0234878108
0.0386962053
-0.0541103323
-0.0442176411
-0.0528631698
0.00679983003
-0.00249742452
-0.0458295082
0.0373289713
0.0258726342
7.04333989e-05
-0.0279180115
0.0493707145
0.0640468057
-0.0324495522
0.0228009561
-0.0580362933
-0.0533834338
-0.0447567422
0.0448869878
-0.0359628737
0.014047663
-0.0139804162
0.0313884142
-0.0248509182
0.00548166452
-0.0339643447
-0.0350054922
0.0589279985
0.0403681514
0.014884504
0.0598106672
-0.0375039322
0.00224176169
-0.00315115703
0.0405484188
0.0444759536
-0.0347275139
-0.057587089
0.0405036052
-0.00977293115
-0.018925717
0.0215853012
-0.0140286463
0.0448010366
0.0101198877
-0.00840634031
-0.0181345255
-0.0139657728
-0.0324023018
0.0464361922
-0.0222100265
-0.0267115035
0.0642528511
-0.035829628
0.0391409674
-0.0427549188
-0.0211532838
0.0369924372
-0.0501963582
0.03383658
0.0489412191
0.00428901051
0.0516924102
0.0564396188
0.0529719736
-0.000608381667
-0.0147402347
0.00760712218
-0.0296124473
-0.0146695557
-0.0129032153
0.0619944286
0.043147673
0.0460045187
0.0553081395
0.0545304547
0.0283896626
-0.0512151277
0.0426899034
-0.0422030386
0.061983041
-0.0353773009
-0.0139895935
0.0230313156
-0.0364702259
-0.0156652792
-0.00971726697
0.0197991425
-0.0598056461
0.0318721253
-0.0456424728
-0.0160016499
0.0365763769
-0.0486560694
0.0416037489
0.0023275693
0.0455651208
-0.0273531738
-0.00347511855
0.0207932698
-0.0588968016
-0.0207065674
0.0348113748
-0.0308367712
0.0602511195
0.056127767
-0.0200180289
0.0126472938
-0.0422182779
0.0130484029
-0.00152649609
-0.0197652102
-0.0434176463
0.0156151263
0.0134042357
0.000958849359
-0.0475084966
-0.0136075953
0.0242700889
-0.0216404679
0.0520047742
-0.061922942
0.0410337811
0.0266436596
0.0492904729
4.78159602e-05
0.00987049814
-0.0329433784
-0.0639079634
-0.0432928552
-0.033177401
-0.0387461491
-0.011008389
-0.0130032844
-0.0241240985
0.0271167026
-0.00887296629
0.0279454584
0.00115488216
-0.0458116949
-0.0321828849
0.00900321092
0.0166693822
-0.0526232034
-0.0338132471
0.0233654164
-0.00651544813
-0.0492688238
-0.0487553441
0.00432898827
0.0296358119
-0.0261384111
-0.0379208324
0.0225974638
0.00615338959
0.0158426243
0.0314603543
0.0586261997
0.0192914279
-0.0594138162
-0.0392359193
-0.0130689093
-0.0345873261
-0.0448805134
-0.0434399375
0.0562275719
0.0354036494
-0.0638275405
-0.0138329921
0.0537766411
0.0355559199
-0.0322553029
-0.044498635
-0.0436960826
0.00755756821
0.0356346074
-0.022137694
-0.00629753522
-0.0157963216
-0.0330358774
0.0151373899
-0.0444916833
-0.0149367699
0.00853793018
0.0174123516
-0.000584463836
-0.0412489118
-0.0390727874
-0.0205809509
0.0607003015
-0.0199854034
0.0347204697
0.00599436544
0.00922063566
-0.0445602233
-0.0385747036
0.0518540026
0.0456064996
-0.0562504917
-0.000385816619
0.0470120022
0.0569675355
0.0479030784
0.016623381
0.0369197181
0.00057580896
-0.0251586605
0.0356880262
-0.0338717652
-0.0188090577
-0.0104672452
-0.0238625702
-0.0488510902
0.021015426
-0.0570480582
0.0228468929
0.0462317994
-0.030870162
-0.0520086955
-0.0303354629
0.0059464095
0.0193751624
0.0287677083
0.0368937537
0.0574252666
0.0451692155
-0.0416013613
0.0361921146
-0.00873478927
0.0115789801
0.0173874712
-0.0492278885
-0.0387225768
-0.0299860698
0.0302802373
-0.00803568017
-0.0523854013
0.0486571976
-0.0617849292
-0.0566367975
-0.0199433804
-0.0443751458
0.0238588489
-0.0621086146
0.0214141852
-0.0431422489
-0.0045082654
-0.0482790489
-0.0559650613
0.0392732572
-0.044036064
-0.00619288068
-0.0186637774
-0.0542520996
0.00624153068
-0.0342898456
-0.0534140227
-0.0106171771
0.0512531694
-0.00119172278
0.0380829415
-0.0423403024
0.049096585
0.0384600944
0.0145535149
-0.038504867
-0.057068669
-0.0637654555
0.00678330348
0.0565798007
-0.0303688471
0.0565273497
0.0634281521
0.0491146377
-0.0550713192
0.0129689994
-0.0434266058
0.0120578383
0.0600063715
0.0288623982
0.00935509828
0.0501995859
0.0217876943
-0.0345389336
0.0376796416
0.0608528863
-0.023820991
0.0472439585
-0.0141089029
-0.0536095729
-0.0228068492
0.0626149333
-0.0608454436
0.0273061992
-0.00579990466
0.0124606003
-0.021210418
0.0402213619
-0.00849062281
-0.0306821609
0.0288593324
0.0153468139
0.000913184803
0.0328510606
0.00805588834
-0.0359824116
-0.000974109256
0.0290504313
-0.00969884422
0.0118573005
0.0247800684
-0.044154948
-0.0553601129
0.0361606035
0.0113109266
-0.00566645449
-0.0382452166
-0.0127979732
0.0244678437
0.0629579814
-0.0419703418
0.0543557851
0.0333636754
0.027478914
0.0611582673
0.00430306845
0.0431560478
-0.0357276279
0.0524759359
-0.0131408143
-0.0432806842
0.00868288785
0.0375352323
-0.010871264
-0.0339264926
-0.00181718252
-0.0505261717
0.0543701349
-0.0547941067
-0.0572129217
-0.0279908275
-0.0238593903
0.0130433302
-0.0625706757
0.0167711729
0.048947406
0.0366387306
-0.0418543
0.0221440058
0.0084736105
0.0146946974
-0.0296903923
-0.019870676
-0.0467199184
-0.0532570406
-0.014858824
-0.0180198206
-0.0266255509
-0.0431665507
-0.000474378256
0.0520962209
-0.0440131676
0.0207211512
0.0382432105
-0.0268563376
0.0381709726
0.040933914
0.0442807538
0.00173314104
0.0182731246
0.0362949307
-0.0395061074
0.0292645035
-0.00931836014
0.0204000216
0.0345125392
-0.0226934464
0.0550932044
0.00875144165
-8.48419727e-05
0.0490572536
-0.0038453663
-0.0185950761
0.0395329002
0.0282802935
-0.0416432541
0.0356038199
-0.0130995849
-0.0517346308
0.0373922003
0.0246863787
-0.013445257
-0.0137157059
-0.0617992097
-0.0307551393
-0.0230233247
0.056726987
-0.00889853468
-0.042130771
0.00584707525
-0.00812793657
0.0118490793
0.0212968565
0.00328663975
-0.0497641169
-0.0481181097
0.0467121456
0.00736167608
-0.0531697906
0.016256628
-0.029994637
-0.0293167214
-0.0423086388
-0.00474083495
-0.0236632893
0.0120385632
0.031802327
-0.035594376
0.0609162199
-0.0353184922
0.00142827317
0.0233032743
-0.0350988586
0.0065513157
-0.021629449
-0.00560642487
0.0568226025
0.0375303263
-0.0325471209
-0.0150677289
0.023392268
-0.046096056
0.0250347984
-0.0489347873
-0.0406863044
0.0552892726
-0.0564111995
-0.0325331327
0.00853627788
-0.00147588628
0.00456165621
-0.0543696138
-0.0122457133
-0.0607957858
0.0342308137
-0.033601446
-0.0115717311
0.0300045031
-0.00295136027
-0.048629872
0.0282918722
0.00291367049
-0.0620441579
-0.0176335915
0.0630324418
0.0324386221
-0.0317556217
0.0477674309
0.0145093899
-0.0455961403
0.00565166312
6.76763348e-05
0.0642551952
0.0584526325
0.0551674716
-0.0348137194
0.0203196045
-0.0261023454
-0.0152128579
-0.037129394
0.0052352633
0.00537978276
0.0323832968
-0.00790262831
-0.0594883582
0.0137614688
0.035876072
0.00481804752
0.0554273589
-0.0441935568
-0.0569722106
-0.00133542508
-0.0604614102
0.0234491393
0.0457899006
0.0588783999
0.0365093286
-0.0533925488
-0.00764673713
0.0623456943
-0.0273494481
0.0222180994
0.0422049275
-0.063171486
0.0557272535
0.00809717706
0.0438271128
0.0544550783
0.0531394462
0.0300693226
0.00594183141
0.0286782172
-0.0114063574
-0.00058390039
-0.0207280905
-0.0602407653
0.0414541481
0.00294757516
0.036715347
0.0101862702
0.0279991477
0.0554738815
0.0279410862
-0.0385357448
0.036313742
-0.0636813182
0.025132321
0.0351420736
-0.043595786
-0.0453267163
-0.0304384968
-0.0544483436
0.0377006654
-0.0237901212
-0.00697476763
0.048696911
-0.00915214963
0.0588374356
-0.0253071762
0.0497695739
0.00276212209
0.0632925123
0.00245793928
-0.030959943
0.0181304034
0.0232635372
0.00420398827
-0.0592982079
-0.0629318325
-0.0212212412
-0.0182814468
0.0343390949
-0.0053229301
0.0095101852
-0.0391859755
0.0306930482
0.0417173627
0.0177816949
0.0559611861
-0.0343046545
-0.00042016637
-0.0272679989
0.0115553355
-0.0103985837
0.0265332787
0.0217903762
0.0561873906
0.00611268423
0.000835060478
0.0410808991
-0.00359256337
0.0286381025
-0.0527213045
-0.061773731
-9.80544587e-05
-0.0492371176
0.0139037086
0.0370522075
-0.0358686976
-0.00102809426
0.0287753494
-0.00257487959
-0.0346073435
0.0342855396
-0.0146206313
0.0292885652
-0.041127005
-0.0108493399
0.0143459596
-0.0309264232
-0.031530536
0.0337467834
0.0619876244
0.0100774022
-0.0449386724
0.0182707814
0.04363402
0.00160939581
0.00671871095
0.00489872383
-9.21076155e-05
0.054984903
0.0565936278
0.0533792399
-0.0351789532
0.0642494228
0.0637693661
-0.0144692303
-0.00112538774
-0.0602233216
-0.0236667713
0.0225726783
-0.0426592582
-0.0408278708
-0.0145190412
-0.0401826047
0.00522715133
-0.042123827
0.0547630575
0.000491610354
-0.0414348066
-0.0416394252
0.0416744606
-0.00826239734
0.0327156106
-0.00376765656
-0.0640663263
-0.0630438537
0.0131166507
-0.0279288022
0.0424714481
0.0540877672
0.00933390935
-0.0142795422
-0.0297284738
0.0293033054
-0.0484915927
0.0513007051
0.0547296362
-0.0535082835
-0.0113812546
0.00817213973
0.0112030343
-0.0468937178
0.0143843406
-0.0570188612
-0.057843867
0.0436141064
0.0142417443
-0.0213609483
0.0559034395
0.0250106475
-0.0114559849
0.062681102
-0.0159229444
-0.0047037322
0.0360259658
0.0122070062
-0.0053649652
0.0503573946
-0.000141660151
0.0371697347
-0.0134611978
-0.037844357
-0.0262891048
-0.0360429304
0.0135147411
0.0414678125
-0.0142377072
0.0153522924
-0.0293617328
0.0371079611
-0.0483815564
-0.0407149348
-0.0191774788
-0.0157676897
-0.0603745702
0.0120235509
0.0530304687
0.0368026091
0.0181794519
-0.023873252
0.0323603814
0.0260406834
0.000105937967
0.023354556
0.0502191984
-0.0198342592
-0.0320800396
0.0297528238
0.0511419269
-0.025796512
-0.0429306023
0.0216788871
-0.0135816125
0.0601959781
0.00711950945
-0.00441216035
0.0113054131
-0.0498041771
0.0521231574
0.00964455355
0.0596026449
-0.026483402
-0.0244787932
0.00460126733
0.042800494
-0.0512868097
0.0166864182
-0.0508900591
0.0415460336
0.036540803
-0.0627193392
-0.0157479731
-0.0337380288
0.00963256441
-0.0483612575
0.0295856143
-0.0355632907
-0.0285803891
-0.0315235799
-0.0420477665
0.027211566
0.0537308926
0.00461067919
-0.0280305616
0.0111556765
-0.0287506735
-0.00209631277
-0.00362716191
-0.0469604853
-0.00194794776
0.037743913
-0.0309743259
0.0224802307
-0.0360134195
0.0259051941
-0.005974263
-0.0585060206
-0.0394889436
-0.0263996017
0.0604600152
-0.0287495396
0.0368694444
-0.0540002591
0.0158803854
-0.0422430705
-0.0412171373
-0.032815218
-0.028904222
-0.0522469587
-0.0239049833
0.0129577098
-0.0363837088
-0.0450404716
0.0399915003
-0.0277281677
-0.0267836693
-0.00270199139
0.00948997027
-0.0545605004
0.0576413361
-0.0241083414
0.0262854219
-0.0174385282
0.00836345845
0.013250675
0.0520785287
0.0549819151
0.0367716911
-0.0184547415
0.0629236552
-0.0562113264
-0.0454999634
-0.0317619284
-0.0619394337
0.0334524055
0.0144515476
-0.023261583
0.000799441394
-0.0426317512
-0.0438019868
-0.0390366333
0.0326450814
0.0102292966
0.0152103994
-0.00563254902
0.0166958109
0.0308201636
0.0155068973
0.0145428843
-0.0349142002
0.00726377722
0.00932635293
0.048587498
0.0403951051
0.0541539573
-0.0299945706
-0.0471412816
-0.0625597867
-0.00338706243
0.0577678735
0.0465393845
-0.0118659624
0.0603570261
0.058834135
0.0203073228
0.0507292106
0.0558129237
0.0453304204
0.0521737626
0.0266979186
-0.0301561695
-0.0639086825
-0.0409354364
-0.0263371054
0.0340410653
0.0288590499
0.0370296837
0.0227209511
0.0522893345
0.0518985131
0.0207127129
-0.0225289412
-0.0542347392
0.00665879413
-0.0616919954
0.00896808873
-0.0257013451
0.00443730317
-0.00541330648
0.0583124516
0.0243457159
0.0107073937
-0.00745753458
0.0165890048
0.0605257824
-0.00650498872
-0.00376281201
-0.0331090343
-0.0602963263
0.0276633038
-0.0592319431
-0.064008221
-0.0482598261
-0.016999047
-0.0244473409
0.0622112474
-0.0575853192
-0.00695035677
0.0332653234
-0.0193387465
-0.0596924992
-0.0154436461
0.0177297332
0.0387144817
-0.0171561171
0.0560267751
-0.0232984273
0.0563821599
-0.0277625831
0.0599611977
0.0031874599
-0.036479775
-0.0111368761
0.0382145139
-0.057939147
-0.031872737
-0.0488084311
0.0201547605
-0.030204682
-0.0185492955
0.0106315793
-0.00838667304
0.0634971778
-0.00553423004
-0.0300881765
-0.0371465513
0.0257465204
0.0297975789
0.064308561
0.0351904877
-0.0427527625
-0.0372320378
-0.0611333761
-0.00674919138
-0.0222883806
-0.0518568832
0.0112033945
-0.0277515948
-0.0285712118
-0.0612325364
0.0503425824
0.0174599094
0.0236870226
-0.0510227109
-0.0437063336
-0.0171911042
-0.00112804176
-0.0279417136
0.0215810523
0.00358704969
0.0394025775
0.0249594822
0.024092517
0.0425825861
0.056200404
-0.0246556363
-0.044841988
0.06271495
0.0143724668
-0.0368227799
0.0539814935
-0.0363081413
-0.0632122264
-0.00855087983
0.0123062641
0.0527934677
-0.0203502059
-0.00341352882
-0.0240032773
0.0373123686
0.0314268254
-0.0375851237
0.0548542379
-0.0611453742
-0.0572653628
0.0348660816
-0.0352701851
-0.00482078774
-0.0265268942
0.057947405
-0.0303068679
-0.0200814495
-0.0320242858
0.0628625343
-0.0518819605
-0.0215862326
0.0482515092
0.0548415125
0.0277666982
0.0544144839
-0.0143157046
0.0402431839
-0.0214291752
0.0562451894
0.00830168471
0.019506543
-0.013088728
-0.0635465789
-0.0428100651
0.0511144159
0.0236541094
0.059834909
-0.0185971541
0.0186109147
-0.0173699579
-0.0493382843
0.0133447129
0.0251521187
-0.0162482084
-0.0225201137
0.0621503877
0.00917040766
0.0374723792
0.0329487581
0.0283149277
-0.0142167335
0.0273412299
0.0271277955
0.0398683269
-0.0138938519
0.00207782664
0.0610069249
0.0213205108
-0.0481104136
-0.0459807884
-0.0442264127
0.0283887341
-0.0253101576
0.0364738241
-0.0151719309
-0.0157870719
-0.0506661571
-0.0178047949
-0.0626648458
-0.00423887767
-0.00609924802
-0.025433126
0.000469649869
0.0190586078
0.062142077
-0.00130506656
-0.0333505701
-0.0580095298
0.0462555278
-0.0253852468
0.0190888787
-0.00212385516
0.0635091571
0.0195779065
0.00460607553
0.0450029226
-0.0231118514
0.0288485976
0.0517985267
-0.0299691493
0.0098991335
-0.0355731387
0.000689216705
0.0599304837
0.0431041035
-0.00757545237
0.0455890024
0.0401483794
0.0297980845
-0.0150658695
0.0576434156
-0.0521131172
0.0476676637
-0.0193961431
-0.00456683073
0.0282437282
-0.0333453812
0.0360390235
0.0105584069
-0.0127429199
-0.0399052136
0.00745536606
0.00781555654
-0.0575013597
0.0116391964
0.00419558781
0.0585968082
0.0550939988
0.0151429317
-0.0289248211
-0.0298880189
0.0434375069
0.0183677021
0.0267234536
0.0482773027
0.00643810394
-0.0206908773
-0.0561378212
0.055286959
0.0281799923
-0.0476637011
0.0339687488
0.0473322887
0.0163075155
-0.0451618847
-0.00330735282
0.0501083409
0.0473105867
-0.0592058638
-0.0605006552
0.013457043
-0.0197556083
-0.0480955818
-0.0468652548
0.0472597941
-0.041065514
-0.0496074447
0.0633113183
-0.0608884552
0.0624114592
-0.0126150712
-0.00504099872
0.0111122479
-0.00637084339
0.0366182849
0.0586958592
0.0583241356
-0.0317735041
0.00217951123
0.0112687359
0.0568992246
-0.0158278392
0.0187502981
0.0229551533
-0.0158534387
0.0546115022
0.0503288328
0.0243932172
0.0263493674
-0.0407896511
-0.0433232607
0.0376799678
-0.00517153342
-0.00489641708
-0.00493952734
0.0231776881
0.0362061143
-0.00248532012
0.040554656
-0.00343045892
-0.0579131828
-0.0280120287
-0.0457060624
0.0571330451
0.034256276
-0.0555463877
-0.0191055007
0.0534256841
-0.0446316687
0.0513415842
-0.0275752276
0.0394281403
-0.00607694333
-0.0368889127
-0.0540624849
0.0504673564
0.0282633339
-0.0202452276
-0.023543633
0.00994492212
0.0453464763
0.0478111345
-0.0380042268
0.0459443415
-0.0223730756
0.0309550831
0.00492239058
0.0143618645
-0.042590052
-0.0398606515
-0.0342564512
0.0351305419
0.0486868887
0.0233951323
0.0262818287
-0.0390753553
-0.00845639897
0.0529342306
-0.0537307499
-0.0101528769
0.0268000109
0.0587089097
-0.032413004
0.0431158585
0.0597883924
0.0618711681
-0.00231647357
0.0202245177
0.0332761575
-0.0396570523
-0.0403604093
0.0603617851
0.00113488158
-0.0434045712
-0.00730814029
-0.0321637239
0.0535844425
-0.0339233368
-0.0271632037
-0.0146398918
0.054376984
-0.0233159628
0.0185581629
0.0307821011
-0.00451799045
-0.0526991789
0.00827433996
0.0495802109
-0.0013332735
0.000210791188
-0.0088897603
0.0291099836
0.053467385
0.0561068523
0.00028579962
0.0235178835
0.0534118975
-0.0290180892
-0.0504746184
0.00561836137
-0.0493812562
-0.0278195531
-0.0619030439
0.0561255662
-0.0252103671
-0.022770627
0.0280052193
0.0428209289
0.0491260764
-0.0176964331
-0.0100103209
-0.0481685523
-0.00445145575
0.048016613
-0.0146681296
-0.0108881826
0.0147077573
0.00906846816
0.0601479428
-0.00401846082
-0.0166576034
-0.05974996
0.0421137178
-0.0103311637
0.0457310122
0.0246776943
-0.036524755
0.0560407184
0.0332412037
0.0150901414
-0.024471986
-0.0120295472
0.0623752617
-0.0365191884
0.0105101787
0.0585038783
-0.0327138286
0.0153567125
0.0595961447
-0.0118406839
0.043719708
0.0453098567
0.0164383838
-0.00889511189
-0.064143838
-0.0614126678
0.0443995065
0.0209174525
-0.0251022056
-0.0633704075
-0.0027140353
0.0439346836
-0.0457273296
-0.0188211985
0.0235566547
0.0497280534
-0.0602790074
0.000387187263
-0.0563536299
0.0376827989
-0.0278427871
0.0137605085
-0.0641475045
0.0269690715
-0.0564727379
0.0273773075
-0.0190965406
-0.0336796644
-0.00982737739
-0.0495608058
-0.0245502687
0.0158994409
-0.0235883276
0.0337258371
-0.0517237009
0.00727772691
0.0260896024
0.0184910298
-0.0523918813
-0.0363121312
-0.00677345619
0.0120730168
0.0440554125
-0.0240719636
0.0510178776
0.00384946099
-0.0212332984
-0.0437516699
0.0125379442
-0.00934145089
0.0020899907
0.0540186948
0.00801170873
0.0571670815
0.0123377355
-0.0435631118
-0.00493577073
0.0019052553
0.0145073434
-0.0385788683
-0.0391205619
-0.0619699611
-0.00736006584
0.0529003047
0.00800322924
0.0336028097
0.0272419576
0.0599350019
-0.0588661179
-0.0367953718
0.0467286246
-0.0204745014
0.0306546671
-0.0505972152
-0.000643438562
-0.0331385755
0.023705992
0.0207315337
-0.0218219915
0.0334405675
-0.0330977224
0.00599793559
0.0155024225
-0.0391456616
0.0155439196
-0.0173326707
-0.0116869937
0.0640841834
0.0621226129
0.00730264997
0.0483675635
0.018489636
0.0129448016
-0.0337317661
0.0468680246
-0.0570482376
0.0434224678
-0.0289579664
-0.0543010604
-0.0311680378
0.00859786585
0.0188478414
-0.0248991395
0.00297229448
0.000552069913
-0.0115919036
0.0304616627
0.0179623898
-0.0466615306
0.0192859138
0.0178582664
0.024956173
0.00207681556
0.0537053405
-0.0346269157
0.0400513218
0.0269797998
0.0556826342
0.0622252061
0.0609810378
-0.026085797
-0.0372870288
0.05548589
0.013478118
-0.0186180724
-0.0421862113
0.0320413841
0.04882075
-0.0236559064
-0.0513889282
0.0589417353
-0.0096484098
0.0102086135
0.0406929976
-0.0456308879
0.0403003459
-0.0146365827
-0.0155972308
-0.0580070227
0.0148403191
0.0218034487
0.0402506722
-0.0288468129
-0.00671523834
-0.0360495293
0.0460361566
-0.0351106492
-0.00485545633
0.00848968851
-0.0368988938
-0.0186286883
0.0196806947
-0.0125312082
0.0284384501
-0.0474686466
0.0361856518
-0.0195968339
0.0451697359
0.0596602029
0.0330406594
-0.0103720418
-0.0410323095
0.0233694162
-0.0292012438
0.0247013452
-0.0229857005
0.0256621595
0.00838002211
0.022875574
-0.0591292602
0.0326425141
0.0344520361
0.0627530364
-0.0333200041
0.0291539448
-0.0185025801
0.0199843674
0.021303787
-0.0277653888
-0.0409600172
0.0287607208
-0.0241725102
0.0613388228
0.0547672288
-0.0635277664
0.0222927825
0.0131828093
-0.0241248182
0.0252898882
-0.0420994687
0.0149190222
0.0347734242
-0.00894190079
-0.0312225559
-0.0428553264
0.0313678289
-0.014456467
-0.0527373092
-0.0222239627
0.0193753036
0.0444800337
-0.000604505599
-0.0513969281
0.0136032231
-0.016331937
0.014945877
0.00887736664
0.0226518514
-0.0570391893
-0.0571010361
0.00522135994
0.0560666858
-0.0507238922
0.0314797138
0.00548097841
-0.0187662686
-0.00339882253
0.0602966277
0.0443420762
0.0587035512
-0.0620650782
0.0069016707
0.0348525238
0.0129198371
-0.00421382694
-0.0457653835
-0.036177906
-0.0348265067
-0.000207901579
0.0309834409
0.044998985
-0.0413686364
0.049692163
0.0340108724
-0.0460572276
0.0309507611
0.0444739997
-0.0170889633
0.0558792859
0.0255765417
-0.0375056008
-0.0200382506
0.0581687501
-0.0424592801
0.0243700373
-0.0527657854
0.0038564258
0.0201332315
-0.0370566207
-0.0104597885
-0.0194775984
0.0156082929
0.0466442201
-0.0055881883
-0.0230183253
0.0476438677
-0.00422329711
0.0303017563
0.00543135591
0.0481926888
-0.0441166492
-0.0500491829
0.020611363
-0.0129765975
0.0557342044
-0.0378482437
-0.0497116613
0.00471704531
-0.000226344527
-0.0233231242
-0.039624434
0.0629751927
-0.030896847
-0.0100702696
-0.0364949616
0.0505593264
-0.00611648932
-0.0077000966
0.0364834013
-0.0542288211
0.054959386
0.0578950275
-0.0224317652
0.0466975281
0.059232424
0.0387997788
-0.0174511415
0.022347242
-0.0577771775
-0.0132419594
0.0292023677
-0.0625082779
-0.0326646697
0.00135723369
0.0470198565
0.0470775663
0.0113166617
0.062334581
0.031762514
-0.0410349808
-0.0337891437
0.0186036881
0.00263843183
-0.0293123072
0.0472780675
0.0255690577
-0.0314396755
-0.0532350093
0.0554957339
-0.0455723402
0.00388672619
0.0506295826
0.0222894004
0.032068678
0.0289719343
-0.00605707039
-0.00914584699
-0.0109457083
-0.0408876872
-0.0390890145
-0.0594821834
0.00311845042
0.0406298247
-0.00208375266
0.0299728141
0.0324264155
0.0320404798
-0.0390415837
-0.0301602765
-0.0387727571
-0.00681247574
0.00112957187
0.00334876469
-0.0119077293
0.0364465208
-0.00573606781
0.0160445158
0.0107302864
0.0375680113
0.0287168788
0.061636176
0.00654492509
0.00985733268
-0.0461819334
0.0589193391
-0.0386906379
0.018252716
-0.0535620638
-0.0184967392
-0.0473031313
0.047391907
-0.0617955777
-0.000400421508
0.0335321935
-0.0226042185
-0.0339194619
0.00824777408
-0.0287648566
0.0543909429
0.0608935443
-0.0294961704
-0.0161001221
-0.0166540278
0.0487087754
-0.0263297873
-0.0353147079
-0.0548654721
0.0236061728
-0.0176794593
-0.0343671528
-0.00867642584
0.0424668567
-0.00363360106
0.0149425552
-0.0115149605
0.0329117089
-0.0158647388
0.0253667808
-0.0578194841
0.011970492
-0.00124096858
0.00812154619
-0.0576383003
-0.0444109408
-0.00369033725
0.0524509262
0.0374055773
0.0595031422
0.0204717417
0.0148014366
0.00140595135
-0.00431278422
0.036448168
-0.00331885528
0.00734986741
-0.00885327295
0.0384366165
0.0303139384
-0.0299922599
0.0227107328
0.0513708831
0.0501586611
-0.0555839586
-0.0277578616
0.0194834929
-0.06351681
-0.0426868844
0.0368779207
-0.0587379931
0.0544934474
0.0496394421
-0.0180320404
-0.00995500631
-0.000281926446
-0.0299174073
-0.0630791173
0.0523940194
0.00229842456
0.0276464892
0.00169980935
0.0183007207
0.0317853315
-0.050024183
0.0102711533
-0.0576611844
-0.0138822044
-0.0219011954
0.0187777709
0.0481945756
-0.0540818241
-0.00839638891
0.0229666017
-0.0612728795
-0.0160338719
0.0504534989
0.0530548803
-0.0627231175
-0.0282207684
0.00342817563
-0.0414085759
0.013903293
0.00187258547
-0.0135772566
-0.0187541588
0.0289744976
0.00534298794
0.0274513706
0.0189086734
-0.0388262462
0.029618779
-0.057440515
0.0177510619
0.0523998611
-0.0259086736
0.0480084637
-0.0192330566
0.0335088211
0.0401447116
-0.0478456152
-0.0599799969
-0.0369995166
0.0446112058
0.0174704805
0.0362927346
-0.0556842622
-0.0538391562
0.0186469763
-0.032513249
-0.0115768776
-0.0634736317
-0.0109449743
-0.0546991863
0.00889447695
-0.00154160434
0.0109555099
0.0145137219
-0.0281264457
0.0529837686
0.0290795664
-0.00747422601
-0.0380520295
-0.0458278064
-0.0107348044
-0.0619479643
-0.0181184313
-0.013369584
-0.0586075965
-0.0453345612
0.00560100408
-0.0169030951
0.0421278733
-0.026755639
0.00246865901
0.00342774515
-0.0544313835
-0.035333553
0.0495963386
0.0217008075
0.0355950172
0.0382557179
0.0248580689
-0.0193103067
0.00900314761
0.0156089736
0.0264724976
-0.00376248442
-0.0626699397
0.0389991194
-0.0492683016
-0.0431314214
-0.0367433151
0.0619986912
-0.0117788226
0.00300078978
-0.0373128125
-0.0154166348
0.0170078771
-0.0623735277
0.0270557217
-0.0176239835
0.0447698178
-0.0640436505
-0.0279612399
-0.0198822285
0.0375748978
0.0555986278
0.012146619
-0.00827380177
-0.0301286647
0.0498218828
-0.0349738912
-0.00739661575
-0.0413052554
0.0475561411
0.01227519
-0.0423553127
0.00308466673
0.0426088129
0.00157526616
-0.0409426679
-0.0245828796
-0.0452461298
-0.0207703851
-0.0398210973
0.0107191887
0.0231809474
0.0546876183
0.0530928033
0.00589226027
0.00500558298
0.022451806
0.00901178245
0.0607296996
0.0615524609
0.053201614
-0.0470003893
-0.0362514765
0.0532717202
-0.0121384732
-0.0341152564
-0.0351130541
-0.0491691631
-0.0460414446
-0.0610728737
-0.0360524258
-0.0163307817
-0.0332381614
0.0213179633
-0.00675161467
-0.0273672248
0.0312347457
-0.0196899199
0.0276577148
0.0263178346
0.0120065419
-0.0441717388
0.00939798969
-0.00416856453
-0.0156251592
0.0119182221
-0.0501983272
0.024451627
-0.015988289
-0.0100797425
-0.0030434104
0.0462421152
0.0395674925
-0.0522838885
-0.0435501039
-0.0349742677
0.055402875
0.0133583761
0.0446800385
0.0423721981
0.0353515274
-0.026750192
-0.0227152063
-0.0200921012
-0.0172993892
0.0464466501
-0.0203396727
0.0230863263
0.0376244388
-0.0615487097
-0.0374057423
0.0413144401
-0.0126980544
-0.0274324289
0.041715789
-0.0350007172
-0.0324057269
0.0307477064
-0.0173040459
-0.0419728613
0.0169963079
0.00543497201
0.00394496216
0.0578810431
0.0496315778
-0.0584725963
0.00959718166
-0.0484252317
-0.0304601119
-0.037696746
0.000103422732
-0.0541513412
0.0121072833
-0.0427573937
0.0642098095
0.0614376428
0.00682087048
-0.0475055729
0.0393732215
0.039744451
0.0452996277
0.0533452183
-0.0129479785
0.0543325516
-0.0170585702
-0.0331969051
-0.0303953334
0.009712687
0.0228008176
-0.0478615876
-0.011561632
-0.0264276788
0.0459642785
-0.016594098
-0.00356917018
-0.0145571733
0.010982219
-0.0423067917
0.0615632798
-0.0364311819
0.00169033026
-0.0579653648
-0.00183926302
0.0374774828
-0.044939229
0.0597263178
-0.0560433754
-0.0230236264
0.0630264624
0.0399611979
0.0322836159
-0.0177141996
0.0487958794
0.00804962896
0.040115715
0.031765479
-0.0294200577
-0.0574332287
-0.0478631384
-0.034622315
0.00708046352
-0.0502870541
0.0248907621
-0.0220274934
0.0457529131
-0.024865523
0.0273624783
-0.0198873217
0.0211225195
0.0628015199
-0.0603835635
-0.0139253353
0.013918533
0.0175008575
0.0623784776
-0.0153561235
0.0357362992
-0.0529350103
-0.0410071896
0.0391045877
0.0493598252
0.0227770823
-0.04468799
0.00941999675
-0.0624357552
-0.0384952563
0.0299498949
0.0259540781
0.0354453453
0.0270436701
0.0508759834
-0.0587028
0.0619821114
-0.0635255743
0.000816781484
0.00650800807
0.0338414253
-0.0601745385
0.0156797102
-0.0406740376
-0.04442154
0.00852574608
0.00384664938
-0.010196076
-0.0139187314
0.0169689587
0.0394076938
0.0604766278
-0.00869420351
0.0327696352
0.0588899513
-0.0449932774
0.0593921048
-0.030068062
-0.00653606238
0.0374609454
-0.0543319302
-0.0403144481
-0.0103830364
-0.0136721082
-0.0225707744
0.0361411108
0.0561924937
0.00416714672
0.0444027719
0.0265634512
0.0467898595
-0.0631656127
0.00412516042
0.0268130227
-0.00318949017
-0.0464992583
0.0570139981
0.00948858372
0.0359664761
-0.0417367912
-0.0352302007
-0.028812961
-0.0445228698
-0.0254154737
0.00314310999
0.0595469167
-0.043851729
-0.0316554257
0.0630041844
-0.0195202359
-0.0592466737
-0.00548047544
0.0113346379
-0.0437842389
-0.0306373395
-0.0538271631
-0.0166709576
-0.0264959052
0.0604745333
-0.0161474278
-0.025739241
-0.0119818241
-0.050632981
0.0438315664
0.00522347232
0.0302413521
0.005991617
-0.0245094729
-0.0115281257
0.0414515577
-0.0510193062
0.0164973706
0.0376390879
-0.0117994488
0.0469433983
-0.0179943961
-0.0496265674
-0.000593292731
-0.06015454
0.0175243751
0.00470556049
-0.049664356
0.0162647178
-0.0232633323
-0.0119375585
-0.0272877178
0.00248206166
-0.0462289528
0.0543538745
-0.0515662956
0.0143225739
-0.0155124701
-0.0594146636
0.00214891951
0.00661956922
0.0507530468
-0.0590151858
0.0245666705
-0.00967619624
-0.0253614202
0.0602040229
0.0132094617
0.0523605422
0.0365466245
-0.0489497874
-0.0268772714
-0.00642058793
-0.00329947123
-0.0227584367
0.0189866587
-0.0534073832
-0.0534967509
-0.0447177271
0.0266313074
-0.0638979097
-0.00581984845
0.0134101089
0.0640783088
0.0104147463
-0.0395145312
0.013294635
-0.0593603514
0.0399440365
0.0467069778
-0.0341906829
0.0602396819
0.0489042578
0.00343531515
0.0037676191
-0.0539929241
0.0151167753
-0.0254573531
0.00587958187
0.00870426423
-0.0207986113
0.0624072001
0.0606774205
0.0159342579
0.0286939138
-0.0286721026
-0.00612584501
0.0116371768
0.0289954882
-0.0157429801
-0.00629114557
-0.0118659421
0.0609985954
-0.0473371466
-0.00915610282
-0.0426796932
-0.0226290582
-0.0535086878
0.0565369214
0.042558696
0.00639546424
-0.0439656043
0.0352444887
-0.0107195138
0.0617138995
-0.0426208134
0.0177017408
-0.0381268626
-0.03008381
-0.024809175
-0.0506590552
-0.0519528011
0.034995514
-0.0577366074
0.00406034123
0.0264489625
-0.031880931
0.0342996723
0.00911315218
0.0374736256
-0.00788035275
0.0553507608
0.0627863634
0.00587470809
-0.0210468273
-0.00169910402
-0.00367212382
0.0062632199
0.038599222
-0.021719058
-0.0557571226
0.0452456179
0.0271732485
-0.0215470754
-0.0280899523
-0.0513101888
-0.0614273455
0.0456199868
0.0383669676
0.040651652
0.00074044258
-0.0457622021
-0.0511328476
0.0253162724
0.0475679333
-0.0149710007
-0.0466246755
-0.021800133
0.0375437284
-0.0196967532
-0.0310346599
-0.019073352
-0.0578512969
0.0546846946
-0.0130269279
0.00760760341
0.00475070498
-0.00400254251
-0.035598247
0.0300089923
-0.0273537651
-0.0554009346
-0.0217314504
-0.0327570405
-0.0250703294
0.0582049609
-0.0105857938
-0.0324281333
-0.0597539586
-0.0558212598
0.0517051983
-0.0596573263
-0.051943858
0.0416846527
0.0351592331
-0.0333395336
0.0497055108
-0.0206317578
-0.0461568074
-0.0167392385
-0.0104623558
0.0639284096
-0.0367286225
-0.0638426432
-0.013082197
0.0595100385
0.051842398
-0.0427470433
-0.0462739537
0.00693897027
-0.021327648
-0.00554151614
0.0199474296
-0.0318938145
0.0483441958
-0.0295928339
-0.0266674879
0.0110568268
-0.058164009
-0.013614178
0.0500531432
-0.0524505268
0.0371190554
0.0427113538
-0.0491554288
0.0489222473
-0.0381652387
0.0151581593
0.0339046922
0.0566887709
0.0616062091
0.0055323457
-0.0302030273
0.000615834091
-0.00197985848
0.0170597819
0.0312179518
-0.0307586002
0.00569283046
0.0461967828
-0.0266513523
0.0417998371
-0.00961777889
-0.000785575101
-0.00158898293
-0.056515007
-0.0255350247
-0.0338746327
-0.0254938906
-0.032586011
-0.0515271127
0.0461824456
0.0340968398
0.0228643928
0.0520861391
0.017301913
-0.0407419508
-0.00232378928
0.0111640191
-0.0548438269
0.00607928367
-0.00437652806
0.0240599217
-0.00804181727
0.0578935485
0.0128087544
-0.0439553938
0.0602020655
-0.0148788801
-0.0165790145
0.0467215424
-0.0394620478
-0.0143658118
-0.00678585638
0.00374138403
0.0378331955
-0.0204778769
0.0482994673
-0.0422032695
-0.0303666449
-0.0362810038
0.013194807
-0.0152281508
0.00586084752
-0.013427118
0.043531297
0.0204002339
0.0532934178
0.0277808409
0.0523620782
-0.0403820936
1.85540149e-05
0.0608842258
0.063509571
-0.0256223182
0.0131905933
-0.0615102181
-0.0562763486
-0.0214409025
0.0263946037
0.0100130366
0.0142305073
0.0143162061
0.00920512603
0.00665943883
-0.0349444477
-0.0100000462
-0.0162966929
-0.047938213
-0.0406622215
0.0499549472
0.0273217863
-0.0140821803
-0.0353532677
0.00759006641
-0.0128584305
-0.00466160874
-0.0335767699
-0.0293306003
0.00563848764
0.0294815896
-0.00882484612
0.0159145655
0.0538026109
0.0542759256
-0.0219557887
-0.0592206693
0.0210749273
-0.0151914477
0.0519215685
0.0226351637
0.0382808305
-0.0554563293
-0.0503097038
-0.0161112365
-0.000685832043
-0.0474153797
-0.0240526242
-0.00567503829
-0.000665741728
-0.0624185297
-0.00245376134
-0.0512972919
0.0176945445
-0.0359191271
-0.0607463411
-0.0492440417
-0.0159758689
0.0341733709
0.0344558521
-0.0377703541
-0.0500206012
-0.0460669961
-0.0470301213
-0.0169821296
-0.00732373644
-0.00782433533
-0.0589221017
-0.0150653913
-0.0406714435
0.0126896148
0.0333570836
-0.0293012104
-0.0633099738
-0.0471774353
-0.0262076624
-0.0590321144
-0.0607902914
-0.0473104697
-0.0243610702
0.0541319455
-0.0554247667
0.0534489419
-0.0164091566
0.0409596877
0.0295150574
-0.0284048448
0.058789325
0.0450245468
-0.0334933604
-0.057771744
-0.0269109728
-0.0384895379
0.00311622917
-0.0598107929
0.0403102678
0.0430984763
0.0281551305
0.0387097503
0.00924063504
0.0110794851
-0.00129870781
-0.0131622254
-0.0481394001
0.0444484068
0.0405354375
0.0347194398
-0.0220170662
0.000186801885
-0.012634674
0.0202027885
0.0196642832
0.0308781068
0.034465642
-0.0393108075
-0.0482591989
-0.00891598292
0.0635261875
-0.0611086637
-0.0291792092
-0.0541789175
0.00620383934
0.0245092052
-0.0143853936
0.00579620629
-0.0252417879
-0.049327702
0.0254417826
0.048633613
0.0105889574
0.00465118206
0.0565732497
-0.0157715863
0.0428538421
-0.0239808894
0.00148889633
-0.0353538542
0.00481794103
-0.0392969526
0.0516018847
0.0221639765
0.0160954191
-0.0108122141
-0.052589212
0.0556873177
-0.0276688832
0.036088527
-0.0493967317
0.00874856945
-0.00148338419
0.0198717328
0.000732287377
-0.000126838778
-0.0172124437
0.00522677811
0.0567034702
0.0294208769
0.00279494975
0.0255279206
-0.0188481338
0.0643081607
-0.044960363
0.0255397516
0.0601846494
0.0631290763
0.00755161397
-0.00704576545
0.0386804613
0.000996064637
-0.0160611168
0.051794676
0.0103714822
-0.00961363353
-0.0374564226
-0.00129450913
0.0602123208
0.0425340265
-0.0501802245
-0.0208202766
-0.0629237936
0.0147952048
0.0171853598
0.0546535717
-0.0440516684
-0.0467270908
0.0356188516
0.0251124993
0.0172787273
-0.0434908005
-0.0319506622
-0.0566535771
-0.030551773
-0.00771401039
-0.0592416655
-0.041768621
-0.00413571777
-0.0429324148
-0.00304652448
0.0604529947
0.0310058593
-0.0284125551
0.0549542613
0.00793679325
0.0585025931
0.0204702934
-0.010888378
0.00836317223
-0.0528182334
0.0112609671
0.0369988787
0.0623144356
-0.0445194771
0.0461068445
-0.0454779232
0.00429928882
-0.0574775825
0.0157462183
-0.00334674794
-0.0454438511
-0.0235652941
-0.0502836608
0.0273025767
-0.0269390648
0.0269064547
-0.00109560345
0.0142915615
0.0252743577
0.0505805101
-0.0329705519
0.0364797567
0.0237351133
0.0456161762
0.0619831466
-0.0314514197
0.0273371164
0.0626075592
0.0127983345
-0.0289298573
0.0161046222
0.0241955546
-0.0219529023
0.0486833517
-0.0170156769
-0.0493376877
0.00234645174
-0.0262464848
0.0370563617
-0.014741173
-0.0302743613
0.0413986498
-0.040050277
-0.01783248
-0.0436311964
0.0103670344
-0.0358854984
0.058932894
0.058015443
0.0147750905
0.00356796377
0.0273965477
-0.00219392084
0.025052677
0.0339551691
-0.0344430123
-0.00191757884
-0.0576669791
0.0392487675
-0.0578032675
0.034343835
0.0624387146
-0.0206860592
-0.0132706381
0.0246414351
0.0315215386
0.0641213305
0.0430390302
-0.0352835571
0.025092202
0.0299402878
-0.0287716823
-0.0510137566
0.0353809971
0.0598318219
0.0436785969
0.0392450311
0.0132295758
0.00875605286
0.0497527636
-0.0150796505
-0.000702496587
-0.0553329085
-0.0494596472
0.0379562492
0.034557128
-0.0516409312
0.064189999
-0.045050035
0.00970829774
0.0210004296
-0.0356777669
0.0243047206
0.0618261837
0.0220133974
-0.0237792274
-0.0617743173
-0.0350061333
-0.0441810527
0.0488568351
-0.0375168986
-0.00797970564
-0.0242514819
-0.0290120462
-0.0378252626
-0.0463091017
-0.0195585829
0.0549767797
-0.040719233
-0.0296795802
-0.0132438215
-0.0367902964
-0.00813181976
0.0416663539
-0.0458934132
0.0420176165
-0.0614788701
-0.00585812792
-0.0146920668
-0.0616237971
0.0271043446
-0.0494391456
0.00294624097
-0.0522130354
-0.0293745094
0.0477766694
-0.0239905002
0.010211591
-0.0245061846
0.0349150787
-0.00690393254
-0.0179158981
-0.0314574335
-0.00243755052
0.0547736305
-0.0207487904
0.0515735769
0.00204200576
-0.00471932216
-0.0620865217
0.0382573901
-0.0184361657
0.00929598925
-0.0334807769
-0.0530287324
-0.0144036504
0.0142132319
-0.0248738319
-0.033615531
-0.0546040279
-0.053028711
0.0452158674
-0.0597852003
0.0115753535
-0.0630576888
0.0218782553
0.0334225607
0.037718469
0.0128523976
0.0268729473
-0.0252687052
0.0167812704
0.0442233018
0.0520011319
0.0367014011
0.0550398476
-0.00974147333
-0.0380783017
-0.0252741985
-0.00172223514
0.0155052133
-0.00291294956
-0.0523086873
0.0618836151
0.00412245828
0.019737616
-0.0427356715
0.0521638854
-0.0213427241
-0.00663504436
-0.0119395312
0.0400074616
0.00514822627
0.0160934765
0.0233394344
-0.0442702473
0.0258714985
-0.0115418395
0.0182596621
0.0251164876
-0.0488487715
-0.0122946238
0.0294838238
0.0221099147
0.0304578369
0.0457489484
-0.0220672546
-0.0623196327
0.0578962381
-0.0128899797
0.0514379687
-0.052953852
-0.0348146389
0.0510708288
-0.0316435959
-0.0028741166
0.0207854788
-0.0191946954
0.0571969545
0.0143495337
0.0084950446
0.0216748219
-0.0188287511
-0.05697128
-0.0333833525
0.0223368386
0.0203688242
0.0497905474
-0.00142359948
-0.00718437472
0.0494684165
-0.0322205546
-0.0578596649
-0.055213902
-0.0227421481
-0.0529661307
-0.0313882102
-0.0444948257
0.0612519123
0.0337778953
0.0346092743
-0.0395313718
-0.0323807759
-0.0586973327
-0.0145131699
-0.0326615215
0.00808251022
-0.0188177445
0.0335882146
-0.0497436409
-0.0207587986
-0.0016205535
0.0498400165
0.0204369992
-0.00395885286
-0.00779215171
0.0151208638
0.0151092298
0.0337318359
0.0318744342
0.0182213902
0.055461078
0.00183501865
-0.027652886
-0.0334779624
-0.00352380029
0.0520159569
0.0303839711
0.042230821
-0.039927638
0.0186929293
-0.0513946122
-0.0198742867
0.0318970779
-0.0619218176
-0.0431027141
-0.0404609494
0.0550528813
0.061296383
-0.0510882511
0.028817968
0.0238939248
0.0124673494
-0.05233128
-0.0183864064
-0.00132311999
0.0587389638
-0.0208998075
0.037786478
-0.010845511
-0.0616522452
-0.0237955169
0.0619335307
0.029352311
-0.0264526954
-0.0404741693
0.0227206258
-0.0169558098
0.0590490663
-0.00628583146
0.00894924727
0.00736779557
0.049988347
0.00320294002
-0.0637413259
0.00101521255
0.0557787553
0.0378467031
-0.0349896066
0.0640325676
-0.0506653485
0.019626083
-0.0620956815
0.00225146795
-0.063995183
0.0109468195
-0.00635702563
0.0188131567
0.0372923538
-0.0128586481
0.0289191017
-0.0234761931
-0.0386916051
0.056271424
-0.00117984571
0.00761776177
0.038135289
0.00568222245
0.0139148751
-0.0274494413
-0.0235279293
0.0143717064
0.0489490854
-0.0542897034
0.0386934367
0.0356706304
0.00958507668
0.0169194503
0.0163411309
-0.00514098246
-0.0199003221
-0.0358566576
0.022763406
0.0514380248
0.0570191471
0.0201251827
-0.0357059918
0.00422201253
-0.038107703
0.0172137982
-0.0314594058
-0.00775120761
-0.0154767176
-0.0524977829
0.0386171247
-0.0623515141
0.0429246541
0.0245233443
-0.0613536449
0.0558227291
0.0123493284
-0.0344659543
-0.00867140741
-0.0613808668
-0.0269388205
0.0568320086
0.0461551849
-0.0522350752
0.0332496761
-0.0589308474
-0.0236788951
-0.000676785568
0.0420776486
0.0531004939
-0.0488916218
0.042590991
-0.045164652
-0.0353004049
0.0409658379
0.057940263
-0.00921240052
0.00552526731
-0.0343860331
0.0584224994
0.0549834035
-0.00635633253
-0.0619972837
0.0136826263
0.0291785471
0.0377718131
0.0515613988
-0.0609996813
-0.0604842436
-0.00374040169
-0.043538338
-0.0269690405
0.0357045134
-0.0454370186
0.0314950532
0.0187991705
-0.0405034442
-0.0580869758
0.0203719097
0.0358188048
-0.0481771223
-0.019064396
-0.0284092238
-0.028733298
-0.0216350321
0.00574062454
0.035820127
0.0512374148
-0.0149244186
-0.0435258093
0.0567038053
-0.0210710144
0.00721385631
0.0112661677
0.0490283383
0.0613505644
-0.00366523124
0.0079006126
0.0257905255
-0.0601005375
-0.014177872
0.0128622815
0.0498889787
0.000301468627
-0.0162474067
-0.0185212491
-0.0547669544
0.00539984063
0.0421516322
-0.045568978
0.00415310842
-0.0554664042
-0.0619675277
-0.0510099439
0.0268640301
0.0443655702
0.0313892618
-0.0134514283
0.00510189821
0.0249337875
0.025117255
0.0522099686
0.0237948041
-0.035874213
0.0542469984
0.062966966
-0.00950619028
0.0444923599
-0.025217495
-0.0248826712
-0.0376835582
0.0156342013
-0.0497850838
-0.0544121929
-0.0215472117
-0.0196262576
0.0573389116
-0.0331171525
0.0576018204
-0.0184958206
0.0309524741
0.0486734031
0.027140233
-0.0433567301
0.0554964524
0.010134311
0.0437346842
-0.0289133521
-0.0154140207
-0.00329185105
-0.0596820809
0.0298198474
0.0456707751
-0.0548788487
-0.0224257916
0.0498316281
0.00382621958
0.040037513
-0.0306939519
0.00221621496
-0.00504753567
-0.0148246514
0.0398448651
0.0576385583
0.0218830256
0.050029372
0.0133870261
0.0164268652
0.0408125867
0.035091331
0.0385393845
0.0516689188
-0.0541255758
0.0549609534
0.00871931731
-0.038218317
-0.0367360787
-0.00769766372
0.00363226954
-0.0532813982
-0.0076834519
0.0403512777
-0.0588131391
-0.0185130554
-0.0109879786
0.0448193368
-0.00387824285
-0.0305492277
-0.0372256964
-0.00236667944
-0.000914044255
0.0508947612
0.0329238965
-0.0561754261
0.0373848618
-0.0518450822
0.00218187957
0.00286051682
-0.0340305023
-0.0228539393
-0.0171475583
-0.021072997
-0.0223425222
0.0361294966
0.00228744154
-0.0225473631
0.00814666707
0.0155892444
0.0294455992
-0.0628233282
-0.0107534072
0.0183513799
-0.00317550207
-0.00395376206
0.0154514531
-0.0302766152
-0.030950136
0.0242132162
0.0628519758
-0.043152942
0.0295956099
-0.0306949747
-0.0472943668
-0.017185901
-0.0468292167
-0.05927229
-0.0346718356
-0.010237665
-0.0252189906
-0.0448221454
-0.0159813872
0.00474401717
-0.0527699227
-0.0156966875
-0.0631917035
-0.0155478363
0.0288380319
0.0453852409
0.0130886627
-0.0388830656
-0.0269438976
-0.00685509029
-0.0553134418
0.0474342878
-0.00362771038
0.00791087122
-0.00530644778
-0.0041257823
0.0628441706
-0.0508038024
0.00700834765
0.0222880346
-0.0347874427
-0.0634221161
-0.00136054255
-0.0498943582
-0.0124781133
-0.0256782039
-0.0437800928
0.0470951426
0.0463716611
-0.053390989
0.00855646214
0.0604191793
-0.0354955892
-0.0340039083
0.0445258573
-0.0129327417
0.0153256728
-0.0155464062
-0.04203419
0.0181462547
-0.04551916
-0.0329833395
-0.0438692086
-0.0313508736
-0.0578835817
-0.0117131309
0.047654086
0.00183186787
-0.0115984837
-0.0155228122
-0.00235664582
-0.0057087089
0.000732740022
-0.0437106264
0.00187038706
0.0533005742
0.0543331251
0.0450635801
0.023924953
0.00295009485
0.000869147248
-0.0139344238
-0.0386310265
-0.041263933
-0.0467453141
-0.0338717346
-0.0240186825
0.0313744052
0.0619314947
-0.0524753653
0.00586856539
-0.0180848592
0.0154180091
-0.041506148
0.0304719428
0.0538870715
0.0274667625
-0.00578751131
-0.039407604
0.0483499743
-0.00345802611
0.0559687766
-0.018647867
-0.0303812493
-0.0635415415
-0.0510427109
0.0235602281
0.0620341976
0.0170363183
-0.00936898375
0.0299043058
0.0330735281
-0.0265726495
0.0293596831
-0.000268974128
-0.0541140575
-0.0081685887
0.0437629083
0.0482078926
0.014438218
-0.0365793875
0.0262395597
-0.0239250958
-0.0489091493
0.0595166437
0.0436444106
-0.0098714967
-0.0285707658
0.0122904268
0.0389578779
0.0280044386
0.0618229209
-0.0578681824
-0.00276038482
-0.050698734
0.0542436526
0.0449199587
-0.022593226
-0.0162040385
-0.0042065479
0.0550608169
-0.029618527
-0.0424568985
-0.0431402656
0.0271611333
0.00744299799
-0.0132504629
-0.0202158224
0.0326484618
-0.0479090178
0.0255072986
0.00969163329
0.0301791784
0.0366804083
-0.0327015743
-0.0437409571
0.0185944169
-0.00168456596
-0.0290104391
-0.0475740866
0.0169571196
0.0279023757
0.0482420055
-0.0107644259
-0.0452826819
0.022054083
-0.0351653941
-0.0323348561
-0.00809063711
-0.0489618351
-0.0094712997
0.0259038228
0.0356008854
-0.0175233419
-0.0547725685
-0.0239084115
0.0412063612
0.0504208032
0.0168810805
-0.00528903412
-0.00308179526
0.0525416958
-0.0555991937
0.0169073884
-0.0396075107
0.0434278784
-0.0107038673
-0.0373724229
0.0443339928
-0.0414133063
0.00120669872
0.0346736114
-0.0163165249
0.0256979137
0.0399916916
-0.0146982207
0.00162653017
0.0185535406
-0.0397033653
0.0347499232
0.0323606835
0.0303976084
-0.0453709796
0.0365782249
0.0418067034
-0.0605098995
0.0571813961
0.0629407915
-0.0092074654
-0.0409599641
-0.036738655
-0.0200691807
-0.023404212
0.0603296208
0.00522408391
0.0430060908
0.0289698514
-0.0240253235
0.0447075326
0.0224903014
-0.0472923018
0.0505001425
-0.00680341325
-0.0554598976
0.0255234342
-0.00633583714
-0.0256539416
0.0525137895
0.0404659573
-0.0605473973
-0.0128960948
-0.00460665589
0.00563594637
0.0321478932
-0.0558659573
0.00477621131
0.0355669181
0.0627077854
0.0213025971
0.0311144616
-0.0485547487
-0.0534977052
-0.0213415493
0.0197550214
0.0477006099
0.0623881671
-0.0289172294
0.00412169858
-0.00195434538
-0.0520415043
0.0418335078
0.0407231919
-0.0197508007
-0.0360434606
0.0528257913
0.058874615
0.0545408971
0.0392903616
-0.0431542057
-0.0139176813
-0.0285434544
-0.0504404009
0.058986011
0.0445382651
0.0180053891
-0.00937876188
0.0233438219
0.00331278263
0.013489981
0.0280599851
0.00818911709
-0.0430006844
-0.0316433672
0.0395154604
0.0594095075
0.0192576624
-0.00967085827
-0.0491225893
-0.0246068475
0.00561215921
-0.0317513416
-0.00775870793
0.00276068817
0.00318751347
-0.00926452042
-0.0473627959
0.0354101608
-0.0354940744
-0.0550882241
0.0281448359
0.0053556003
0.0347443023
0.0464310836
0.0499925799
-0.010827501
0.0438199005
-0.0236170172
-0.002858938
-0.00445382554
0.00677947931
-0.0543929079
0.0394137491
0.0611203972
0.0637425315
-0.0286619799
0.0532398078
0.0404548202
0.0154140892
-0.0527277091
0.000845401756
-0.0218911253
-0.0123320402
-0.0369078977
-0.0022925928
0.0411095594
0.0097392587
0.0581539595
0.0534571482
0.0558444483
0.020027381
-0.0551039956
0.044183033
-0.0341988254
-0.0559267174
-0.020403392
-0.00476102047
0.0239777997
0.0428059261
0.032675977
-0.0400288128
0.0403304463
-0.0556704812
0.018272983
-0.0632587386
0.0621119684
-0.00290045835
-0.0290214945
0.00848888722
-0.0211943612
0.0270394251
-0.0455422817
0.0589244434
0.0438809765
0.0447068917
-0.04567331
-0.0333513943
-0.0235726569
-0.0591993009
0.0381297212
0.0288232123
-0.0250904542
0.0539468411
-0.057885477
0.0388398912
-0.0370817688
0.0112748378
0.0153624198
-0.0266625862
0.0471626374
-0.0541966611
-0.0273485216
-0.0553062612
0.0383209642
0.00472336843
-0.00517413754
-0.0383717091
-0.000217916565
-0.0342663376
0.031860124
-0.0266207015
0.0624684223
0.0244539449
0.0396400451
0.0430972941
0.0308352169
-0.0602450875
-0.0354470806
0.0171549735
0.0275439773
0.0553389477
0.0424597284
0.0480634772
-0.00781241782
-0.0638787533
0.00623933501
0.0557540747
0.00783015754
0.0591805493
-0.0345815136
0.00744541506
0.00701889873
-0.0483359597
0.0433726392
0.0467392764
4.70617011e-05
-0.0176830552
0.0248607941
0.0545620408
-0.0122177559
0.0628493151
-0.0273331535
0.00427201769
-0.0410816249
-0.0134802582
0.0568520411
-0.0103416482
-0.0397492971
-0.034292617
-0.0404476946
0.0177637628
-0.0534816158
0.0523905615
0.0617635953
0.0190505675
-0.000270635861
-0.0579285617
-0.034386471
0.0250262267
0.038093985
0.0446744497
-0.0221904587
0.0471395852
-0.0480651178
0.0521308079
-0.0388587938
-0.0368996655
-0.000643597452
-0.0375906959
-0.0554404219
-0.00293300937
0.0338819049
-0.0177027962
-0.0271468586
-0.015058478
-0.0402879362
0.0561507214
0.0487667159
0.0357799368
0.00854061439
0.0513572225
-0.0442529902
0.0355513566
-0.0312788193
-0.0129759415
-0.0623172657
0.0141410668
0.0280849778
-0.0471261056
0.0538865414
-0.0618691294
0.012372234
0.0350759464
-0.0466913494
-0.0514785114
0.0434886641
-0.0423448766
-0.00413614431
-0.0208825836
0.0241166552
-0.0592707077
0.0548058974
0.0473924173
0.0190922135
0.0387634889
0.036790055
0.0262839713
0.0103786896
0.0431109554
-0.0604006988
-0.00736587595
0.0516544663
-0.0104511196
-0.00579807475
-0.0357485129
-0.0423167852
0.0372895203
0.02888145
0.0626322349
-0.052765292
0.00520923017
-0.0616428209
0.00504434374
-0.062422326
0.0247894895
0.0454876075
0.0532622671
-0.0584494451
0.000819911762
0.00947375202
-0.0402022285
-0.029522947
-0.0520626257
-0.00366247389
-0.0365873746
0.0256149193
0.055548844
-0.0127617329
0.0263416652
-0.0382257625
-0.0296158494
0.0456411725
-0.0289884841
-0.0509690753
-0.0546329764
-0.0626720176
0.0232421242
0.0229851753
0.0621484585
-0.0473841931
-0.0476745603
-0.0365978134
0.00731348416
-0.0113877697
-0.0415329705
-0.0199805232
0.0570009415
-0.0384058906
-0.0359909862
-0.00518322099
-0.0360837738
0.0579514195
-0.0379542163
-0.0366900059
-0.0264184187
0.0148734461
-0.025502116
-0.0319201097
0.0341734414
0.0106249101
0.00797194003
0.0508034002
0.055675656
-0.0354007007
-0.0290053382
0.027040963
-0.0411882672
-0.00915152355
0.0260999689
0.000912073785
0.0189580847
-0.0347720233
0.0557486363
-0.0437336189
0.0209643892
0.0430031721
0.0116523467
0.0602413258
-0.0201091812
-0.0610365364
0.0192642987
-0.010831151
-0.0177025756
-0.0436434551
0.0434849774
-0.0283564002
-0.0565103419
-0.0188629132
-0.0519542716
-0.0346490544
-0.0543482725
-0.0518131284
-0.0216220185
0.0464482699
-0.0640039128
-0.0098947888
-0.0316245821
0.0424005265
0.04454067
-0.022686369
-0.0260166235
-0.0289713883
0.0440373291
-0.0279660262
-0.0183827773
-0.0197793433
0.00131244944
-0.0426438197
0.0372446597
-0.0451017589
0.0150692351
0.0186586837
0.0445720904
-0.0380952231
-0.0131485669
-0.0273081053
-0.000152815404
-0.0357833894
-0.039655681
-0.00558449965
-0.0593463823
-0.0234533332
-0.0464331306
-0.0159472974
-0.043948004
-0.0298396574
0.0165013299
-0.0301664944
-0.0457998768
0.022245508
-0.0281690857
0.0598947582
0.0239460645
-0.0101252619
0.0108878338
0.021208551
-0.0249101629
-0.0128546881
-0.0516937277
-0.0159996624
0.0248307804
-0.0438133929
0.00110641158
-0.0486810982
-0.0356599598
-0.0238181896
-0.0259661035
0.0107794185
0.00995265672
0.0214107455
0.0394872259
0.0374871353
0.0388309819
0.00679192867
0.0593369271
-0.0592111574
-0.0302983139
0.0222757236
-0.0361249849
0.0604803307
-0.0614505067
-0.0442664517
0.0353285141
-0.0451853303
-0.0575993065
-0.0313599125
-0.0140763089
0.0478266452
0.0184296902
-0.0588806692
-0.0519203409
0.0515673973
0.0496871635
0.0560665731
0.0182281813
0.0138324001
-0.0351182956
0.00217616146
-0.0285260907
-0.0405147997
-0.00720893722
-0.0456676378
0.0246933211
0.0393750266
0.010206689
0.0617232414
-0.00470844177
0.0160427556
0.0333533007
0.0172291424
0.0552751132
0.0510450028
-0.0642555021
-0.0421610756
0.0194730535
0.0475700429
0.0411705548
0.0189236651
-0.0585701306
-0.0137000082
-0.060972054
-0.02030455
0.0165449281
-0.0501860337
-0.018888678
0.00286426843
-0.0419608288
-0.0304188329
-0.0267281271
-0.0212042545
0.0059345826
0.0582981975
0.0234684924
-0.0314620041
-0.0405192793
0.0034202041
0.0157212566
-0.0186028521
-0.0436482312
0.0232830881
0.0461349472
0.036862343
0.0248505299
0.0190888399
-0.038655888
-0.00249546294
-0.0297487095
-0.0624387412
-0.0343071193
-0.0456254273
0.0123098608
-0.0626119725
-0.0215082259
-0.0508140593
0.0263945775
0.0256849339
-0.0407818249
-0.0131512418
-0.040178308
-0.000902081299
0.00399213393
0.0134559711
0.050395775
-0.00876029564
-0.0316580957
0.0174940398
0.0572420959
0.0379798748
-0.0225144065
0.0274337906
0.0142263556
-0.0575631434
-0.0472338809
-0.0196007419
0.0249577607
0.0506470384
0.0617321496
0.0334109119
-0.0528768124
-0.0285580895
-0.0573474066
0.0618194475
-0.0237961154
-0.0367695339
-0.0568068407
-0.0478656023
-0.0513165986
0.0260678919
-0.029700036
-0.004662582
0.031937731
-0.0526728624
0.000165393208
-0.0110612186
-0.0438217506
-0.0359557415
0.0401091268
-0.0631510351
0.0423398922
0.0519699909
0.0355637238
0.0188751981
-0.0400169436
0.0566147088
0.0446169884
0.0317661354
-0.0640866023
0.063746041
0.039588731
0.0290561493
0.00714228111
0.0510915694
-0.0585048404
0.0472807233
0.052386417
0.0505368891
-0.0178561839
0.00855634759
0.0445707721
0.0603194607
0.00901721555
0.0229849392
-0.0468639321
-0.0421622951
0.0309003401
0.0310100003
-0.0312904747
-0.0214437815
-0.0596079671
-0.0328785053
0.00752996852
-0.0271065958
-0.027581467
0.0608302669
0.0457737875
-0.0388080647
0.0263405682
0.0522753519
-0.0212276074
0.0270455532
0.0600284176
-0.0038898251
0.000559156953
-0.0345618464
0.00633686753
0.00395221155
-0.0510735027
-0.0502121479
0.013215708
-0.0240288005
-0.0359483018
0.0292189635
-0.0103334402
0.0127890222
-0.0241156403
-0.0345317278
-0.0186917128
0.0533581134
0.0623892292
0.0508739366
-0.0123554285
-0.0131141672
0.0560580071
-0.0599462706
-0.0540359588
-0.0201393852
0.0421323255
0.0122032783
0.0474557698
0.006672981
-0.0431341584
0.0500054758
0.0440858048
-0.00548789609
0.0319344677
0.0412666633
0.0623664723
0.0350981693
-0.035403369
-0.0138909851
-0.0569962933
0.0361705201
0.00234523233
0.00934826992
-0.0305028725
0.0637974757
0.0474269424
-0.00453626683
-0.00589541352
0.00934872477
-0.0498976561
0.0400026688
0.0395392156
0.00251053711
-0.0301488451
-0.0114112112
-0.0275762619
-0.0140295868
0.0583059393
0.0619109953
-0.0533174516
-0.0354898698
-0.00770372464
-0.0346005739
-0.0229306795
-0.0078980672
0.00972929897
-0.00362287474
-0.00213107712
-0.0291346458
0.0308196823
-0.00545423715
0.0249488791
-0.000750955181
-0.0372323751
-0.0521647
-0.0234463753
0.0522155763
0.0403826052
0.05934384
0.0605983242
-0.00671580607
0.00494612218
-0.030677107
-0.0368322965
0.039641652
0.0492456878
-0.061424047
0.0363976963
-0.00132588336
0.0551419994
-0.0560976976
-0.0391441202
-0.0283511557
-0.0537536148
-0.019451558
-0.0261847749
-0.036754153
0.0289802178
0.0108486951
0.0632648391
-0.00186611509
-0.0193227064
0.0237172437
0.00353811705
-0.0484945896
-0.0362739096
0.0319952257
0.0563327347
-0.0560673271
0.0177307318
0.0374776249
-0.0544332911
-0.00484267141
0.0248052131
-0.00561543935
0.0549449957
-0.0631727372
0.00688957541
-0.0510346986
0.0430675963
-0.00783537951
0.0356515661
0.0436187799
-0.0576255426
-0.0621030657
-0.0127473207
0.0322025334
-0.0366631584
-0.0463090445
0.0613597381
0.0134477342
-0.0451691876
0.0205778358
-0.0366781793
0.0226284502
-0.0501753179
-0.055196576
0.0112924104
-0.0280942827
-0.0211868007
-0.0495916167
0.0567985141
-0.033933154
0.0446927108
-0.0479271833
-0.0507654828
-0.0304577153
-0.0216190101
-0.0618484518
0.0554456055
0.00735661691
-0.0371442681
0.0640167534
0.0264927906
0.0572926977
0.0357219891
0.0571160505
-0.0298249061
-0.0273793511
-0.0459756868
0.00894573965
0.033927051
-0.0602144876
-0.0451473179
0.0211867159
0.0196793015
0.0391053828
0.0622252097
-0.00466059813
-0.0129457413
0.0299918433
-0.0530161065
-0.0555273296
0.0553529297
-0.00792643916
0.0255001406
-0.0468180582
-0.051674821
-0.0397022237
-0.026272792
-0.052095615
0.0245824072
-0.0416140754
0.0643336423
-0.0289051373
0.0279062122
0.0581158888
0.00267793347
-0.0334442572
-0.00821489966
0.00984525332
-0.015955832
0.017980414
0.00472622472
-0.00514195627
0.0367146908
0.0151368655
0.040779742
-0.0119771261
-0.00844498708
0.0514584549
0.0494467072
0.00347883208
-0.0159794215
-0.0534568824
0.00357545812
0.0234799861
0.0569679165
-0.00463162258
0.0239318055
0.00961238325
-0.00152194591
-0.0420855013
-0.0527881406
-0.0243547377
-0.0185898618
0.031223274
-0.0155634568
-0.0418091414
-0.0480842918
-0.0333965289
0.0633070577
0.00590042208
-0.0264378307
-0.0334491231
0.00315504892
-0.0471734355
0.0511311025
-0.0118011382
-0.0583232547
0.0502591516
-0.0248428
0.0270853633
-0.0180989854
0.0394323208
-0.0126031158
-0.022186313
0.0161902567
0.0447734886
0.0589820628
0.0268783125
-0.0584650115
0.0346871142
-0.0143303758
0.0101102849
0.0324346016
0.00580907755
-0.0533729367
0.0408293229
0.0611414985
0.0364535683
-0.0176993177
0.0182534264
-0.000813417241
-0.0148568561
-0.0217768148
-0.0397166826
0.0530370918
0.0322430528
0.0630717034
-0.0237502837
-0.0453321826
0.0187505536
-0.0283639141
-0.00295593039
0.0126349669
-0.0265928887
-0.0468045847
-0.000619442154
-0.0473684159
-0.0206341707
-0.0244415961
0.0435849139
-0.00037796842
0.0582742768
0.0488662851
0.0189688095
0.00777258086
-0.000109475138
-0.0636274335
0.0299132288
-0.0125432443
0.0275144883
-0.0580436206
0.0437177244
0.0414788141
-0.0546296048
0.028987843
0.0603468253
-0.0337648187
0.00121521985
-0.0162445566
-0.0460151674
0.0317073344
0.0173925728
0.0261162696
0.0446456442
-0.027932646
0.0362858323
-0.0600600069
0.0130311638
0.0380128849
-0.0202664842
0.013482916
0.0533302098
-0.0433932138
-0.0578838149
-0.025824699
0.0637535057
0.0295677261
-0.012101695
0.0548989617
-0.0415824131
-0.0166420698
0.0183249178
-0.0231689147
-0.0258562495
-0.0543961175
-0.0296645084
-0.0156485693
0.0522067212
-0.00829103026
0.0317954213
0.0350161773
-0.0573681932
-0.0287154436
-0.0252371547
-0.0326892984
-0.0442649224
-0.0220544516
0.0464600873
-0.0570181609
-0.00730219306
-0.0263255644
0.00397502284
0.0227725662
-0.0546656517
0.00149935428
0.0462952385
-0.0532642724
-0.0548461633
-0.0614521696
-0.0461663269
0.0495482791
-0.0424926742
-0.0248188823
-0.0220212963
-0.0557979596
-0.00367915091
-0.0605323814
0.0383435477
0.0499789995
-0.0334070934
0.037982081
0.0349488273
0.0150818393
-0.0565882482
-0.0630780094
0.0568710778
-0.0120429902
-0.0300881297
0.0144050916
-0.000377895516
-0.0295668361
-0.0440692542
-0.060404785
-0.0294853369
0.0286742796
0.00302428209
-0.000462376826
-0.0407414276
-0.0101942188
-0.0393221272
0.01627099
-0.0426217612
0.0592103469
0.0293281064
0.0581629729
-0.0506429553
0.0197881191
-0.0386077499
0.00673017911
-0.0425973239
-0.0484082557
0.0623176377
-0.0012663533
0.0496015208
0.0354468652
0.0314833822
0.0492825447
0.0207437777
0.0020830296
0.0608751285
0.0589255169
0.0148543516
0.00585636632
-0.008844656
-0.0402350253
0.000322638308
0.0212266188
-0.0447304468
0.0263066487
-0.00724716645
-0.0489350043
-0.0131297585
-0.00923764681
-0.0515391476
0.0585133858
-0.0498463235
-0.059749665
-0.0592688322
0.0365888195
0.0109999597
0.028524798
0.0375378172
-0.00269834992
0.0110126092
-0.0204280679
-0.0341109102
-0.00192371403
0.0174184886
0.0283443952
0.0431591017
-0.0256601703
0.0466613774
-0.0430760773
-0.0131632282
0.00616323433
0.0283235594
-0.0628961671
0.0474957963
-0.0130909465
0.0538129742
-0.0253788303
0.057135535
0.0084567708
-0.063526592
0.0228097162
0.0171743267
-0.00970150382
-0.0275212415
0.00389646741
0.037994053
-0.0442335031
0.0325143053
-0.0267940553
-0.00813571809
0.00602503051
0.0147797389
-0.0101407735
-0.00978961856
0.0276950477
-0.00779145941
0.0621220337
-0.0128436236
0.0167595669
-0.0240875175
-0.0109263301
-0.0640760122
0.0379599613
0.0374666765
-0.0423072478
0.0134969124
-0.0396953391
-0.0543886363
-0.028112453
-0.0512064993
-0.0437919997
0.0083490516
0.0199175014
-0.0101880189
0.0514422621
-0.000264713581
-0.0347544058
0.0408537201
-0.0479823864
-0.0112311671
0.00585982107
-0.0418654048
0.0101851809
0.0546347958
-0.0460993208
0.0465257771
-0.0290105785
-0.029371527
0.0635075717
-0.0252656682
-0.021681644
0.036312902
-0.0599047255
-0.0477891023
-0.0414571545
-0.0275281989
-0.054185876
-0.0497102019
-0.0080727701
-0.0280806301
-0.0358046112
0.0123466459
0.0317851403
-0.00260266732
0.0301657673
-0.0171309689
0.0015485572
-0.0244394379
0.000290415155
-0.0503036661
-0.0566699913
-0.0428985078
0.0568066654
-0.00929684181
0.0466510426
-0.0310926964
0.0143052609
-0.0257826535
-0.0232116216
0.0489964166
0.0205949977
-0.0519510094
-0.0488133006
0.00131584137
0.0162973162
-0.0447637784
0.0362208764
-0.0398722645
-0.00172235859
-0.0229974226
0.00576229825
-0.0461831027
-0.0477433656
-0.00350158752
-0.0626563508
-0.0433406657
-0.0124315237
-0.00597913805
0.0369436645
-0.0643100265
-0.0519618881
0.0635440807
0.0471623076
0.037446875
0.0383300202
-0.0505530773
-0.00825933038
-0.0126567967
-0.0478745671
-0.0180051697
-0.0548564843
0.0116481187
0.0510511767
0.0164948701
-0.0366157404
-0.0414844791
0.0418461374
-0.0582949565
-0.0267402241
-0.0318906325
-0.0349403473
-0.0108437356
0.0374748513
-0.00454609175
-0.033581707
-0.0117434246
-0.0386660675
0.0364742087
-0.00433787408
-0.0127414667
-0.000179223354
0.00452152491
-0.0418905462
0.0258293701
0.00636336562
0.05276814
0.0228762563
-0.0392002281
-0.0476870595
-0.0501016827
0.044781796
-0.0220312956
-0.0526629208
0.0167143381
0.0574685897
0.0633079843
-0.0549163367
0.0331608865
-0.00084862662
0.0457776484
0.0517019589
-0.0117857016
0.0130357334
0.0533387234
-0.0180304344
-0.0208686431
-0.0494667322
0.00112649567
0.0247083014
-0.0180311609
-0.053178512
-0.0157492601
-0.0534089975
0.0381715397
-0.0154622936
0.00463287435
-0.0288046934
-0.0200590119
-0.00090704888
0.0187373878
0.000707711825
0.0535072564
-0.0633436735
0.0602930545
0.0376427081
-0.0477978199
-0.0129799505
-0.00101430399
0.0389461314
0.0383231593
0.0340674076
0.0154803044
-0.0446250894
-0.0155297621
0.0295742998
0.0187944909
0.0616354142
-0.00108834484
-0.00255047701
0.0303505796
-0.0325725554
0.0303661683
-0.0405662299
-0.0438494668
-0.0331250574
0.0139771857
-0.00971105403
-0.0347406804
-0.0630713265
-0.0442684069
0.0167699841
-0.0528698086
-0.0181590087
-0.0485576797
0.0109581732
-0.0630128398
0.0626539137
0.0562378791
-0.02557351
0.0426471606
0.0203984082
-0.0551875043
-0.00025125233
-0.0203975875
0.0500311814
0.0210581374
-0.0413108252
0.0314485277
0.0612915908
-0.0149030932
-0.0638203834
-0.00758396065
-0.0582253024
0.0214199028
0.0416596616
-0.0115988289
-0.0480610113
0.0607659533
0.0287689227
-0.0611759051
0.0563288259
-0.0344672536
-0.0472000493
0.0373751814
0.0183670887
-0.0173462105
0.0353414698
0.061264469
-0.0507697549
-0.0166840163
0.0503430469
0.0249286702
0.00977305385
-0.0616055439
-0.0337606946
-0.0327381028
-0.056328093
0.0264037912
0.059614534
0.0153377795
-0.000966616063
-0.00182488965
0.0137114538
-0.0374774993
-0.0441684362
0.0360015477
0.0534547597
0.00677072378
0.0162948061
0.0178568615
-0.0106325559
-0.00750599991
-0.0103486725
0.0251017012
-0.00516666805
-0.0103453707
-0.00176670086
-0.0218996397
-0.0533449584
-0.00687767923
-0.0266793667
-0.00710803603
-0.0445808507
-0.0346331132
-0.0261418477
0.00280766271
-0.0141287873
-0.0158093305
0.0606885302
0.0325812649
-0.0520797389
-0.0563544128
-0.0133334394
0.0358906778
-0.0403678885
0.0175792014
-0.0433059732
0.0605311018
-0.013124295
0.00152013109
-0.0155178832
-0.0525850662
-0.0484561864
-0.00126695515
-0.0334134479
0.0285765761
0.0188753912
0.0174417044
-0.0348419856
0.0114640219
0.0323780584
0.0307848427
-0.0420043731
0.0634004434
0.0475470155
0.037772696
0.0239256093
-0.0523313533
-0.0173760052
-0.00312585711
0.0396748793
-0.0340966303
0.00946797501
-0.0540392209
-0.0409245084
-0.0380293254
0.0407511748
0.0625475299
0.0517748193
0.00719165438
0.0478674031
-0.0488865251
-0.0208193011
-0.0521214265
-0.0359882358
0.0063432302
0.0399952631
-0.0634406399
0.0562365014
0.0530947491
-0.0359136167
-0.00901686883
0.0291445784
-0.0320876604
-0.0286842913
0.00604077388
-0.0571742746
-0.0402645423
0.0326728148
-0.0203228236
-0.0181603467
-0.009201899
0.0315031422
0.0520739202
-0.0361773566
-0.0262080719
-0.019092156
0.00621566112
-0.033794997
-0.022055032
0.0476254593
0.0438457502
0.0278949481
0.0442767748
0.0289008458
-0.00869516653
-0.0307943528
0.0394796311
0.0429956724
0.0529703476
0.0613421359
-0.00366332981
-0.0225746106
-0.0358767215
0.0486291748
-0.0259793441
0.00581291117
-0.0106657556
-0.0266805187
-0.0168437457
0.0299788965
-0.00184198943
-0.0478748849
-0.0399625025
-0.000258807141
0.0639075875
-0.053422633
-0.0191167885
-0.028202456
-0.0464642984
0.0398575236
0.0460228457
-0.024666666
0.00695516158
-0.0333906257
-0.0403869366
0.061877136
0.0399452114
0.0629434673
0.027184932
-0.0355448775
0.0315567998
0.000912679881
0.0599026346
-0.0338709116
0.022642991
-0.0617565316
-0.0425260194
0.0520579424
0.0270805763
0.00310337359
-0.0253217161
0.00643365417
0.0333612469
0.0344273614
-0.0373446708
0.000169203641
0.0105561125
0.0261339634
-0.0382145421
-0.0544641393
0.0509644567
0.055250306
-0.0283037353
0.0522969869
0.0541854366
-0.0177013821
-0.0504886126
0.012547686
0.0147810812
-0.0298066558
0.00110081458
-0.0264502295
0.0347058749
-0.0543761924
0.0116253819
-0.0561744819
-0.0102410616
-0.00167386687
0.00314467181
-0.0515640755
-0.0443501661
-0.0562917356
0.0576766474
-0.0261682153
1.53943431e-05
0.0574830215
-0.060563876
-0.0112548951
-0.00108472795
0.0187045897
0.00235635004
0.0346960616
0.0640422094
0.0170047052
0.0447804059
0.0283008251
0.0150850484
0.008795596
-0.0142121955
0.0315042588
-0.00460608838
-0.0233284395
-0.0397228758
-0.0622963223
0.0565284864
-0.0481303759
0.052717595
0.0394999602
0.053531561
-0.00236680915
-0.0155257563
-0.03579237
0.00488197318
-0.0246056608
-0.0629951764
0.0230047388
-0.0167774364
0.000505771923
-0.0150293156
0.0160429194
-0.0561612145
-0.0362809248
-0.0135840353
-0.0176418741
-0.0137957921
0.00409439567
0.0576418521
-0.0335469529
0.00289153373
0.0632150188
0.0196113408
-0.0523643039
0.0377008046
0.00683523512
0.012292059
0.031532951
-0.0563716993
0.0122575059
0.0117972222
-0.0504938931
0.0486583507
0.0334771482
0.0590810317
-0.0331222427
0.0385251247
-0.0505880463
-0.0276728679
0.0362372431
-0.0322846169
0.0166963224
-0.0103130932
-0.00100534632
0.0327609074
0.0320929692
-0.00573631597
0.0175906355
-0.0642644241
-0.0243441131
-0.037592434
0.0577094952
-0.0217793797
0.0608490408
0.0513342471
0.0205264512
-0.0317034884
0.0145002648
0.00684293069
0.019016465
-0.0171636073
0.058317581
-0.0382399269
-0.0602219163
-0.000452555548
-0.0601268631
-0.0233118868
0.0627588734
-0.00317000441
0.0367247488
-0.0295548216
-0.0629908483
-0.0371849202
-0.050634259
0.0474357828
0.0527322489
-0.0105362334
-0.0223782022
-0.00974701229
-0.0413566541
0.058097496
-0.0535245506
-0.0461642149
-0.00636758593
0.0161603795
-0.03614554
-0.0563715666
-0.0408821133
0.000963620436
0.0503577878
-0.0423424144
-0.0213241915
-0.0193291808
0.0577566884
-0.0290259981
0.027285568
0.0146679645
0.00257477392
-0.044672351
-0.0208863976
-0.0267008003
0.0447680071
-0.0374896892
-0.0428141326
-0.0224819491
0.0561924086
-0.0210328964
0.0409311347
-0.013652597
0.0303649909
0.00898615249
0.0140472121
-0.0241475722
-0.0273231406
-0.0414094927
0.0036789195
-0.0366893905
0.0386052887
0.0634479846
-0.012438217
0.0252748802
-0.0335591162
-0.0386419612
-0.0332884823
-0.00582440889
0.00149471821
-0.0569739464
-0.00286219458
-0.0210333136
0.00336658275
-0.0282346842
0.0252626115
0.0453032718
0.00709918497
0.0640534252
-0.0321236126
-0.0244358986
-0.0183600139
0.035984277
-0.024136138
-0.0455616029
